Top-level running in PID 3824522 (name=__main__)
MID-level running in PID 3824522 (name=__main__)
E1_shared element:  0j
E1 element:  (-7.517729831990187e-10+9.838404890644257e-10j)
this thing psm_2a65ae82
ill try to just make an array with this now
testfreq element:  0.0
did it
starting: 10.0
some stuff:
tdelaylist (1+0j)
ESFGt (1.758619834530066e-27+2.6942266965158665e-27j)
ESFGw (1.1216483471188088e-13-4.156223976092832e-14j)
intensity 1.4308369919888446e-26
finishing 10.0
starting: 10.008
some stuff:
tdelaylist (1+0j)
ESFGt (2.3059281295004928e-27+2.2993055109369996e-27j)
ESFGw (1.102785397721906e-13-4.0847750529260374e-14j)
intensity 1.3829895057587312e-26
finishing 10.008
starting: 10.015999999999998
some stuff:
tdelaylist (1+0j)
ESFGt (2.6074456346018913e-27+2.0683225215825678e-27j)
ESFGw (1.0428116703486978e-13-3.864616959781131e-14j)
intensity 1.2368088222737206e-26
finishing 10.015999999999998
starting: 10.023999999999997
some stuff:
tdelaylist (1+0j)
ESFGt (2.6816633348856905e-27+2.0264356073913554e-27j)
ESFGw (9.476035407740557e-14-3.5100394812914715e-14j)
intensity 1.0211562420897765e-26
finishing 10.023999999999997
starting: 10.031999999999996
some stuff:
tdelaylist (1+0j)
ESFGt (2.4436801724762926e-27+2.1568376283762094e-27j)
ESFGw (8.228097023166292e-14-3.0490800856375344e-14j)
intensity 7.699846999126939e-27
finishing 10.031999999999996
starting: 10.039999999999996
some stuff:
tdelaylist (1+0j)
ESFGt (1.900911604339137e-27+2.4574122369211296e-27j)
ESFGw (6.777152623815841e-14-2.5115760166061207e-14j)
intensity 5.223781177368501e-27
finishing 10.039999999999996
starting: 10.047999999999995
some stuff:
tdelaylist (1+0j)
ESFGt (1.0992114863915513e-27+2.9600602390838163e-27j)
ESFGw (5.219826307301112e-14-1.9331324735416544e-14j)
intensity 3.0983587838654038e-27
finishing 10.047999999999995
starting: 10.055999999999994
some stuff:
tdelaylist (1+0j)
ESFGt (4.7709314693264643e-29+3.660054104094584e-27j)
ESFGw (3.6543251064058424e-14-1.3569007029090585e-14j)
intensity 1.5195271500863168e-27
finishing 10.055999999999994
starting: 10.063999999999993
some stuff:
tdelaylist (1+0j)
ESFGt (-1.264437892392962e-27+4.498446711144613e-27j)
ESFGw (2.1919098480704946e-14-8.128914208427318e-15j)
intensity 5.465261244148134e-28
finishing 10.063999999999993
starting: 10.071999999999992
some stuff:
tdelaylist (1+0j)
ESFGt (-2.7663488149966695e-27+5.4826065314676246e-27j)
ESFGw (9.180590315738257e-15-3.406996906818449e-15j)
intensity 9.589086646849756e-29
finishing 10.071999999999992
starting: 10.079999999999991
some stuff:
tdelaylist (1+0j)
ESFGt (-4.402365610757779e-27+6.600209652761181e-27j)
ESFGw (-8.417745667177456e-16+2.7755575615628914e-16j)
intensity 7.8562161894833784e-31
finishing 10.079999999999991
starting: 10.08799999999999
some stuff:
tdelaylist (1+0j)
ESFGt (-6.1576740889863246e-27+7.791047870523283e-27j)
ESFGw (-7.683957636839267e-15+2.8197930102003e-15j)
intensity 6.699443758511496e-29
finishing 10.08799999999999
starting: 10.09599999999999
some stuff:
tdelaylist (1+0j)
ESFGt (-8.007878998752572e-27+8.989327181560101e-27j)
ESFGw (-1.0867175215256708e-14+4.0332320816460765e-15j)
intensity 1.3436245818350884e-28
finishing 10.09599999999999
starting: 10.103999999999989
some stuff:
tdelaylist (1+0j)
ESFGt (-9.847699050508175e-27+1.0196975806995573e-26j)
ESFGw (-1.0455178389712216e-14+3.8614944575243726e-15j)
intensity 1.2422189460619678e-28
finishing 10.103999999999989
starting: 10.111999999999988
some stuff:
tdelaylist (1+0j)
ESFGt (-1.1631724335500529e-26+1.1357095941306619e-26j)
ESFGw (-6.591949208711867e-15+2.4598378889351125e-15j)
intensity 4.9504596810077765e-29
finishing 10.111999999999988
starting: 10.119999999999987
some stuff:
tdelaylist (1+0j)
ESFGt (-1.334580237871432e-26+1.2417864375669443e-26j)
ESFGw (3.0617869350990645e-16-1.3010426069826053e-16j)
intensity 1.1067251101127415e-31
finishing 10.119999999999987
starting: 10.127999999999986
some stuff:
tdelaylist (1+0j)
ESFGt (-1.4902771019581617e-26+1.3337679597645732e-26j)
ESFGw (9.520162436160717e-15-3.5344990823027445e-15j)
intensity 1.0312617657368448e-28
finishing 10.127999999999986
starting: 10.135999999999985
some stuff:
tdelaylist (1+0j)
ESFGt (-1.6231498313620486e-26+1.4137408164431057e-26j)
ESFGw (2.0228610453365548e-14-7.472321372770097e-15j)
intensity 4.650322675719666e-28
finishing 10.135999999999985
starting: 10.143999999999984
some stuff:
tdelaylist (1+0j)
ESFGt (-1.728946001654835e-26+1.4750372166531295e-26j)
ESFGw (3.140196436213216e-14-1.1623514650782596e-14j)
intensity 1.1211894586375758e-27
finishing 10.143999999999984
starting: 10.151999999999983
some stuff:
tdelaylist (1+0j)
ESFGt (-1.807916330998534e-26+1.5155993865524793e-26j)
ESFGw (4.211821863497889e-14-1.5596898772507473e-14j)
intensity 2.0172075923037283e-27
finishing 10.151999999999983
starting: 10.159999999999982
some stuff:
tdelaylist (1+0j)
ESFGt (-1.8533959704521872e-26+1.5348373808477317e-26j)
ESFGw (5.1361692676721304e-14-1.9030783893203562e-14j)
intensity 3.0001942102077837e-27
finishing 10.159999999999982
starting: 10.167999999999981
some stuff:
tdelaylist (1+0j)
ESFGt (-1.8635989824584093e-26+1.5336804374152456e-26j)
ESFGw (5.82207893007336e-14-2.1554806550749817e-14j)
intensity 3.854269992240664e-27
finishing 10.167999999999981
starting: 10.17599999999998
some stuff:
tdelaylist (1+0j)
ESFGt (-1.841555274612264e-26+1.5088415482971274e-26j)
ESFGw (6.199294549924517e-14-2.2956463119339077e-14j)
intensity 4.370124490621957e-27
finishing 10.17599999999998
starting: 10.18399999999998
some stuff:
tdelaylist (1+0j)
ESFGt (-1.7883419981658617e-26+1.4592256732108855e-26j)
ESFGw (6.215254005903503e-14-2.3028454143592114e-14j)
intensity 4.393247936033479e-27
finishing 10.18399999999998
starting: 10.191999999999979
some stuff:
tdelaylist (1+0j)
ESFGt (-1.7008822862363431e-26+1.391798962906702e-26j)
ESFGw (5.837171024314358e-14-2.1627664936740842e-14j)
intensity 3.875012447325442e-27
finishing 10.191999999999979
starting: 10.199999999999978
some stuff:
tdelaylist (1+0j)
ESFGt (-1.5844677601424774e-26+1.305943717936022e-26j)
ESFGw (5.069208941499426e-14-1.8767973286593076e-14j)
intensity 2.921924750544045e-27
finishing 10.199999999999978
starting: 10.207999999999977
some stuff:
tdelaylist (1+0j)
ESFGt (-1.4454532201343238e-26+1.202256016174509e-26j)
ESFGw (3.932314543431126e-14-1.4553462601707423e-14j)
intensity 1.7581130405472912e-27
finishing 10.207999999999977
starting: 10.215999999999976
some stuff:
tdelaylist (1+0j)
ESFGt (-1.2845171120487589e-26+1.086962886864887e-26j)
ESFGw (2.480437730212337e-14-9.189697613987136e-15j)
intensity 6.997076755826141e-28
finishing 10.215999999999976
starting: 10.223999999999975
some stuff:
tdelaylist (1+0j)
ESFGt (-1.105098128280537e-26+9.656006097299243e-27j)
ESFGw (7.817531344489481e-15-2.892651396191326e-15j)
intensity 6.948122842196314e-29
finishing 10.223999999999975
starting: 10.231999999999974
some stuff:
tdelaylist (1+0j)
ESFGt (-9.175663523997534e-27+8.380237099521981e-27j)
ESFGw (-1.0702376485038911e-14+3.963843142607004e-15j)
intensity 1.302529148867064e-28
finishing 10.231999999999974
starting: 10.239999999999974
some stuff:
tdelaylist (1+0j)
ESFGt (-7.274762038313769e-27+7.091001799457406e-27j)
ESFGw (-2.9768288528631004e-14+1.1027637136784563e-14j)
intensity 1.007759782744414e-27
finishing 10.239999999999974
starting: 10.247999999999973
some stuff:
tdelaylist (1+0j)
ESFGt (-5.365420909441947e-27+5.863567573595674e-27j)
ESFGw (-4.827908905991052e-14+1.7911019889460533e-14j)
intensity 2.6516750739354223e-27
finishing 10.247999999999973
starting: 10.255999999999972
some stuff:
tdelaylist (1+0j)
ESFGt (-3.5428991767654745e-27+4.713971437458274e-27j)
ESFGw (-6.526723606015139e-14+2.419418831944853e-14j)
intensity 4.845170851368467e-27
finishing 10.255999999999972
starting: 10.263999999999971
some stuff:
tdelaylist (1+0j)
ESFGt (-1.8704980619459616e-27+3.683438579029334e-27j)
ESFGw (-7.977256008540046e-14+2.95592543497758e-14j)
intensity 7.237410860293564e-27
finishing 10.263999999999971
starting: 10.27199999999997
some stuff:
tdelaylist (1+0j)
ESFGt (-3.847255622223205e-28+2.804936367442638e-27j)
ESFGw (-9.101725449711662e-14+3.372302437298913e-14j)
intensity 9.421382989054111e-27
finishing 10.27199999999997
starting: 10.27999999999997
some stuff:
tdelaylist (1+0j)
ESFGt (8.965608043007514e-28+2.148056844314324e-27j)
ESFGw (-9.845704980471215e-14+3.647559684849533e-14j)
intensity 1.1024259821701528e-26
finishing 10.27999999999997
starting: 10.287999999999968
some stuff:
tdelaylist (1+0j)
ESFGt (1.9014360132458184e-27+1.7003926581198245e-27j)
ESFGw (-1.0178555047424265e-13+3.771462309121176e-14j)
intensity 1.1782691080256761e-26
finishing 10.287999999999968
starting: 10.295999999999967
some stuff:
tdelaylist (1+0j)
ESFGt (2.5792803716682794e-27+1.4638669439481581e-27j)
ESFGw (-1.0093076548145508e-13+3.7391314003376586e-14j)
intensity 1.158512978357159e-26
finishing 10.295999999999967
starting: 10.303999999999967
some stuff:
tdelaylist (1+0j)
ESFGt (2.9605629775170415e-27+1.49062186192519e-27j)
ESFGw (-9.612948458082027e-14+3.564379694176445e-14j)
intensity 1.0511358066199896e-26
finishing 10.303999999999967
starting: 10.311999999999966
some stuff:
tdelaylist (1+0j)
ESFGt (3.0082358355225493e-27+1.7667158557048572e-27j)
ESFGw (-8.781842440741539e-14+3.2537124036724485e-14j)
intensity 8.770740105982125e-27
finishing 10.311999999999966
starting: 10.319999999999965
some stuff:
tdelaylist (1+0j)
ESFGt (2.6969063818379445e-27+2.2472528894383507e-27j)
ESFGw (-7.677203057304682e-14+2.844404399515721e-14j)
intensity 6.703008317107274e-27
finishing 10.319999999999965
starting: 10.327999999999964
some stuff:
tdelaylist (1+0j)
ESFGt (2.0590222767164114e-27+2.9455958512974707e-27j)
ESFGw (-6.377212126429388e-14+2.3629535828018078e-14j)
intensity 4.625238413995394e-27
finishing 10.327999999999964
starting: 10.335999999999963
some stuff:
tdelaylist (1+0j)
ESFGt (1.1470922635808833e-27+3.8759714882153746e-27j)
ESFGw (-4.9848580124800534e-14+1.8458325146131216e-14j)
intensity 2.825590707658959e-27
finishing 10.335999999999963
starting: 10.343999999999962
some stuff:
tdelaylist (1+0j)
ESFGt (-2.2652633028707456e-29+4.970658004835695e-27j)
ESFGw (-3.607617676815167e-14+1.337038119109124e-14j)
intensity 1.480257623402013e-27
finishing 10.343999999999962
starting: 10.351999999999961
some stuff:
tdelaylist (1+0j)
ESFGt (-1.4250820273172403e-27+6.202683897077728e-27j)
ESFGw (-2.3318803485383732e-14+8.651499655565331e-15j)
intensity 6.186150422801915e-28
finishing 10.351999999999961
starting: 10.35999999999996
some stuff:
tdelaylist (1+0j)
ESFGt (-2.9677455098066675e-27+7.568749131753856e-27j)
ESFGw (-1.260970494687541e-14+4.676380810364478e-15j)
intensity 1.8087319633079936e-28
finishing 10.35999999999996
starting: 10.36799999999996
some stuff:
tdelaylist (1+0j)
ESFGt (-4.600583791036487e-27+9.032503158278911e-27j)
ESFGw (-4.566659550508945e-15+1.7078352620991666e-15j)
intensity 2.3771080732723888e-29
finishing 10.36799999999996
starting: 10.375999999999959
some stuff:
tdelaylist (1+0j)
ESFGt (-6.3043669337189985e-27+1.0504650383740024e-26j)
ESFGw (1.3877787807814457e-16-6.331740687315346e-17j)
intensity 2.3268393457012822e-32
finishing 10.375999999999959
starting: 10.383999999999958
some stuff:
tdelaylist (1+0j)
ESFGt (-8.011405880532723e-27+1.197202531429002e-26j)
ESFGw (1.3201245652183502e-15-4.978656376053436e-16j)
intensity 1.9905990608011135e-30
finishing 10.383999999999958
starting: 10.391999999999957
some stuff:
tdelaylist (1+0j)
ESFGt (-9.627735645488747e-27+1.3406578725779067e-26j)
ESFGw (-1.1058862159352145e-15+3.894454203567932e-16j)
intensity 1.3746520580323873e-30
finishing 10.391999999999957
starting: 10.399999999999956
some stuff:
tdelaylist (1+0j)
ESFGt (-1.1143423387839007e-26+1.4736370535464978e-26j)
ESFGw (-6.8595303048812895e-15+2.5457067009959644e-15j)
intensity 5.353377861108055e-29
finishing 10.399999999999956
MID-level running in PID 3824522 (name=__main__)
E1_shared element:  0j
E1 element:  (3.040848814903593e-12-3.979539371706424e-12j)
this thing psm_c358b50c
ill try to just make an array with this now
testfreq element:  0.0
did it
starting: 10.0
some stuff:
tdelaylist (1+0j)
ESFGt (5.516832938558257e-28-8.236697477572224e-28j)
ESFGw (3.1740452280382137e-13+1.2765049434149134e-13j)
intensity 1.1704027980194865e-25
finishing 10.0
starting: 10.008
some stuff:
tdelaylist (1+0j)
ESFGt (5.060086013331564e-28-7.3471460133015845e-28j)
ESFGw (8.274674348496269e-14-1.2237520025104587e-13j)
intensity 2.182271319384979e-26
finishing 10.008
starting: 10.015999999999998
some stuff:
tdelaylist (1+0j)
ESFGt (4.53031874824761e-28-6.36851894997987e-28j)
ESFGw (-5.697395680237527e-14-5.374242717515187e-13j)
intensity 2.920708796213692e-25
finishing 10.015999999999998
starting: 10.023999999999997
some stuff:
tdelaylist (1+0j)
ESFGt (3.903483925597048e-28-5.3270728215581225e-28j)
ESFGw (-9.477488238651688e-14-1.0996134558460824e-12j)
intensity 1.2181320306091425e-24
finishing 10.023999999999997
starting: 10.031999999999996
some stuff:
tdelaylist (1+0j)
ESFGt (3.283224908622952e-28-4.208473307618459e-28j)
ESFGw (-3.114392424508061e-14-1.7809798774637287e-12j)
intensity 3.172859267948102e-24
finishing 10.031999999999996
starting: 10.039999999999996
some stuff:
tdelaylist (1+0j)
ESFGt (2.608053479909515e-28-3.060914002640638e-28j)
ESFGw (1.2593051601506033e-13-2.544926075431775e-12j)
intensity 6.492507224276395e-24
finishing 10.039999999999996
starting: 10.047999999999995
some stuff:
tdelaylist (1+0j)
ESFGt (1.8699520457604002e-28-1.887454329096121e-28j)
ESFGw (3.6158055716217774e-13-3.3481637601306957e-12j)
intensity 1.134094106397023e-23
finishing 10.047999999999995
starting: 10.055999999999994
some stuff:
tdelaylist (1+0j)
ESFGt (1.1511776152979854e-28-6.728127875435685e-29j)
ESFGw (6.551816381095144e-13-4.14307824159188e-12j)
intensity 1.7594360294867933e-23
finishing 10.055999999999994
starting: 10.063999999999993
some stuff:
tdelaylist (1+0j)
ESFGt (4.149426541187954e-29+5.202238190647407e-29j)
ESFGw (9.819402235766717e-13-4.880313167476835e-12j)
intensity 2.478166321532559e-23
finishing 10.063999999999993
starting: 10.071999999999992
some stuff:
tdelaylist (1+0j)
ESFGt (-2.97353943419317e-29+1.7115853166006705e-28j)
ESFGw (1.3142976290625441e-12-5.511546080638752e-12j)
intensity 3.2104518456763816e-23
finishing 10.071999999999992
starting: 10.079999999999991
some stuff:
tdelaylist (1+0j)
ESFGt (-1.0066004453283451e-28+2.853862738017309e-28j)
ESFGw (1.6243863892873023e-12-5.992321222558772e-12j)
intensity 3.854654477603009e-23
finishing 10.079999999999991
starting: 10.08799999999999
some stuff:
tdelaylist (1+0j)
ESFGt (-1.6722893115769756e-28+3.974824233881786e-28j)
ESFGw (1.8854796196565715e-12-6.284486819829738e-12j)
intensity 4.3049807984753973e-23
finishing 10.08799999999999
starting: 10.09599999999999
some stuff:
tdelaylist (1+0j)
ESFGt (-2.3072208151837983e-28+5.0519969683866065e-28j)
ESFGw (2.074299065846219e-12-6.3585421650191876e-12j)
intensity 4.4733775078897394e-23
finishing 10.09599999999999
starting: 10.103999999999989
some stuff:
tdelaylist (1+0j)
ESFGt (-2.917761371486765e-28+6.052225762254964e-28j)
ESFGw (2.1723352283675723e-12-6.1954191776791845e-12j)
intensity 4.3102259131561803e-23
finishing 10.103999999999989
starting: 10.111999999999988
some stuff:
tdelaylist (1+0j)
ESFGt (-3.492255154661314e-28+6.975284044122911e-28j)
ESFGw (2.167200446878681e-12-5.787675894097788e-12j)
intensity 3.819395003207179e-23
finishing 10.111999999999988
starting: 10.119999999999987
some stuff:
tdelaylist (1+0j)
ESFGt (-4.044191505931719e-28+7.846844629420318e-28j)
ESFGw (2.0536333050769073e-12-5.14023545949982e-12j)
intensity 3.0639430330820434e-23
finishing 10.119999999999987
starting: 10.127999999999986
some stuff:
tdelaylist (1+0j)
ESFGt (-4.506912846401834e-28+8.608256188016295e-28j)
ESFGw (1.8337952684133185e-12-4.270243880721836e-12j)
intensity 2.1597787887297358e-23
finishing 10.127999999999986
starting: 10.135999999999985
some stuff:
tdelaylist (1+0j)
ESFGt (-4.954614588982565e-28+9.283913594306226e-28j)
ESFGw (1.5169740463782944e-12-3.2063657284808755e-12j)
intensity 1.2581991442162034e-23
finishing 10.135999999999985
starting: 10.143999999999984
some stuff:
tdelaylist (1+0j)
ESFGt (-5.324915102935663e-28+9.858553116210786e-28j)
ESFGw (1.1191967491663846e-12-1.9874796253205318e-12j)
intensity 5.202676624408846e-24
finishing 10.143999999999984
starting: 10.151999999999983
some stuff:
tdelaylist (1+0j)
ESFGt (-5.659138736058634e-28+1.0358795416334289e-27j)
ESFGw (6.619271103458502e-13-6.608776026428842e-13j)
intensity 8.74906705085813e-25
finishing 10.151999999999983
starting: 10.159999999999982
some stuff:
tdelaylist (1+0j)
ESFGt (-5.97801507732145e-28+1.0746507781432105e-27j)
ESFGw (1.7066209556659828e-13+7.203959651036485e-13j)
intensity 5.480958974007999e-25
finishing 10.159999999999982
starting: 10.167999999999981
some stuff:
tdelaylist (1+0j)
ESFGt (-6.2291098188243265e-28+1.1024976750769021e-27j)
ESFGw (-3.2679067785146287e-13+2.0999244010333484e-12j)
intensity 4.516474637185886e-24
finishing 10.167999999999981
starting: 10.17599999999998
some stuff:
tdelaylist (1+0j)
ESFGt (-6.446398847430323e-28+1.1210830938901825e-27j)
ESFGw (-8.022714437228018e-13+3.4209718391409183e-12j)
intensity 1.2346687793608264e-23
finishing 10.17599999999998
starting: 10.18399999999998
some stuff:
tdelaylist (1+0j)
ESFGt (-6.600316400061456e-28+1.1253133132489613e-27j)
ESFGw (-1.2292319939710694e-12+4.629369804165506e-12j)
intensity 2.2942076078721466e-23
finishing 10.18399999999998
starting: 10.191999999999979
some stuff:
tdelaylist (1+0j)
ESFGt (-6.76324160979729e-28+1.1258139301499821e-27j)
ESFGw (-1.5845085660215474e-12+5.676171338508951e-12j)
intensity 3.472958845990615e-23
finishing 10.191999999999979
starting: 10.199999999999978
some stuff:
tdelaylist (1+0j)
ESFGt (-6.813380750871162e-28+1.1117802067713343e-27j)
ESFGw (-1.8499472786981386e-12+6.5203259458357365e-12j)
intensity 4.593695537390135e-23
finishing 10.199999999999978
starting: 10.207999999999977
some stuff:
tdelaylist (1+0j)
ESFGt (-6.772450857600389e-28+1.0860511684811011e-27j)
ESFGw (-2.0136670109138777e-12+7.13051839795753e-12j)
intensity 5.489914745445366e-23
finishing 10.207999999999977
starting: 10.215999999999976
some stuff:
tdelaylist (1+0j)
ESFGt (-6.664753645042459e-28+1.04524846934146e-27j)
ESFGw (-2.0708174758299336e-12+7.486927744437821e-12j)
intensity 6.034237206863546e-23
finishing 10.215999999999976
starting: 10.223999999999975
some stuff:
tdelaylist (1+0j)
ESFGt (-6.4927507450696875e-28+9.943400110374043e-28j)
ESFGw (-2.0239053488690928e-12+7.581987121474398e-12j)
intensity 6.158272157138455e-23
finishing 10.223999999999975
starting: 10.231999999999974
some stuff:
tdelaylist (1+0j)
ESFGt (-6.207712187951224e-28+9.338767208758535e-28j)
ESFGw (-1.882688449583725e-12+7.420723757700642e-12j)
intensity 5.861165688629871e-23
finishing 10.231999999999974
starting: 10.239999999999974
some stuff:
tdelaylist (1+0j)
ESFGt (-5.862164786409493e-28+8.620077388028503e-28j)
ESFGw (-1.663370829962929e-12+7.02027845578268e-12j)
intensity 5.2051112114698006e-23
finishing 10.239999999999974
starting: 10.247999999999973
some stuff:
tdelaylist (1+0j)
ESFGt (-5.461826385708139e-28+7.823549776996061e-28j)
ESFGw (-1.387523776430477e-12+6.408897718079842e-12j)
intensity 4.29991921909689e-23
finishing 10.247999999999973
starting: 10.255999999999972
some stuff:
tdelaylist (1+0j)
ESFGt (-5.030978192760005e-28+6.934043037934481e-28j)
ESFGw (-1.0805288955251235e-12+5.624225044020825e-12j)
intensity 3.2799450039855797e-23
finishing 10.255999999999972
starting: 10.263999999999971
some stuff:
tdelaylist (1+0j)
ESFGt (-4.518966617501154e-28+6.008607556662052e-28j)
ESFGw (-7.698468598715813e-13+4.711276507807227e-12j)
intensity 2.2788790520670393e-23
finishing 10.263999999999971
starting: 10.27199999999997
some stuff:
tdelaylist (1+0j)
ESFGt (-4.023320541666768e-28+5.00306944413476e-28j)
ESFGw (-4.829799754579867e-13+3.719755406472736e-12j)
intensity 1.4069849940676544e-23
finishing 10.27199999999997
starting: 10.27999999999997
some stuff:
tdelaylist (1+0j)
ESFGt (-3.4622054866384754e-28+3.9701211054344284e-28j)
ESFGw (-2.4564638517743376e-13+2.7015620643333627e-12j)
intensity 7.358779733995882e-24
finishing 10.27999999999997
starting: 10.287999999999968
some stuff:
tdelaylist (1+0j)
ESFGt (-2.8649933698930417e-28+2.868822720475591e-28j)
ESFGw (-7.980378510796804e-14+1.7077571995427476e-12j)
intensity 2.922803296707647e-24
finishing 10.287999999999968
starting: 10.295999999999967
some stuff:
tdelaylist (1+0j)
ESFGt (-2.23356112300873e-28+1.7491015855614013e-28j)
ESFGw (-2.149322386735264e-15+7.859424916434321e-13j)
intensity 6.177102197574085e-25
finishing 10.295999999999967
starting: 10.303999999999967
some stuff:
tdelaylist (1+0j)
ESFGt (-1.5854723901263737e-28+6.185962209699428e-29j)
ESFGw (-2.2908758223749714e-14-2.210731597784843e-14j)
intensity 1.0135446230986526e-27
finishing 10.303999999999967
starting: 10.311999999999966
some stuff:
tdelaylist (1+0j)
ESFGt (-9.383308499032096e-29-5.145542579368547e-29j)
ESFGw (-1.4502505099600604e-13-6.828504775513444e-13j)
intensity 4.873170401084932e-25
finishing 10.311999999999966
starting: 10.319999999999965
some stuff:
tdelaylist (1+0j)
ESFGt (-2.9480318838650724e-29-1.651180267388186e-28j)
ESFGw (-3.638257230209607e-13-1.1723738299607156e-12j)
intensity 1.5068295539084819e-24
finishing 10.319999999999965
starting: 10.327999999999964
some stuff:
tdelaylist (1+0j)
ESFGt (3.652620214343289e-29-2.7377697037603253e-28j)
ESFGw (-6.673619989960855e-13-1.477580210962337e-12j)
intensity 2.6286153175315557e-24
finishing 10.327999999999964
starting: 10.335999999999963
some stuff:
tdelaylist (1+0j)
ESFGt (9.894093567246881e-29-3.785888806102369e-28j)
ESFGw (-1.0370545568127998e-12-1.5967522443149917e-12j)
intensity 3.625099883531157e-24
finishing 10.335999999999963
starting: 10.343999999999962
some stuff:
tdelaylist (1+0j)
ESFGt (1.6263943201282164e-28-4.842909179548783e-28j)
ESFGw (-1.4489503347148158e-12-1.5392253444046489e-12j)
intensity 4.468671733327787e-24
finishing 10.343999999999962
starting: 10.351999999999961
some stuff:
tdelaylist (1+0j)
ESFGt (2.240909420314364e-28-5.811257244426794e-28j)
ESFGw (-1.875419958219382e-12-1.3246417851497938e-12j)
intensity 5.2718758786524196e-24
finishing 10.351999999999961
starting: 10.35999999999996
some stuff:
tdelaylist (1+0j)
ESFGt (2.821389236378103e-28-6.737035909864352e-28j)
ESFGw (-2.2868295798672555e-12-9.816331775214238e-13j)
intensity 6.193193222566654e-24
finishing 10.35999999999996
starting: 10.36799999999996
some stuff:
tdelaylist (1+0j)
ESFGt (3.4045813091137086e-28-7.584282453400311e-28j)
ESFGw (-2.6536516040120972e-12-5.460770724496911e-13j)
intensity 7.3400670045312e-24
finishing 10.36799999999996
starting: 10.375999999999959
some stuff:
tdelaylist (1+0j)
ESFGt (3.943362340111406e-28-8.367571947980346e-28j)
ESFGw (-2.9485268393525388e-12-5.869436880967527e-14j)
intensity 8.697255551312237e-24
finishing 10.375999999999959
starting: 10.383999999999958
some stuff:
tdelaylist (1+0j)
ESFGt (4.464026170691744e-28-9.062281856986371e-28j)
ESFGw (-3.1480963669228146e-12+4.372405215669062e-13j)
intensity 1.0101690009132728e-23
finishing 10.383999999999958
starting: 10.391999999999957
some stuff:
tdelaylist (1+0j)
ESFGt (4.928249841842775e-28-9.648453501332385e-28j)
ESFGw (-3.2346538642036293e-12+8.985520660864665e-13j)
intensity 1.127038143667573e-23
finishing 10.391999999999957
starting: 10.399999999999956
some stuff:
tdelaylist (1+0j)
ESFGt (5.31941652028229e-28-1.0169029408696863e-27j)
ESFGw (-3.1973798608753157e-12+1.284614775665105e-12j)
intensity 1.187347309658816e-23
finishing 10.399999999999956
MID-level running in PID 3824522 (name=__main__)
E1_shared element:  0j
E1 element:  (7.517411329896179e-10-9.837988068993388e-10j)
this thing psm_3c3689d1
ill try to just make an array with this now
testfreq element:  0.0
did it
starting: 10.0
some stuff:
tdelaylist (1+0j)
ESFGt (-5.627181472041699e-28+6.231275805403852e-28j)
ESFGw (1.1067357967575742e-12-1.1346834929981675e-12j)
intensity 2.512370753107145e-24
finishing 10.0
starting: 10.008
some stuff:
tdelaylist (1+0j)
ESFGt (-5.6889323343920895e-28+4.634198605907743e-28j)
ESFGw (8.242950592929343e-13+6.584142953069971e-13j)
intensity 1.112971729039352e-24
finishing 10.008
starting: 10.015999999999998
some stuff:
tdelaylist (1+0j)
ESFGt (-5.69680711210757e-28+2.989500343508409e-28j)
ESFGw (4.0707107823445554e-13+2.3150379183101144e-12j)
intensity 5.525107425948589e-24
finishing 10.015999999999998
starting: 10.023999999999997
some stuff:
tdelaylist (1+0j)
ESFGt (-5.531573438353727e-28+1.3284828717117508e-28j)
ESFGw (-1.2042537106404794e-13+3.772001808122205e-12j)
intensity 1.42424999104731e-23
finishing 10.023999999999997
starting: 10.031999999999996
some stuff:
tdelaylist (1+0j)
ESFGt (-5.3861359170157535e-28-3.4856311443125096e-29j)
ESFGw (-7.260832560196384e-13+4.977159309693668e-12j)
intensity 2.5299311688742436e-23
finishing 10.031999999999996
starting: 10.039999999999996
some stuff:
tdelaylist (1+0j)
ESFGt (-5.25924606024562e-28-2.057828460334811e-28j)
ESFGw (-1.3726762781995916e-12+5.891852977724099e-12j)
intensity 3.659817167584822e-23
finishing 10.039999999999996
starting: 10.047999999999995
some stuff:
tdelaylist (1+0j)
ESFGt (-4.970308975172258e-28-3.724552881973073e-28j)
ESFGw (-2.020531311708318e-12+6.4931046650507085e-12j)
intensity 4.6242954972897003e-23
finishing 10.047999999999995
starting: 10.055999999999994
some stuff:
tdelaylist (1+0j)
ESFGt (-4.550729777778311e-28-5.342429948544412e-28j)
ESFGw (-2.629585785229871e-12+6.774504568429762e-12j)
intensity 5.2808633549558716e-23
finishing 10.055999999999994
starting: 10.063999999999993
some stuff:
tdelaylist (1+0j)
ESFGt (-4.222444632089423e-28-6.93820350599755e-28j)
ESFGw (-3.1626246760341203e-12+6.7465130704214005e-12j)
intensity 5.551763345082672e-23
finishing 10.063999999999993
starting: 10.071999999999992
some stuff:
tdelaylist (1+0j)
ESFGt (-3.8875816292513276e-28-8.503457870540487e-28j)
ESFGw (-3.587269370441959e-12+6.435896954259945e-12j)
intensity 5.42892711419635e-23
finishing 10.071999999999992
starting: 10.079999999999991
some stuff:
tdelaylist (1+0j)
ESFGt (-3.367379986122614e-28-9.958555505132415e-28j)
ESFGw (-3.8782588251962125e-12+5.884133458256002e-12j)
intensity 4.966391806978005e-23
finishing 10.079999999999991
starting: 10.08799999999999
some stuff:
tdelaylist (1+0j)
ESFGt (-2.887332430681831e-28-1.1350277415042697e-27j)
ESFGw (-4.018833876795469e-12+5.145051051869132e-12j)
intensity 4.2622576055618546e-23
finishing 10.08799999999999
starting: 10.09599999999999
some stuff:
tdelaylist (1+0j)
ESFGt (-2.444857831241353e-28-1.2669605875292617e-27j)
ESFGw (-4.002024406313254e-12+4.2817832612840334e-12j)
intensity 3.4349867245339084e-23
finishing 10.09599999999999
starting: 10.103999999999989
some stuff:
tdelaylist (1+0j)
ESFGt (-1.892367906767304e-28-1.386382453456983e-27j)
ESFGw (-3.830422090622676e-12+3.3633096307994492e-12j)
intensity 2.598398506495852e-23
finishing 10.103999999999989
starting: 10.111999999999988
some stuff:
tdelaylist (1+0j)
ESFGt (-1.2476552030644642e-28-1.490084623391045e-27j)
ESFGw (-3.5164648970464896e-12+2.4602750392510586e-12j)
intensity 1.8418478640921974e-23
finishing 10.111999999999988
starting: 10.119999999999987
some stuff:
tdelaylist (1+0j)
ESFGt (-6.971322097777589e-29-1.5870706091728704e-27j)
ESFGw (-3.081049304576311e-12+1.6413329029241197e-12j)
intensity 1.2186838515451486e-23
finishing 10.119999999999987
starting: 10.127999999999986
some stuff:
tdelaylist (1+0j)
ESFGt (-1.878660777472874e-29-1.6721239185814194e-27j)
ESFGw (-2.5522708946290606e-12+9.68905511378182e-13j)
intensity 7.452864609549642e-24
finishing 10.127999999999986
starting: 10.135999999999985
some stuff:
tdelaylist (1+0j)
ESFGt (4.2817744721357356e-29-1.7382511294728028e-27j)
ESFGw (-1.9633288050879827e-12+4.955341692536308e-13j)
intensity 4.100214109786091e-24
finishing 10.135999999999985
starting: 10.143999999999984
some stuff:
tdelaylist (1+0j)
ESFGt (9.946569017448944e-29-1.7939004200644594e-27j)
ESFGw (-1.3503850815332896e-12+2.6087465521129616e-13j)
intensity 1.891595454159282e-24
finishing 10.143999999999984
starting: 10.151999999999983
some stuff:
tdelaylist (1+0j)
ESFGt (1.382071026058393e-28-1.8349790387612893e-27j)
ESFGw (-7.500874921184675e-13+2.8929636464170017e-13j)
intensity 6.463236324274756e-25
finishing 10.151999999999983
starting: 10.159999999999982
some stuff:
tdelaylist (1+0j)
ESFGt (1.8485043256624155e-28-1.8622691200077195e-27j)
ESFGw (-1.9709581189353287e-13+5.880573805683298e-13j)
intensity 3.8465824190685644e-25
finishing 10.159999999999982
starting: 10.167999999999981
some stuff:
tdelaylist (1+0j)
ESFGt (2.3786269248211086e-28-1.8699187106214018e-27j)
ESFGw (2.7795127310881185e-13+1.1467909954987476e-12j)
intensity 1.392386497579818e-24
finishing 10.167999999999981
starting: 10.17599999999998
some stuff:
tdelaylist (1+0j)
ESFGt (2.82354495383898e-28-1.8653695587684653e-27j)
ESFGw (6.506392646876691e-13+1.937887350589307e-12j)
intensity 4.178738836327354e-24
finishing 10.17599999999998
starting: 10.18399999999998
some stuff:
tdelaylist (1+0j)
ESFGt (3.2266159858206853e-28-1.8436903208263066e-27j)
ESFGw (9.040233839296974e-13+2.917700803184431e-12j)
intensity 9.330236255594774e-24
finishing 10.18399999999998
starting: 10.191999999999979
some stuff:
tdelaylist (1+0j)
ESFGt (3.733032945239679e-28-1.802374519342927e-27j)
ESFGw (1.0297214469989768e-12+4.0288120062292876e-12j)
intensity 1.7291652439946918e-23
finishing 10.191999999999979
starting: 10.199999999999978
some stuff:
tdelaylist (1+0j)
ESFGt (4.212898477731226e-28-1.743899178583871e-27j)
ESFGw (1.0282746876200122e-12+5.203053266011892e-12j)
intensity 2.812911212215706e-23
finishing 10.199999999999978
starting: 10.207999999999977
some stuff:
tdelaylist (1+0j)
ESFGt (4.473452649850875e-28-1.676990250783654e-27j)
ESFGw (9.088320374051051e-13+6.365304117128545e-12j)
intensity 4.1343072175747516e-23
finishing 10.207999999999977
starting: 10.215999999999976
some stuff:
tdelaylist (1+0j)
ESFGt (4.75694837157428e-28-1.5965604258484147e-27j)
ESFGw (6.884215419944439e-13+7.43746730869077e-12j)
intensity 5.578984418732593e-23
finishing 10.215999999999976
starting: 10.223999999999975
some stuff:
tdelaylist (1+0j)
ESFGt (5.0641913737492685e-28-1.4967294484534185e-27j)
ESFGw (3.906250323204574e-13+8.343013779832376e-12j)
intensity 6.975846684634827e-23
finishing 10.223999999999975
starting: 10.231999999999974
some stuff:
tdelaylist (1+0j)
ESFGt (5.201848570693838e-28-1.3885666272851047e-27j)
ESFGw (4.3749726064135075e-14+9.011291712823777e-12j)
intensity 8.120529237213715e-23
finishing 10.231999999999974
starting: 10.239999999999974
some stuff:
tdelaylist (1+0j)
ESFGt (5.214451149072507e-28-1.2708390812988394e-27j)
ESFGw (-3.2117711268320193e-13+9.381655174944825e-12j)
intensity 8.811860855928056e-23
finishing 10.239999999999974
starting: 10.247999999999973
some stuff:
tdelaylist (1+0j)
ESFGt (5.3367837741117345e-28-1.1377771118241763e-27j)
ESFGw (-6.72557495806636e-13+9.407009893269702e-12j)
intensity 8.894416871723976e-23
finishing 10.247999999999973
starting: 10.255999999999972
some stuff:
tdelaylist (1+0j)
ESFGt (5.4567486337939425e-28-9.925626899100344e-28j)
ESFGw (-9.804709127925193e-13+9.056842081855976e-12j)
intensity 8.298771170650947e-23
finishing 10.255999999999972
starting: 10.263999999999971
some stuff:
tdelaylist (1+0j)
ESFGt (5.436975389411981e-28-8.407041030911465e-28j)
ESFGw (-1.2187507947292175e-12+8.319379907195668e-12j)
intensity 7.069743553990409e-23
finishing 10.263999999999971
starting: 10.27199999999997
some stuff:
tdelaylist (1+0j)
ESFGt (5.33659340045063e-28-6.823495877879197e-28j)
ESFGw (-1.3665978071397689e-12+7.202516361104472e-12j)
intensity 5.374383149845683e-23
finishing 10.27199999999997
starting: 10.27999999999997
some stuff:
tdelaylist (1+0j)
ESFGt (5.314641184508346e-28-5.163475469794861e-28j)
ESFGw (-1.4100916614911974e-12+5.7338543635321315e-12j)
intensity 3.486544435600347e-23
finishing 10.27999999999997
starting: 10.287999999999968
some stuff:
tdelaylist (1+0j)
ESFGt (5.144911724464302e-28-3.465721918744045e-28j)
ESFGw (-1.3429682713117508e-12+3.959874095293969e-12j)
intensity 1.74841666283303e-23
finishing 10.287999999999968
starting: 10.295999999999967
some stuff:
tdelaylist (1+0j)
ESFGt (4.821021747451161e-28-1.7699309542534523e-28j)
ESFGw (-1.1669020784366158e-12+1.9435963255487465e-12j)
intensity 5.139227137346283e-24
finishing 10.295999999999967
starting: 10.303999999999967
some stuff:
tdelaylist (1+0j)
ESFGt (4.527608031943541e-28-2.0617117670484586e-30j)
ESFGw (-8.91334315383796e-13-2.382746777662703e-13j)
intensity 8.512516838453202e-25
finishing 10.303999999999967
starting: 10.311999999999966
some stuff:
tdelaylist (1+0j)
ESFGt (4.231818623544999e-28+1.7285402277005468e-28j)
ESFGw (-5.327006197264339e-13-2.4989611074888174e-12j)
intensity 6.5285765669986635e-24
finishing 10.311999999999966
starting: 10.319999999999965
some stuff:
tdelaylist (1+0j)
ESFGt (3.804386688954649e-28+3.4305705704440048e-28j)
ESFGw (-1.1304412267376662e-13-4.7463335345332425e-12j)
intensity 2.2540460994705898e-23
finishing 10.319999999999965
starting: 10.327999999999964
some stuff:
tdelaylist (1+0j)
ESFGt (3.3740162206722716e-28+5.135823413400807e-28j)
ESFGw (3.4147337735213057e-13-6.887256390197827e-12j)
intensity 4.7550904651761076e-23
finishing 10.327999999999964
starting: 10.335999999999963
some stuff:
tdelaylist (1+0j)
ESFGt (3.042099516841885e-28+6.853632426219307e-28j)
ESFGw (8.025975717362854e-13-8.832367129341101e-12j)
intensity 7.865487196962213e-23
finishing 10.335999999999963
starting: 10.343999999999962
some stuff:
tdelaylist (1+0j)
ESFGt (2.642415530772752e-28+8.474455876433948e-28j)
ESFGw (1.2419301698152196e-12-1.0500749575426127e-11j)
intensity 1.1180813219250927e-22
finishing 10.343999999999962
starting: 10.351999999999961
some stuff:
tdelaylist (1+0j)
ESFGt (2.125499526009954e-28+1.0008381720206143e-27j)
ESFGw (1.6330218427507148e-12-1.1824104195756746e-11j)
intensity 1.4247620037101323e-22
finishing 10.351999999999961
starting: 10.35999999999996
some stuff:
tdelaylist (1+0j)
ESFGt (1.687844867181859e-28+1.1507781771454008e-27j)
ESFGw (1.953137304666619e-12-1.2750297345709427e-11j)
intensity 1.6638482773488525e-22
finishing 10.35999999999996
starting: 10.36799999999996
some stuff:
tdelaylist (1+0j)
ESFGt (1.2797407257402152e-28+1.2910364628504871e-27j)
ESFGw (2.1849570763787796e-12-1.324571008431974e-11j)
intensity 1.802228730634673e-22
finishing 10.36799999999996
starting: 10.375999999999959
some stuff:
tdelaylist (1+0j)
ESFGt (7.310771764374147e-29+1.4153892266533542e-27j)
ESFGw (2.31761831948063e-12-1.3297363210540425e-11j)
intensity 1.8219122302782615e-22
finishing 10.375999999999959
starting: 10.383999999999958
some stuff:
tdelaylist (1+0j)
ESFGt (1.6719366482254012e-29+1.5304534936451762e-27j)
ESFGw (2.347601280039413e-12-1.2913364821898199e-11j)
intensity 1.7226622279348057e-22
finishing 10.383999999999958
starting: 10.391999999999957
some stuff:
tdelaylist (1+0j)
ESFGt (-2.607791899502615e-29+1.6360809935513087e-27j)
ESFGw (2.278711941361422e-12-1.2122136627823465e-11j)
intensity 1.5213872453532242e-22
finishing 10.391999999999957
starting: 10.399999999999956
some stuff:
tdelaylist (1+0j)
ESFGt (-7.037213728316322e-29+1.726277833657135e-27j)
ESFGw (2.1219206947087343e-12-1.0971071273679911e-11j)
intensity 1.2486695232679774e-22
finishing 10.399999999999956
MID-level running in PID 3824522 (name=__main__)
E1_shared element:  0j
E1 element:  (-7.324645957611237e-10+9.585717260675052e-10j)
this thing psm_c97f03cb
ill try to just make an array with this now
testfreq element:  0.0
did it
starting: 10.0
some stuff:
tdelaylist (1+0j)
ESFGt (-9.594209451230639e-29+4.992951292814859e-28j)
ESFGw (-1.4216002507116965e-12+1.1081782193278489e-12j)
intensity 3.2490062386162e-24
finishing 10.0
starting: 10.008
some stuff:
tdelaylist (1+0j)
ESFGt (-1.1359920004606447e-28+4.433972334836135e-28j)
ESFGw (-1.3684474560460291e-12-2.0614590763579077e-12j)
intensity 6.122261963457247e-24
finishing 10.008
starting: 10.015999999999998
some stuff:
tdelaylist (1+0j)
ESFGt (-1.2967030678451797e-28+3.8283415081060447e-28j)
ESFGw (-1.402788475657335e-12-5.208076591517452e-12j)
intensity 2.9091877290549065e-23
finishing 10.015999999999998
starting: 10.023999999999997
some stuff:
tdelaylist (1+0j)
ESFGt (-1.5357594231187992e-28+3.1998527517383388e-28j)
ESFGw (-1.5315639381729973e-12-8.200767322164015e-12j)
intensity 6.959827276898515e-23
finishing 10.023999999999997
starting: 10.031999999999996
some stuff:
tdelaylist (1+0j)
ESFGt (-1.7318160746687178e-28+2.5245412680451765e-28j)
ESFGw (-1.7538661495342112e-12-1.0915763085095342e-11j)
intensity 1.2222993020041217e-22
finishing 10.031999999999996
starting: 10.039999999999996
some stuff:
tdelaylist (1+0j)
ESFGt (-1.8591350564661673e-28+1.7970053313461112e-28j)
ESFGw (-2.0607213851997486e-12-1.3242563295934318e-11j)
intensity 1.7961205527424635e-22
finishing 10.039999999999996
starting: 10.047999999999995
some stuff:
tdelaylist (1+0j)
ESFGt (-2.0531002496591934e-28+1.0693771832277945e-28j)
ESFGw (-2.435423390734215e-12-1.5089566748893724e-11j)
intensity 2.336263117614544e-22
finishing 10.047999999999995
starting: 10.055999999999994
some stuff:
tdelaylist (1+0j)
ESFGt (-2.2679058818798687e-28+3.0046179249645037e-29j)
ESFGw (-2.854055533574318e-12-1.6388512075193873e-11j)
intensity 2.7672896102750166e-22
finishing 10.055999999999994
starting: 10.063999999999993
some stuff:
tdelaylist (1+0j)
ESFGt (-2.3869882001517844e-28-4.722548751911591e-29j)
ESFGw (-3.2873686411916125e-12-1.7097569887658537e-11j)
intensity 3.03133688646458e-22
finishing 10.063999999999993
starting: 10.071999999999992
some stuff:
tdelaylist (1+0j)
ESFGt (-2.4728861756022468e-28-1.2547890958428814e-28j)
ESFGw (-3.702134085403763e-12-1.7203200669557717e-11j)
intensity 3.096559100633794e-22
finishing 10.071999999999992
starting: 10.079999999999991
some stuff:
tdelaylist (1+0j)
ESFGt (-2.6151218572155858e-28-2.0348798728112783e-28j)
ESFGw (-4.063476985449732e-12-1.6720378553936044e-11j)
intensity 2.96082904198204e-22
finishing 10.079999999999991
starting: 10.08799999999999
some stuff:
tdelaylist (1+0j)
ESFGt (-2.715790392203057e-28-2.817722205578679e-28j)
ESFGw (-4.337245840257964e-12-1.569149671309944e-11j)
intensity 2.650347705760456e-22
finishing 10.08799999999999
starting: 10.09599999999999
some stuff:
tdelaylist (1+0j)
ESFGt (-2.702694046011732e-28-3.5975642216113683e-28j)
ESFGw (-4.492288485646867e-12-1.4183633434416976e-11j)
intensity 2.213561132401865e-22
finishing 10.09599999999999
starting: 10.103999999999989
some stuff:
tdelaylist (1+0j)
ESFGt (-2.7602469716517205e-28-4.335267326804368e-28j)
ESFGw (-4.502672540374064e-12-1.2284808587059715e-11j)
intensity 1.711905820265347e-22
finishing 10.103999999999989
starting: 10.111999999999988
some stuff:
tdelaylist (1+0j)
ESFGt (-2.8351631563211512e-28-5.036707247537777e-28j)
ESFGw (-4.349798299330132e-12-1.0098914760003908e-11j)
intensity 1.2090882457468011e-22
finishing 10.111999999999988
starting: 10.119999999999987
some stuff:
tdelaylist (1+0j)
ESFGt (-2.835976605935084e-28-5.711745031007085e-28j)
ESFGw (-4.023760491467243e-12-7.740110635756636e-12j)
intensity 7.60999611464457e-23
finishing 10.119999999999987
starting: 10.127999999999986
some stuff:
tdelaylist (1+0j)
ESFGt (-2.764719500080893e-28-6.35090800582715e-28j)
ESFGw (-3.5245521778914934e-12-5.326725172061231e-12j)
intensity 4.079646911335042e-23
finishing 10.127999999999986
starting: 10.135999999999985
some stuff:
tdelaylist (1+0j)
ESFGt (-2.753527229042985e-28-6.944793962565407e-28j)
ESFGw (-2.862265979786116e-12-2.975134028027071e-12j)
intensity 1.7043989023765554e-23
finishing 10.135999999999985
starting: 10.143999999999984
some stuff:
tdelaylist (1+0j)
ESFGt (-2.672263036336741e-28-7.471874284543042e-28j)
ESFGw (-2.0571391812218565e-12-7.934208845483681e-13j)
intensity 4.861338310955645e-24
finishing 10.143999999999984
starting: 10.151999999999983
some stuff:
tdelaylist (1+0j)
ESFGt (-2.466404928572152e-28-7.950737716564072e-28j)
ESFGw (-1.1385198339652902e-12+1.1236844787987366e-12j)
intensity 2.5588942202255402e-24
finishing 10.151999999999983
starting: 10.159999999999982
some stuff:
tdelaylist (1+0j)
ESFGt (-2.3012923514251437e-28-8.366021536759295e-28j)
ESFGw (-1.431355034497983e-13+2.699736267874897e-12j)
intensity 7.309063688426905e-24
finishing 10.159999999999982
starting: 10.167999999999981
some stuff:
tdelaylist (1+0j)
ESFGt (-2.193226421083993e-28-8.699207025933767e-28j)
ESFGw (8.865547185266109e-13+3.880097632080748e-12j)
intensity 1.5841136903420428e-23
finishing 10.167999999999981
starting: 10.17599999999998
some stuff:
tdelaylist (1+0j)
ESFGt (-2.021724135002977e-28-8.958916286568283e-28j)
ESFGw (1.905052504636018e-12+4.634168049300058e-12j)
intensity 2.5104738554573473e-23
finishing 10.17599999999998
starting: 10.18399999999998
some stuff:
tdelaylist (1+0j)
ESFGt (-1.815399290153428e-28-9.144278677957359e-28j)
ESFGw (2.8664813578327397e-12+4.956611510120723e-12j)
intensity 3.278471303706387e-23
finishing 10.18399999999998
starting: 10.191999999999979
some stuff:
tdelaylist (1+0j)
ESFGt (-1.7039738759508476e-28-9.223843613645873e-28j)
ESFGw (3.727282371634999e-12+4.86678058964074e-12j)
intensity 3.7578187185604887e-23
finishing 10.191999999999979
starting: 10.199999999999978
some stuff:
tdelaylist (1+0j)
ESFGt (-1.5887180428764517e-28-9.248541814484334e-28j)
ESFGw (4.449083462754189e-12+4.407151726892877e-12j)
intensity 3.921733000240768e-23
finishing 10.199999999999978
starting: 10.207999999999977
some stuff:
tdelaylist (1+0j)
ESFGt (-1.355819532627129e-28-9.175588159951397e-28j)
ESFGw (5.000871244886795e-12+3.640362317147705e-12j)
intensity 3.826095100804461e-23
finishing 10.207999999999977
starting: 10.215999999999976
some stuff:
tdelaylist (1+0j)
ESFGt (-1.115870749565529e-28-9.033108780491619e-28j)
ESFGw (5.361253108127073e-12+2.6452590118353214e-12j)
intensity 3.574043012909819e-23
finishing 10.215999999999976
starting: 10.223999999999975
some stuff:
tdelaylist (1+0j)
ESFGt (-9.22987571650966e-29-8.793492220345426e-28j)
ESFGw (5.519725301827982e-12+1.5121515151150788e-12j)
intensity 3.2753969612304846e-23
finishing 10.223999999999975
starting: 10.231999999999974
some stuff:
tdelaylist (1+0j)
ESFGt (-6.5162921842353e-29-8.478771915531976e-28j)
ESFGw (5.477491724081851e-12+3.373863688427292e-13j)
intensity 3.011674514926605e-23
finishing 10.231999999999974
starting: 10.239999999999974
some stuff:
tdelaylist (1+0j)
ESFGt (-3.2317203772580575e-29-8.086888008744108e-28j)
ESFGw (5.247472595337754e-12-7.820896708032876e-13j)
intensity 2.814763289199794e-23
finishing 10.239999999999974
starting: 10.247999999999973
some stuff:
tdelaylist (1+0j)
ESFGt (-9.399991603864616e-30-7.622583087423549e-28j)
ESFGw (4.853561996753797e-12-1.7542703401041138e-12j)
intensity 2.6634528482501706e-23
finishing 10.247999999999973
starting: 10.255999999999972
some stuff:
tdelaylist (1+0j)
ESFGt (8.124604683504931e-30-7.052787399699745e-28j)
ESFGw (4.329321623419702e-12-2.497408529977818e-12j)
intensity 2.4980075084615375e-23
finishing 10.255999999999972
starting: 10.263999999999971
some stuff:
tdelaylist (1+0j)
ESFGt (3.963438640102546e-29-6.425439433328043e-28j)
ESFGw (3.715736052178897e-12-2.944335747434579e-12j)
intensity 2.2475807403083157e-23
finishing 10.263999999999971
starting: 10.27199999999997
some stuff:
tdelaylist (1+0j)
ESFGt (6.284577082705165e-29-5.732580613832472e-28j)
ESFGw (3.0588760691063754e-12-3.0462975891820676e-12j)
intensity 1.8636651808008149e-23
finishing 10.27199999999997
starting: 10.27999999999997
some stuff:
tdelaylist (1+0j)
ESFGt (7.90728688632039e-29-4.987559433763796e-28j)
ESFGw (2.406774432528458e-12-2.7756286852254064e-12j)
intensity 1.34966777673188e-23
finishing 10.27999999999997
starting: 10.287999999999968
some stuff:
tdelaylist (1+0j)
ESFGt (1.0337349456656644e-28-4.183285604601243e-28j)
ESFGw (1.8064256687710945e-12-2.1270572109211017e-12j)
intensity 7.787546075326552e-24
finishing 10.287999999999968
starting: 10.295999999999967
some stuff:
tdelaylist (1+0j)
ESFGt (1.338763474470144e-28-3.3430493369769778e-28j)
ESFGw (1.3006999990961e-12-1.1182253040198376e-12j)
intensity 2.9422483181988528e-24
finishing 10.295999999999967
starting: 10.303999999999967
some stuff:
tdelaylist (1+0j)
ESFGt (1.5749148051638984e-28-2.446944324310108e-28j)
ESFGw (9.25664926654246e-13+2.1143503614595716e-13j)
intensity 9.015603309478527e-25
finishing 10.303999999999967
starting: 10.311999999999966
some stuff:
tdelaylist (1+0j)
ESFGt (1.7645368043989978e-28-1.496910625046722e-28j)
ESFGw (7.077229427498999e-13+1.8029926510121363e-12j)
intensity 3.751654263298349e-24
finishing 10.311999999999966
starting: 10.319999999999965
some stuff:
tdelaylist (1+0j)
ESFGt (1.994466330010234e-28-5.756717714541861e-29j)
ESFGw (6.623833426200321e-13+3.5808751797095084e-12j)
intensity 1.326141874524009e-23
finishing 10.319999999999965
starting: 10.327999999999964
some stuff:
tdelaylist (1+0j)
ESFGt (2.2045814045201396e-28+3.909981501654269e-29j)
ESFGw (7.924537762105111e-13+5.4571165294947654e-12j)
intensity 3.04081038039153e-23
finishing 10.327999999999964
starting: 10.335999999999963
some stuff:
tdelaylist (1+0j)
ESFGt (2.286974734311789e-28+1.370782883582023e-28j)
ESFGw (1.0881495357550897e-12+7.335854146361953e-12j)
intensity 5.49988254688599e-23
finishing 10.335999999999963
starting: 10.343999999999962
some stuff:
tdelaylist (1+0j)
ESFGt (2.3805021035021957e-28+2.346607609748778e-28j)
ESFGw (1.5272054454396056e-12+9.118579155642514e-12j)
intensity 8.548084229029851e-23
finishing 10.343999999999962
starting: 10.351999999999961
some stuff:
tdelaylist (1+0j)
ESFGt (2.53663368563717e-28+3.3100204283629404e-28j)
ESFGw (2.0762749158853566e-12+1.0709072517656182e-11j)
intensity 1.1899515171475368e-22
finishing 10.351999999999961
starting: 10.35999999999996
some stuff:
tdelaylist (1+0j)
ESFGt (2.601289124939177e-28+4.253294075905708e-28j)
ESFGw (2.6929031921030244e-12+1.2018518125156419e-11j)
intensity 1.5169650552675204e-22
finishing 10.35999999999996
starting: 10.36799999999996
some stuff:
tdelaylist (1+0j)
ESFGt (2.628549181238701e-28+5.170336610268068e-28j)
ESFGw (3.3279646399764218e-12+1.2970041707305313e-11j)
intensity 1.792973305341727e-22
finishing 10.36799999999996
starting: 10.375999999999959
some stuff:
tdelaylist (1+0j)
ESFGt (2.7037980251670414e-28+6.038815000477054e-28j)
ESFGw (3.928997752145058e-12+1.3502646917240568e-11j)
intensity 1.9775849710802714e-22
finishing 10.375999999999959
starting: 10.383999999999958
some stuff:
tdelaylist (1+0j)
ESFGt (2.772287238671939e-28+6.869740141613427e-28j)
ESFGw (4.443268669662714e-12+1.3574460999699056e-11j)
intensity 2.04008627903157e-22
finishing 10.383999999999958
starting: 10.391999999999957
some stuff:
tdelaylist (1+0j)
ESFGt (2.7261358408722145e-28+7.659855338803377e-28j)
ESFGw (4.821306548441484e-12+1.3164705436885527e-11j)
intensity 1.9655446607400808e-22
finishing 10.391999999999957
starting: 10.399999999999956
some stuff:
tdelaylist (1+0j)
ESFGt (2.6711299425373506e-28+8.371930500477263e-28j)
ESFGw (5.020168308833561e-12+1.2274792293709424e-11j)
intensity 1.7587261570272512e-22
finishing 10.399999999999956
MID-level running in PID 3824522 (name=__main__)
E1_shared element:  0j
E1 element:  (7.397199639011573e-10-9.680667798919434e-10j)
this thing psm_1c00ec65
ill try to just make an array with this now
testfreq element:  0.0
did it
starting: 10.0
some stuff:
tdelaylist (1+0j)
ESFGt (9.269278443242926e-22+2.5511552748638233e-21j)
ESFGw (-1.99239583165145e-12+7.719797023852948e-13j)
intensity 4.5655938108769624e-24
finishing 10.0
starting: 10.008
some stuff:
tdelaylist (1+0j)
ESFGt (1.3607730136083033e-21+2.4675398763674747e-21j)
ESFGw (-3.723757413531814e-13+1.1196016336256776e-11j)
intensity 1.2548944549447695e-22
finishing 10.008
starting: 10.015999999999998
some stuff:
tdelaylist (1+0j)
ESFGt (1.819208167169367e-21+2.371190533733765e-21j)
ESFGw (1.2662544623953664e-12+2.0946432088830846e-11j)
intensity 4.403564176155387e-22
finishing 10.015999999999998
starting: 10.023999999999997
some stuff:
tdelaylist (1+0j)
ESFGt (1.78329604610191e-21+2.3900787729204656e-21j)
ESFGw (2.8273182406390873e-12+2.945243701701905e-11j)
intensity 8.754397746753245e-22
finishing 10.023999999999997
starting: 10.031999999999996
some stuff:
tdelaylist (1+0j)
ESFGt (1.986531664878788e-21+2.29752191140345e-21j)
ESFGw (4.219524035731226e-12+3.621781347051822e-11j)
intensity 1.3295343956733648e-21
finishing 10.031999999999996
starting: 10.039999999999996
some stuff:
tdelaylist (1+0j)
ESFGt (2.435440883823499e-21+2.0910382925916557e-21j)
ESFGw (5.361031063522148e-12+4.084873411747125e-11j)
intensity 1.6973597330639093e-21
finishing 10.039999999999996
starting: 10.047999999999995
some stuff:
tdelaylist (1+0j)
ESFGt (2.5216058223545e-21+1.975947025903163e-21j)
ESFGw (6.185666562297243e-12+4.3077347244846464e-11j)
intensity 1.893920316473003e-21
finishing 10.047999999999995
starting: 10.055999999999994
some stuff:
tdelaylist (1+0j)
ESFGt (2.3030016425047634e-21+1.9311572347676288e-21j)
ESFGw (6.6447923552370725e-12+4.277713600009392e-11j)
intensity 1.8740366298147478e-21
finishing 10.055999999999994
starting: 10.063999999999993
some stuff:
tdelaylist (1+0j)
ESFGt (2.64025959458434e-21+1.6821179505929492e-21j)
ESFGw (6.713327810325964e-12+3.996988157117798e-11j)
intensity 1.6426602031028896e-21
finishing 10.063999999999993
starting: 10.071999999999992
some stuff:
tdelaylist (1+0j)
ESFGt (3.0030879978032464e-21+1.404056117549546e-21j)
ESFGw (6.387380208083826e-12+3.4824167854941024e-11j)
intensity 1.2535212927117287e-21
finishing 10.071999999999992
starting: 10.079999999999991
some stuff:
tdelaylist (1+0j)
ESFGt (3.0278363978850943e-21+1.191578851984547e-21j)
ESFGw (5.6867358044776495e-12+2.764567741397883e-11j)
intensity 7.966224437877075e-22
finishing 10.079999999999991
starting: 10.08799999999999
some stuff:
tdelaylist (1+0j)
ESFGt (3.147137034421337e-21+9.580092561494744e-22j)
ESFGw (4.6535830744431905e-12+1.8858296868540236e-11j)
intensity 3.7729119621273867e-22
finishing 10.08799999999999
starting: 10.09599999999999
some stuff:
tdelaylist (1+0j)
ESFGt (3.6317345880191125e-21+6.463713941334612e-22j)
ESFGw (3.3490155093574003e-12+8.980084037490954e-12j)
intensity 9.185781420231628e-23
finishing 10.09599999999999
starting: 10.103999999999989
some stuff:
tdelaylist (1+0j)
ESFGt (3.7292781527973584e-21+3.6811550977515673e-22j)
ESFGw (1.85042953182446e-12-1.4078911647619208e-12j)
intensity 5.406246984062769e-24
finishing 10.103999999999989
starting: 10.111999999999988
some stuff:
tdelaylist (1+0j)
ESFGt (3.446350662681041e-21+1.7985371810911502e-22j)
ESFGw (2.4575133594773035e-13-1.169638691456143e-11j)
intensity 1.368658605742439e-22
finishing 10.111999999999988
starting: 10.119999999999987
some stuff:
tdelaylist (1+0j)
ESFGt (3.512135559264277e-21-1.3913815493097756e-22j)
ESFGw (-1.3700950096673381e-12-2.1282132306454926e-11j)
intensity 4.548063158449678e-22
finishing 10.119999999999987
starting: 10.127999999999986
some stuff:
tdelaylist (1+0j)
ESFGt (3.677752090843603e-21-4.612498770945208e-22j)
ESFGw (-2.90251503387573e-12-2.96049417619626e-11j)
intensity 8.848771702510716e-22
finishing 10.127999999999986
starting: 10.135999999999985
some stuff:
tdelaylist (1+0j)
ESFGt (3.2877006730240914e-21-6.567126319203618e-22j)
ESFGw (-4.261341279843123e-12-3.617797728061589e-11j)
intensity 1.3270050696200543e-21
finishing 10.135999999999985
starting: 10.143999999999984
some stuff:
tdelaylist (1+0j)
ESFGt (3.0841846645596717e-21-9.093300120891454e-22j)
ESFGw (-5.367473826511926e-12-4.06194557156514e-11j)
intensity 1.6787499579140558e-21
finishing 10.143999999999984
starting: 10.151999999999983
some stuff:
tdelaylist (1+0j)
ESFGt (3.2846133793882755e-21-1.2710784259368032e-21j)
ESFGw (-6.156308102189811e-12-4.2672834016377337e-11j)
intensity 1.8588708924383787e-21
finishing 10.151999999999983
starting: 10.159999999999982
some stuff:
tdelaylist (1+0j)
ESFGt (3.1352488536586166e-21-1.5480882473110557e-21j)
ESFGw (-6.581769851354835e-12-4.222115712604335e-11j)
intensity 1.8259458034382444e-21
finishing 10.159999999999982
starting: 10.167999999999981
some stuff:
tdelaylist (1+0j)
ESFGt (2.565227177147173e-21-1.6940505416890451e-21j)
ESFGw (-6.619984074807128e-12-3.9295252815541026e-11j)
intensity 1.5879410829879851e-21
finishing 10.167999999999981
starting: 10.17599999999998
some stuff:
tdelaylist (1+0j)
ESFGt (2.182884504930373e-21-1.8792710496446163e-21j)
ESFGw (-6.269824937010782e-12-3.407088847162676e-11j)
intensity 1.2001361459867914e-21
finishing 10.17599999999998
starting: 10.18399999999998
some stuff:
tdelaylist (1+0j)
ESFGt (1.909495192431577e-21-2.104832440891484e-21j)
ESFGw (-5.5517326846832304e-12-2.6857687948633746e-11j)
intensity 7.521571377483666e-22
finishing 10.18399999999998
starting: 10.191999999999979
some stuff:
tdelaylist (1+0j)
ESFGt (1.064570592610919e-21-2.1920509494753527e-21j)
ESFGw (-4.508910605993677e-12-1.8082093114490938e-11j)
intensity 3.4729236625396286e-22
finishing 10.191999999999979
starting: 10.199999999999978
some stuff:
tdelaylist (1+0j)
ESFGt (2.9297652553682543e-22-2.206111487515912e-21j)
ESFGw (-3.2033872082726234e-12-8.260796560688455e-12j)
intensity 7.850244942320685e-23
finishing 10.199999999999978
starting: 10.207999999999977
some stuff:
tdelaylist (1+0j)
ESFGt (5.1191887247948676e-23-2.43368524521679e-21j)
ESFGw (-1.7122709500272393e-12+2.0283982826718727e-12j)
intensity 7.046271399453387e-24
finishing 10.207999999999977
starting: 10.215999999999976
some stuff:
tdelaylist (1+0j)
ESFGt (-2.6153592295586995e-22-2.530838932501371e-21j)
ESFGw (-1.2332669607761915e-13+1.2182239592095634e-11j)
intensity 1.4842217095318782e-22
finishing 10.215999999999976
starting: 10.223999999999975
some stuff:
tdelaylist (1+0j)
ESFGt (-7.231391251202839e-22-2.6443454867436423e-21j)
ESFGw (1.4698641609411922e-12+2.160502506065587e-11j)
intensity 4.689376085231875e-22
finishing 10.223999999999975
starting: 10.231999999999974
some stuff:
tdelaylist (1+0j)
ESFGt (-7.664252270604584e-22-2.748222508594257e-21j)
ESFGw (2.973706350606342e-12+2.974605110839246e-11j)
intensity 8.936704860027326e-22
finishing 10.231999999999974
starting: 10.239999999999974
some stuff:
tdelaylist (1+0j)
ESFGt (-6.193222700833914e-22-2.898519876075816e-21j)
ESFGw (4.299904182714087e-12+3.6130105851572836e-11j)
intensity 1.32387372482638e-21
finishing 10.239999999999974
starting: 10.247999999999973
some stuff:
tdelaylist (1+0j)
ESFGt (-1.0009482139608547e-21-2.985190137988205e-21j)
ESFGw (5.371234707007844e-12+4.0385920302421496e-11j)
intensity 1.659872720951306e-21
finishing 10.247999999999973
starting: 10.255999999999972
some stuff:
tdelaylist (1+0j)
ESFGt (-1.4607754623417111e-21-2.886017486092888e-21j)
ESFGw (6.125003282342334e-12+4.2267283423269575e-11j)
intensity 1.8240389131917034e-21
finishing 10.255999999999972
starting: 10.263999999999971
some stuff:
tdelaylist (1+0j)
ESFGt (-1.5316156157535827e-21-2.9869866760377005e-21j)
ESFGw (6.5178574343294216e-12+4.166823743684267e-11j)
intensity 1.7787244766273403e-21
finishing 10.263999999999971
starting: 10.27199999999997
some stuff:
tdelaylist (1+0j)
ESFGt (-1.817841495566969e-21-2.980585011501513e-21j)
ESFGw (6.5269178950444484e-12+3.862744672733509e-11j)
intensity 1.5346802978817622e-21
finishing 10.27199999999997
starting: 10.27999999999997
some stuff:
tdelaylist (1+0j)
ESFGt (-2.5121270801521857e-21-2.7596236631881866e-21j)
ESFGw (6.1530815165244945e-12+3.332738252037615e-11j)
intensity 1.1485748378084688e-21
finishing 10.27999999999997
starting: 10.287999999999968
some stuff:
tdelaylist (1+0j)
ESFGt (-2.843436813237061e-21-2.633989815267269e-21j)
ESFGw (5.4182179576311995e-12+2.6082282167383397e-11j)
intensity 7.096425288954031e-22
finishing 10.287999999999968
starting: 10.295999999999967
some stuff:
tdelaylist (1+0j)
ESFGt (-2.8224907712907244e-21-2.54066461625765e-21j)
ESFGw (4.366649403175771e-12+1.7319930212256196e-11j)
intensity 3.1904760956768023e-22
finishing 10.295999999999967
starting: 10.303999999999967
some stuff:
tdelaylist (1+0j)
ESFGt (-3.201530401706646e-21-2.3751547451999943e-21j)
ESFGw (3.0605067091737936e-12+7.556906489458726e-12j)
intensity 6.647353700732122e-23
finishing 10.303999999999967
starting: 10.311999999999966
some stuff:
tdelaylist (1+0j)
ESFGt (-3.623861188341383e-21-2.1295648385215275e-21j)
ESFGw (1.5774569150917017e-12-2.6337404479548354e-12j)
intensity 9.424959066163965e-24
finishing 10.311999999999966
starting: 10.319999999999965
some stuff:
tdelaylist (1+0j)
ESFGt (-3.698039115478779e-21-1.9021605179011653e-21j)
ESFGw (4.295175326518574e-15-1.2653232628334621e-11j)
intensity 1.6010431439528297e-22
finishing 10.319999999999965
starting: 10.327999999999964
some stuff:
tdelaylist (1+0j)
ESFGt (-3.858154719808946e-21-1.6903108064221091e-21j)
ESFGw (-1.5659001872947442e-12-2.1914872694317467e-11j)
intensity 4.82713688604711e-22
finishing 10.327999999999964
starting: 10.335999999999963
some stuff:
tdelaylist (1+0j)
ESFGt (-4.448300046286087e-21-1.3109958022298062e-21j)
ESFGw (-3.0415253648996554e-12-2.987682323762897e-11j)
intensity 9.018754433178543e-22
finishing 10.335999999999963
starting: 10.343999999999962
some stuff:
tdelaylist (1+0j)
ESFGt (-4.8333672357056506e-21-9.928405106459272e-22j)
ESFGw (-4.3356984669173926e-12-3.607474041711356e-11j)
intensity 1.3201851773581565e-21
finishing 10.343999999999962
starting: 10.351999999999961
some stuff:
tdelaylist (1+0j)
ESFGt (-4.6856256820767246e-21-7.831360404071119e-22j)
ESFGw (-5.373000655506388e-12-4.014809665275898e-11j)
intensity 1.6407388008833487e-21
finishing 10.351999999999961
starting: 10.35999999999996
some stuff:
tdelaylist (1+0j)
ESFGt (-4.795064223582457e-21-3.8202730352923025e-22j)
ESFGw (-6.0928692646733396e-12-4.1861344252103194e-11j)
intensity 1.7894951984694938e-21
finishing 10.35999999999996
starting: 10.36799999999996
some stuff:
tdelaylist (1+0j)
ESFGt (-4.969660588821365e-21-1.2256962449403274e-22j)
ESFGw (-6.453337864087416e-12-4.11179597314959e-11j)
intensity 1.7323321820689828e-21
finishing 10.36799999999996
starting: 10.375999999999959
some stuff:
tdelaylist (1+0j)
ESFGt (-4.588842321152216e-21+1.1819528494790386e-22j)
ESFGw (-6.434554278289539e-12-3.7965974114539947e-11j)
intensity 1.4828186792261717e-21
finishing 10.375999999999959
starting: 10.383999999999958
some stuff:
tdelaylist (1+0j)
ESFGt (-4.073832302336396e-21+3.4541156610548797e-22j)
ESFGw (-6.037517708001872e-12-3.2593355098198273e-11j)
intensity 1.0987784166316834e-21
finishing 10.383999999999958
starting: 10.391999999999957
some stuff:
tdelaylist (1+0j)
ESFGt (-4.042226286050551e-21+6.974688470294919e-22j)
ESFGw (-5.286774490409485e-12-2.5318618729341935e-11j)
intensity 6.689824388742286e-22
finishing 10.391999999999957
starting: 10.399999999999956
some stuff:
tdelaylist (1+0j)
ESFGt (-3.855870430711371e-21+1.0044247084539465e-21j)
ESFGw (-4.227049266170013e-12-1.6571678057575312e-11j)
intensity 2.924884591425515e-22
finishing 10.399999999999956
MID-level running in PID 3824522 (name=__main__)
E1_shared element:  0j
E1 element:  (-7.517729831990187e-10+9.838404890644257e-10j)
this thing psm_2905956b
ill try to just make an array with this now
testfreq element:  0.0
did it
starting: 10.0
some stuff:
tdelaylist (1+0j)
ESFGt (-1.7781588971155357e-27-1.812343538985923e-28j)
ESFGw (2.991270425800607e-14-1.0699394929064576e-14j)
intensity 1.0092469278750274e-27
finishing 10.0
starting: 10.008
some stuff:
tdelaylist (1+0j)
ESFGt (-1.676626193600436e-27-3.2188960761945413e-28j)
ESFGw (2.914335439641036e-14-1.1111771225369438e-14j)
intensity 9.728065652397192e-28
finishing 10.008
starting: 10.015999999999998
some stuff:
tdelaylist (1+0j)
ESFGt (-1.6571105722531127e-27-4.055414817543653e-28j)
ESFGw (2.7288447109613534e-14-1.1078594638891381e-14j)
intensity 8.673946048270481e-28
finishing 10.015999999999998
starting: 10.023999999999997
some stuff:
tdelaylist (1+0j)
ESFGt (-1.6844608478381017e-27-4.3970415824327355e-28j)
ESFGw (2.4486814485802366e-14-1.061043614081214e-14j)
intensity 7.1218543876035285e-28
finishing 10.023999999999997
starting: 10.031999999999996
some stuff:
tdelaylist (1+0j)
ESFGt (-1.7892540183413652e-27-4.530617961400855e-28j)
ESFGw (2.0924559827883993e-14-9.745351227385957e-15j)
intensity 5.3280907453580965e-28
finishing 10.031999999999996
starting: 10.039999999999996
some stuff:
tdelaylist (1+0j)
ESFGt (-1.9991514754158742e-27-4.158534463258803e-28j)
ESFGw (1.6850453324335213e-14-8.554571981345127e-15j)
intensity 3.571184790196148e-28
finishing 10.039999999999996
starting: 10.047999999999995
some stuff:
tdelaylist (1+0j)
ESFGt (-2.282583622843039e-27-2.9784250402709784e-28j)
ESFGw (1.2547471742174743e-14-7.136435539734087e-15j)
intensity 2.0836775933345343e-28
finishing 10.047999999999995
starting: 10.055999999999994
some stuff:
tdelaylist (1+0j)
ESFGt (-2.612733281188698e-27-1.2999047373582319e-28j)
ESFGw (8.284443010070364e-15-5.587544316121296e-15j)
intensity 9.985264747172309e-29
finishing 10.055999999999994
starting: 10.063999999999993
some stuff:
tdelaylist (1+0j)
ESFGt (-3.0155620704919305e-27+7.040158348718098e-29j)
ESFGw (4.342338121021694e-15-4.005693346464945e-15j)
intensity 3.490147954319174e-29
finishing 10.063999999999993
starting: 10.071999999999992
some stuff:
tdelaylist (1+0j)
ESFGt (-3.478190337764375e-27+3.3780358779127474e-28j)
ESFGw (9.616873269946424e-16-2.5045070184415152e-15j)
intensity 7.197397920324909e-30
finishing 10.071999999999992
starting: 10.079999999999991
some stuff:
tdelaylist (1+0j)
ESFGt (-3.9520160143015946e-27+6.556514364079195e-28j)
ESFGw (-1.6407231476223139e-15-1.1967423579894998e-15j)
intensity 4.1241647185499405e-30
finishing 10.079999999999991
starting: 10.08799999999999
some stuff:
tdelaylist (1+0j)
ESFGt (-4.434832980266135e-27+9.756473292109672e-28j)
ESFGw (-3.339234271038105e-15-1.5482407023093003e-16j)
intensity 1.1174456009598254e-29
finishing 10.08799999999999
starting: 10.09599999999999
some stuff:
tdelaylist (1+0j)
ESFGt (-4.95304290432303e-27+1.3014611449170257e-27j)
ESFGw (-4.027268969697406e-15+5.525094270986131e-16j)
intensity 1.6524162021320443e-29
finishing 10.09599999999999
starting: 10.103999999999989
some stuff:
tdelaylist (1+0j)
ESFGt (-5.468474658260344e-27+1.6558240963773242e-27j)
ESFGw (-3.719355552711523e-15+8.825405684032006e-16j)
intensity 1.4612483582363486e-29
finishing 10.103999999999989
starting: 10.111999999999988
some stuff:
tdelaylist (1+0j)
ESFGt (-5.948334601417312e-27+1.9968400838056744e-27j)
ESFGw (-2.486726102812753e-15+8.248610128269718e-16j)
intensity 6.86420240089224e-30
finishing 10.111999999999988
starting: 10.119999999999987
some stuff:
tdelaylist (1+0j)
ESFGt (-6.41557742354374e-27+2.306521605565172e-27j)
ESFGw (-4.4311342789482566e-16+3.879275373153135e-16j)
intensity 3.468372841882268e-31
finishing 10.119999999999987
starting: 10.127999999999986
some stuff:
tdelaylist (1+0j)
ESFGt (-6.861740548215064e-27+2.611446241733898e-27j)
ESFGw (2.205050378401019e-15-3.7361606863850483e-16j)
intensity 5.001836138031367e-30
finishing 10.127999999999986
starting: 10.135999999999985
some stuff:
tdelaylist (1+0j)
ESFGt (-7.235747046029186e-27+2.9128716320887003e-27j)
ESFGw (5.207206194013381e-15-1.3973197598993181e-15j)
intensity 2.906749885837641e-29
finishing 10.135999999999985
starting: 10.143999999999984
some stuff:
tdelaylist (1+0j)
ESFGt (-7.520531656871262e-27+3.1595884764073065e-27j)
ESFGw (8.316264343832813e-15-2.592110553978344e-15j)
intensity 7.587928976055094e-29
finishing 10.143999999999984
starting: 10.151999999999983
some stuff:
tdelaylist (1+0j)
ESFGt (-7.744433312903007e-27+3.359194869999194e-27j)
ESFGw (1.1252066986489062e-14-3.867132308821297e-15j)
intensity 1.4156372376236658e-28
finishing 10.151999999999983
starting: 10.159999999999982
some stuff:
tdelaylist (1+0j)
ESFGt (-7.879604414151068e-27+3.5291902772705916e-27j)
ESFGw (1.374139517451578e-14-5.0970512532888534e-15j)
intensity 2.1480587282085904e-28
finishing 10.159999999999982
starting: 10.167999999999981
some stuff:
tdelaylist (1+0j)
ESFGt (-7.894972430446826e-27+3.639184720634436e-27j)
ESFGw (1.554333918518669e-14-6.1955648944511665e-15j)
intensity 2.7998041738711573e-28
finishing 10.167999999999981
starting: 10.17599999999998
some stuff:
tdelaylist (1+0j)
ESFGt (-7.822604226643537e-27+3.663478450981976e-27j)
ESFGw (1.647900566004168e-14-7.047530961590276e-15j)
intensity 3.212253201982593e-28
finishing 10.17599999999998
starting: 10.18399999999998
some stuff:
tdelaylist (1+0j)
ESFGt (-7.687625107132852e-27+3.630907933254929e-27j)
ESFGw (1.640788199752663e-14-7.58724680305356e-15j)
intensity 3.2678490569520494e-28
finishing 10.18399999999998
starting: 10.191999999999979
some stuff:
tdelaylist (1+0j)
ESFGt (-7.456752275328866e-27+3.559521219838644e-27j)
ESFGw (1.5259495056429984e-14-7.738167745463542e-15j)
intensity 2.9273142943414343e-28
finishing 10.191999999999979
starting: 10.199999999999978
some stuff:
tdelaylist (1+0j)
ESFGt (-7.138597911035421e-27+3.415113982999901e-27j)
ESFGw (1.3047939464994052e-14-7.471670851466605e-15j)
intensity 2.2607458959480505e-28
finishing 10.199999999999978
starting: 10.207999999999977
some stuff:
tdelaylist (1+0j)
ESFGt (-6.781730313449283e-27+3.2115936239209054e-27j)
ESFGw (9.850193577465305e-15-6.778865663248368e-15j)
intensity 1.4297933319390648e-28
finishing 10.207999999999977
starting: 10.215999999999976
some stuff:
tdelaylist (1+0j)
ESFGt (-6.382470170958367e-27+2.992282767600986e-27j)
ESFGw (5.8193467405986965e-15-5.6751478516581244e-15j)
intensity 6.60720996254965e-29
finishing 10.215999999999976
starting: 10.223999999999975
some stuff:
tdelaylist (1+0j)
ESFGt (-5.92068020155772e-27+2.7453056383642943e-27j)
ESFGw (1.1618310480354666e-15-4.215594887058138e-15j)
intensity 1.9121091635969914e-29
finishing 10.223999999999975
starting: 10.231999999999974
some stuff:
tdelaylist (1+0j)
ESFGt (-5.441176041608373e-27+2.450544930838993e-27j)
ESFGw (-3.87515540489769e-15-2.4765346023913892e-15j)
intensity 2.1150053048949653e-29
finishing 10.231999999999974
starting: 10.239999999999974
some stuff:
tdelaylist (1+0j)
ESFGt (-4.9822861841616e-27+2.151973763771716e-27j)
ESFGw (-8.999745393367675e-15-5.280064580004407e-16j)
intensity 8.127420796513288e-29
finishing 10.239999999999974
starting: 10.247999999999973
some stuff:
tdelaylist (1+0j)
ESFGt (-4.523784419278056e-27+1.8765356800411636e-27j)
ESFGw (-1.3940454693384119e-14+1.4922958702090483e-15j)
intensity 1.9656322402253831e-28
finishing 10.247999999999973
starting: 10.255999999999972
some stuff:
tdelaylist (1+0j)
ESFGt (-4.079170617225974e-27+1.5965464854258094e-27j)
ESFGw (-1.8419293867921738e-14+3.4898299527963417e-15j)
intensity 3.514492996922939e-28
finishing 10.255999999999972
starting: 10.263999999999971
some stuff:
tdelaylist (1+0j)
ESFGt (-3.6945883682656405e-27+1.3334147694153715e-27j)
ESFGw (-2.217453651254253e-14+5.357910295988866e-15j)
intensity 5.204172722859453e-28
finishing 10.263999999999971
starting: 10.27199999999997
some stuff:
tdelaylist (1+0j)
ESFGt (-3.375845347810513e-27+1.1275380847022993e-27j)
ESFGw (-2.501308622032683e-14+6.98291251211014e-15j)
intensity 6.744155494172883e-28
finishing 10.27199999999997
starting: 10.27999999999997
some stuff:
tdelaylist (1+0j)
ESFGt (-3.093373076920459e-27+9.762555630900036e-28j)
ESFGw (-2.678716623516486e-14+8.280539882249416e-15j)
intensity 7.861196156518796e-28
finishing 10.27999999999997
starting: 10.287999999999968
some stuff:
tdelaylist (1+0j)
ESFGt (-2.874709439326543e-27+8.513489424602156e-28j)
ESFGw (-2.7424297641825968e-14+9.19978069419125e-15j)
intensity 8.367280659686754e-28
finishing 10.287999999999968
starting: 10.295999999999967
some stuff:
tdelaylist (1+0j)
ESFGt (-2.7569371540252854e-27+7.800785499463574e-28j)
ESFGw (-2.6926974105306867e-14+9.687780092026976e-15j)
intensity 8.189150175793407e-28
finishing 10.295999999999967
starting: 10.303999999999967
some stuff:
tdelaylist (1+0j)
ESFGt (-2.7100258894527403e-27+7.850774085101783e-28j)
ESFGw (-2.537206555963678e-14+9.73765339196131e-15j)
intensity 7.385636043444825e-28
finishing 10.303999999999967
starting: 10.311999999999966
some stuff:
tdelaylist (1+0j)
ESFGt (-2.729682852758024e-27+8.301578483895804e-28j)
ESFGw (-2.290057249734745e-14+9.348370601930389e-15j)
intensity 6.118282536173026e-28
finishing 10.311999999999966
starting: 10.319999999999965
some stuff:
tdelaylist (1+0j)
ESFGt (-2.8560071233835055e-27+9.10583248199846e-28j)
ESFGw (-1.9699682423518494e-14+8.60075899389301e-15j)
intensity 4.620505428585151e-28
finishing 10.319999999999965
starting: 10.327999999999964
some stuff:
tdelaylist (1+0j)
ESFGt (-3.0879983641942337e-27+1.0680987972922074e-27j)
ESFGw (-1.603155542345691e-14+7.542794513981654e-15j)
intensity 3.139045183755225e-28
finishing 10.327999999999964
starting: 10.335999999999963
some stuff:
tdelaylist (1+0j)
ESFGt (-3.3814802926045975e-27+1.2984392155196705e-27j)
ESFGw (-1.216209207996477e-14+6.2597496630623084e-15j)
intensity 1.871009496057505e-28
finishing 10.335999999999963
starting: 10.343999999999962
some stuff:
tdelaylist (1+0j)
ESFGt (-3.737916426681978e-27+1.5629681243270847e-27j)
ESFGw (-8.371721284955447e-15+4.856792051866066e-15j)
intensity 9.367414630804546e-29
finishing 10.343999999999962
starting: 10.351999999999961
some stuff:
tdelaylist (1+0j)
ESFGt (-4.175238672822858e-27+1.8849524643779948e-27j)
ESFGw (-4.921627341780699e-15+3.449931312848875e-15j)
intensity 3.612444175473851e-29
finishing 10.351999999999961
starting: 10.35999999999996
some stuff:
tdelaylist (1+0j)
ESFGt (-4.644673522020067e-27+2.278931649503237e-27j)
ESFGw (-2.0739703357475214e-15+2.1415161310933684e-15j)
intensity 8.887444293293796e-30
finishing 10.35999999999996
starting: 10.36799999999996
some stuff:
tdelaylist (1+0j)
ESFGt (-5.108577653181459e-27+2.7004098712805138e-27j)
ESFGw (8.185726402265558e-18+1.0343288725511712e-15j)
intensity 1.0699032227097098e-30
finishing 10.36799999999996
starting: 10.375999999999959
some stuff:
tdelaylist (1+0j)
ESFGt (-5.587489380717031e-27+3.1207054146497334e-27j)
ESFGw (1.1611805267319752e-15+2.0296264668928643e-16j)
intensity 1.3895340516126674e-30
finishing 10.375999999999959
starting: 10.383999999999958
some stuff:
tdelaylist (1+0j)
ESFGt (-6.072976111019408e-27+3.567369207191514e-27j)
ESFGw (1.3266297782532632e-15-2.8384412875670506e-16j)
intensity 1.8405140579779557e-30
finishing 10.383999999999958
starting: 10.391999999999957
some stuff:
tdelaylist (1+0j)
ESFGt (-6.511330056954717e-27+4.0215343450868516e-27j)
ESFGw (5.128276275856436e-16-3.937822290467352e-16j)
intensity 4.180566195281349e-31
finishing 10.391999999999957
starting: 10.399999999999956
some stuff:
tdelaylist (1+0j)
ESFGt (-6.905467703514467e-27+4.435518324693794e-27j)
ESFGw (-1.2073675392798577e-15-1.212138028838794e-16j)
intensity 1.4724291609162704e-30
finishing 10.399999999999956
MID-level running in PID 3824522 (name=__main__)
E1_shared element:  0j
E1 element:  (3.040848814903593e-12-3.979539371706424e-12j)
this thing psm_f47e63e0
ill try to just make an array with this now
testfreq element:  0.0
did it
starting: 10.0
some stuff:
tdelaylist (1+0j)
ESFGt (1.3476613357005013e-28-2.250406982087087e-28j)
ESFGw (1.0274604517884756e-13+3.7874434491436126e-14j)
intensity 1.1991222587939868e-26
finishing 10.0
starting: 10.008
some stuff:
tdelaylist (1+0j)
ESFGt (1.2087688079810704e-28-2.0657267216062345e-28j)
ESFGw (5.6597955488957297e-14-1.9079139310096416e-14j)
intensity 3.567342122344056e-27
finishing 10.008
starting: 10.015999999999998
some stuff:
tdelaylist (1+0j)
ESFGt (1.039197077649811e-28-1.8731973505641503e-28j)
ESFGw (3.459125347271552e-14-1.1960636474295239e-13j)
intensity 1.5502237303837817e-26
finishing 10.015999999999998
starting: 10.023999999999997
some stuff:
tdelaylist (1+0j)
ESFGt (8.32978438244661e-29-1.6583585543564541e-28j)
ESFGw (3.723930885879412e-14-2.5985875777567724e-13j)
intensity 6.891334011699876e-26
finishing 10.023999999999997
starting: 10.031999999999996
some stuff:
tdelaylist (1+0j)
ESFGt (6.324574086732007e-29-1.410821103261991e-28j)
ESFGw (6.318405000593774e-14-4.3324198395477964e-13j)
intensity 1.9169084083622634e-25
finishing 10.031999999999996
starting: 10.039999999999996
some stuff:
tdelaylist (1+0j)
ESFGt (4.144263438509736e-29-1.158717153779555e-28j)
ESFGw (1.0921190167489936e-13-6.308200489746341e-13j)
intensity 4.0986117365580756e-25
finishing 10.039999999999996
starting: 10.047999999999995
some stuff:
tdelaylist (1+0j)
ESFGt (1.702433601370232e-29-8.913449383360822e-29j)
ESFGw (1.7058652667517604e-13-8.416986725656717e-13j)
intensity 7.375564184819144e-25
finishing 10.047999999999995
starting: 10.055999999999994
some stuff:
tdelaylist (1+0j)
ESFGt (-6.338564350297753e-30-5.847314926142787e-29j)
ESFGw (2.4130740808314677e-13-1.0536528247118149e-12j)
intensity 1.1684135402189928e-24
finishing 10.055999999999994
starting: 10.063999999999993
some stuff:
tdelaylist (1+0j)
ESFGt (-2.830327542137292e-29-2.701348425184702e-29j)
ESFGw (3.14589066602311e-13-1.2537765964326653e-12j)
intensity 1.6709220345879916e-24
finishing 10.063999999999993
starting: 10.071999999999992
some stuff:
tdelaylist (1+0j)
ESFGt (-4.9373360953209585e-29+4.500409391932463e-30j)
ESFGw (3.833422294874378e-13-1.4292204572607936e-12j)
intensity 2.189622380361152e-24
finishing 10.071999999999992
starting: 10.079999999999991
some stuff:
tdelaylist (1+0j)
ESFGt (-6.983688401791742e-29+3.621363633826817e-29j)
ESFGw (4.406778761345542e-13-1.5678734352486678e-12j)
intensity 2.6524240994729198e-24
finishing 10.079999999999991
starting: 10.08799999999999
some stuff:
tdelaylist (1+0j)
ESFGt (-8.735491935409752e-29+6.907839083375555e-29j)
ESFGw (4.804268961822178e-13-1.659119890085048e-12j)
intensity 2.9834888122511005e-24
finishing 10.08799999999999
starting: 10.09599999999999
some stuff:
tdelaylist (1+0j)
ESFGt (-1.0266046950389438e-28+1.003895442867216e-28j)
ESFGw (4.975585915500957e-13-1.6944275843533418e-12j)
intensity 3.1186493906428164e-24
finishing 10.09599999999999
starting: 10.103999999999989
some stuff:
tdelaylist (1+0j)
ESFGt (-1.1760499176643505e-28+1.2975342758873693e-28j)
ESFGw (4.886291024575051e-13-1.6678906519795866e-12j)
intensity 3.0206176267293173e-24
finishing 10.103999999999989
starting: 10.111999999999988
some stuff:
tdelaylist (1+0j)
ESFGt (-1.3029509895909867e-28+1.587245362865041e-28j)
ESFGw (4.519501092814515e-13-1.576612104758901e-12j)
intensity 2.689964630151808e-24
finishing 10.111999999999988
starting: 10.119999999999987
some stuff:
tdelaylist (1+0j)
ESFGt (-1.4023977101078403e-28+1.8681693098358527e-28j)
ESFGw (3.8781131084242304e-13-1.4209250095986725e-12j)
intensity 2.169425495720306e-24
finishing 10.119999999999987
starting: 10.127999999999986
some stuff:
tdelaylist (1+0j)
ESFGt (-1.4732536225612822e-28+2.1059373026122704e-28j)
ESFGw (2.9848823066003227e-13-1.2044826941393083e-12j)
intensity 1.5398737843236432e-24
finishing 10.127999999999986
starting: 10.135999999999985
some stuff:
tdelaylist (1+0j)
ESFGt (-1.5390992752841747e-28+2.3172788056432193e-28j)
ESFGw (1.8806310675412163e-13-9.340739987040436e-13j)
intensity 9.078619671769736e-25
finishing 10.135999999999985
starting: 10.143999999999984
some stuff:
tdelaylist (1+0j)
ESFGt (-1.5737586397017856e-28+2.500886588336574e-28j)
ESFGw (6.218896925203055e-14-6.19383884459257e-13j)
intensity 3.8750386422446804e-25
finishing 10.143999999999984
starting: 10.151999999999983
some stuff:
tdelaylist (1+0j)
ESFGt (-1.5972288476713205e-28+2.641281801266017e-28j)
ESFGw (-7.226164111528988e-14-2.724730163716771e-13j)
intensity 7.946328942735516e-26
finishing 10.151999999999983
starting: 10.159999999999982
some stuff:
tdelaylist (1+0j)
ESFGt (-1.6373331244914318e-28+2.730445650790578e-28j)
ESFGw (-2.0767285460743246e-13+9.277474621871562e-14j)
intensity 5.173516807674686e-26
finishing 10.159999999999982
starting: 10.167999999999981
some stuff:
tdelaylist (1+0j)
ESFGt (-1.6729837522620403e-28+2.795103303783546e-28j)
ESFGw (-3.3621543049644487e-13+4.613601167768877e-13j)
intensity 3.258939730562931e-25
finishing 10.167999999999981
starting: 10.17599999999998
some stuff:
tdelaylist (1+0j)
ESFGt (-1.7027349613288097e-28+2.8373351915244086e-28j)
ESFGw (-4.5035589840702883e-13+8.179394661578243e-13j)
intensity 8.718454055285485e-25
finishing 10.17599999999998
starting: 10.18399999999998
some stuff:
tdelaylist (1+0j)
ESFGt (-1.7291162895217153e-28+2.836484867122888e-28j)
ESFGw (-5.434125371905907e-13+1.1476219280437405e-12j)
intensity 1.6123332753027475e-24
finishing 10.18399999999998
starting: 10.191999999999979
some stuff:
tdelaylist (1+0j)
ESFGt (-1.7699596231500756e-28+2.8416570648359977e-28j)
ESFGw (-6.099916578794495e-13+1.4367161974004894e-12j)
intensity 2.436243254555441e-24
finishing 10.191999999999979
starting: 10.199999999999978
some stuff:
tdelaylist (1+0j)
ESFGt (-1.7711892391416007e-28+2.8356139254908498e-28j)
ESFGw (-6.463996005123818e-13+1.6734547775287822e-12j)
intensity 3.2182833359764724e-24
finishing 10.199999999999978
starting: 10.207999999999977
some stuff:
tdelaylist (1+0j)
ESFGt (-1.7354806867709656e-28+2.803934405398336e-28j)
ESFGw (-6.509107489116595e-13+1.8486020006425186e-12j)
intensity 3.841014159828259e-24
finishing 10.207999999999977
starting: 10.215999999999976
some stuff:
tdelaylist (1+0j)
ESFGt (-1.6853471090767572e-28+2.7301575549927054e-28j)
ESFGw (-6.239093443272115e-13+1.9559345462716315e-12j)
intensity 4.2149428192376226e-24
finishing 10.215999999999976
starting: 10.223999999999975
some stuff:
tdelaylist (1+0j)
ESFGt (-1.614643535048809e-28+2.640443258139078e-28j)
ESFGw (-5.678669340314357e-13+1.9925111907626025e-12j)
intensity 4.2925737000804665e-24
finishing 10.223999999999975
starting: 10.231999999999974
some stuff:
tdelaylist (1+0j)
ESFGt (-1.502236048918659e-28+2.528496496205185e-28j)
ESFGw (-4.872378542297717e-13+1.9588575553286525e-12j)
intensity 4.074523648662578e-24
finishing 10.231999999999974
starting: 10.239999999999974
some stuff:
tdelaylist (1+0j)
ESFGt (-1.3777103764795544e-28+2.370539820852423e-28j)
ESFGw (-3.881595565802254e-13+1.8588745993863842e-12j)
intensity 3.6060826176084476e-24
finishing 10.239999999999974
starting: 10.247999999999973
some stuff:
tdelaylist (1+0j)
ESFGt (-1.250982642009495e-28+2.191347888952622e-28j)
ESFGw (-2.7803237143131376e-13+1.6996369589517002e-12j)
intensity 2.9660677917983038e-24
finishing 10.247999999999973
starting: 10.255999999999972
some stuff:
tdelaylist (1+0j)
ESFGt (-1.1123920912656265e-28+2.0020967121058284e-28j)
ESFGw (-1.6506414290962113e-13+1.4909501584725593e-12j)
intensity 2.2501785463238368e-24
finishing 10.255999999999972
starting: 10.263999999999971
some stuff:
tdelaylist (1+0j)
ESFGt (-9.414293796611296e-29+1.8030410603748715e-28j)
ESFGw (-5.769126495969168e-14+1.2448327958713978e-12j)
intensity 1.552936971729651e-24
finishing 10.263999999999971
starting: 10.27199999999997
some stuff:
tdelaylist (1+0j)
ESFGt (-7.81596645417111e-29+1.5743285043167365e-28j)
ESFGw (3.5990524796525314e-14+9.748293752082082e-13j)
intensity 9.515876286439547e-25
finishing 10.27199999999997
starting: 10.27999999999997
some stuff:
tdelaylist (1+0j)
ESFGt (-6.015358990598486e-29+1.3459237885999859e-28j)
ESFGw (1.0875024838985503e-13+6.952760849693318e-13j)
intensity 4.952354508551366e-25
finishing 10.27999999999997
starting: 10.287999999999968
some stuff:
tdelaylist (1+0j)
ESFGt (-3.9802479836243896e-29+1.0992678059245715e-28j)
ESFGw (1.5478460527185156e-13+4.205156188541448e-13j)
intensity 2.0079165972944723e-25
finishing 10.287999999999968
starting: 10.295999999999967
some stuff:
tdelaylist (1+0j)
ESFGt (-1.8521921288576118e-29+8.219874908328341e-29j)
ESFGw (1.700631822865173e-13+1.641312953604146e-13j)
intensity 5.586056808610485e-26
finishing 10.295999999999967
starting: 10.303999999999967
some stuff:
tdelaylist (1+0j)
ESFGt (1.5303766595728245e-30+5.242657371119358e-29j)
ESFGw (1.5267127839724282e-13-6.180017435297724e-14j)
intensity 2.712778079750681e-26
finishing 10.303999999999967
starting: 10.311999999999966
some stuff:
tdelaylist (1+0j)
ESFGt (2.090151717339061e-29+2.2206647180621298e-29j)
ESFGw (1.0297145081050729e-13-2.4729870928830167e-13j)
intensity 7.175977129768064e-26
finishing 10.311999999999966
starting: 10.319999999999965
some stuff:
tdelaylist (1+0j)
ESFGt (3.971975865308444e-29-9.66712758514548e-30j)
ESFGw (2.358530037938067e-14-3.8506480989908276e-13j)
intensity 1.4883117421660234e-25
finishing 10.319999999999965
starting: 10.327999999999964
some stuff:
tdelaylist (1+0j)
ESFGt (5.674271592358521e-29-4.216843794122868e-29j)
ESFGw (-8.073283794957087e-14-4.707332613984594e-13j)
intensity 2.281075945102219e-25
finishing 10.327999999999964
starting: 10.335999999999963
some stuff:
tdelaylist (1+0j)
ESFGt (7.120040701265374e-29-7.31106690984674e-29j)
ESFGw (-2.0343904512387656e-13-5.031630494201078e-13j)
intensity 2.945604993826566e-25
finishing 10.335999999999963
starting: 10.343999999999962
some stuff:
tdelaylist (1+0j)
ESFGt (8.616234074453857e-29-1.033104072423708e-28j)
ESFGw (-3.365031777530225e-13-4.843699226431131e-13j)
intensity 3.4784861059917756e-25
finishing 10.343999999999962
starting: 10.351999999999961
some stuff:
tdelaylist (1+0j)
ESFGt (9.999605789713412e-29-1.321711646682229e-28j)
ESFGw (-4.710465958263077e-13-4.194014927016987e-13j)
intensity 3.9778250751996585e-25
finishing 10.351999999999961
starting: 10.35999999999996
some stuff:
tdelaylist (1+0j)
ESFGt (1.1147362376497539e-28-1.6027258485794945e-28j)
ESFGw (-5.978707112719306e-13-3.1596817176571257e-13j)
intensity 4.57285272965771e-25
finishing 10.35999999999996
starting: 10.36799999999996
some stuff:
tdelaylist (1+0j)
ESFGt (1.2291906111525952e-28-1.8511386047410263e-28j)
ESFGw (-7.080443002738246e-13-1.839743635212443e-13j)
intensity 5.351732975832966e-25
finishing 10.36799999999996
starting: 10.375999999999959
some stuff:
tdelaylist (1+0j)
ESFGt (1.3351542855159443e-28-2.0850409213382677e-28j)
ESFGw (-7.935325573721341e-13-3.488702382536957e-14j)
intensity 6.309110240409514e-25
finishing 10.375999999999959
starting: 10.383999999999958
some stuff:
tdelaylist (1+0j)
ESFGt (1.4245986493700126e-28-2.307669430847846e-28j)
ESFGw (-8.477619647950796e-13+1.18924835257328e-13j)
intensity 7.328434653941964e-25
finishing 10.383999999999958
starting: 10.391999999999957
some stuff:
tdelaylist (1+0j)
ESFGt (1.4882073325817084e-28-2.492614551835035e-28j)
ESFGw (-8.660194956988665e-13+2.6491395882510815e-13j)
intensity 8.2016917251090995e-25
finishing 10.391999999999957
starting: 10.399999999999956
some stuff:
tdelaylist (1+0j)
ESFGt (1.5410891107438455e-28-2.645796702034757e-28j)
ESFGw (-8.458264470767585e-13+3.911489188102024e-13j)
intensity 8.68419855260883e-25
finishing 10.399999999999956
MID-level running in PID 3824522 (name=__main__)
E1_shared element:  0j
E1 element:  (7.517411329896179e-10-9.837988068993388e-10j)
this thing psm_f25cbbf5
ill try to just make an array with this now
testfreq element:  0.0
did it
starting: 10.0
some stuff:
tdelaylist (1+0j)
ESFGt (-7.866745656620982e-29+1.660889150131345e-28j)
ESFGw (-1.6928949561623163e-14-3.2932098888160954e-13j)
intensity 1.0873890305122116e-25
finishing 10.0
starting: 10.008
some stuff:
tdelaylist (1+0j)
ESFGt (-7.972804211245957e-29+1.162799317461938e-28j)
ESFGw (-8.304750116761017e-14+1.3139619600699426e-13j)
intensity 2.4161847775292673e-26
finishing 10.008
starting: 10.015999999999998
some stuff:
tdelaylist (1+0j)
ESFGt (-8.362423600577417e-29+7.53654496765579e-29j)
ESFGw (-1.756681822576156e-13+5.578003337003423e-13j)
intensity 3.420005225339082e-25
finishing 10.015999999999998
starting: 10.023999999999997
some stuff:
tdelaylist (1+0j)
ESFGt (-7.796236590232671e-29+3.497325103173812e-29j)
ESFGw (-2.8939838806613105e-13+9.339885635728518e-13j)
intensity 9.56086063900154e-25
finishing 10.023999999999997
starting: 10.031999999999996
some stuff:
tdelaylist (1+0j)
ESFGt (-7.376674750188308e-29-1.3130218531241424e-29j)
ESFGw (-4.1720197175437734e-13+1.2467535684401732e-12j)
intensity 1.7284519456540458e-24
finishing 10.031999999999996
starting: 10.039999999999996
some stuff:
tdelaylist (1+0j)
ESFGt (-7.615337460615702e-29-5.689211349731201e-29j)
ESFGw (-5.509794009928015e-13+1.486265104044815e-12j)
intensity 2.512562259819731e-24
finishing 10.039999999999996
starting: 10.047999999999995
some stuff:
tdelaylist (1+0j)
ESFGt (-7.143518660679757e-29-9.2487131980342e-29j)
ESFGw (-6.821075822227574e-13+1.6465058483294825e-12j)
intensity 3.176252262308965e-24
finishing 10.047999999999995
starting: 10.055999999999994
some stuff:
tdelaylist (1+0j)
ESFGt (-5.82030689371619e-29-1.3455842462339048e-28j)
ESFGw (-8.020892977578242e-13+1.7256213818983568e-12j)
intensity 3.621116395242433e-24
finishing 10.055999999999994
starting: 10.063999999999993
some stuff:
tdelaylist (1+0j)
ESFGt (-5.253907483297194e-29-1.811573244238147e-28j)
ESFGw (-9.030848985291939e-13+1.7259960821691678e-12j)
intensity 3.794624809614802e-24
finishing 10.063999999999993
starting: 10.071999999999992
some stuff:
tdelaylist (1+0j)
ESFGt (-5.083500240263432e-29-2.1846140337113587e-28j)
ESFGw (-9.784586335603862e-13+1.6540865899195012e-12j)
intensity 3.693383744540382e-24
finishing 10.071999999999992
starting: 10.079999999999991
some stuff:
tdelaylist (1+0j)
ESFGt (-3.92435201413262e-29-2.517967453185943e-28j)
ESFGw (-1.0232851892222339e-12+1.5201191000402403e-12j)
intensity 3.3578746567887324e-24
finishing 10.079999999999991
starting: 10.08799999999999
some stuff:
tdelaylist (1+0j)
ESFGt (-2.878541373927794e-29-2.917069618922182e-28j)
ESFGw (-1.0345483150708823e-12+1.3374492485729306e-12j)
intensity 2.8590607087242978e-24
finishing 10.08799999999999
starting: 10.09599999999999
some stuff:
tdelaylist (1+0j)
ESFGt (-2.579526855718449e-29-3.259223075339896e-28j)
ESFGw (-1.0114149101569936e-12+1.1219029177889084e-12j)
intensity 2.281626277431145e-24
finishing 10.09599999999999
starting: 10.103999999999989
some stuff:
tdelaylist (1+0j)
ESFGt (-1.7858847917946768e-29-3.4855246022065285e-28j)
ESFGw (-9.552402271961746e-13+8.90809995213182e-13j)
intensity 1.7060263392255087e-24
finishing 10.103999999999989
starting: 10.111999999999988
some stuff:
tdelaylist (1+0j)
ESFGt (-1.2851928942342444e-30-3.7378583730596914e-28j)
ESFGw (-8.694017727961523e-13+6.621387466099193e-13j)
intensity 1.1942871623032475e-24
finishing 10.111999999999988
starting: 10.119999999999987
some stuff:
tdelaylist (1+0j)
ESFGt (9.252320737299628e-30-4.041068503321811e-28j)
ESFGw (-7.591245340665687e-13+4.5338212351087037e-13j)
intensity 7.818254081410112e-25
finishing 10.119999999999987
starting: 10.127999999999986
some stuff:
tdelaylist (1+0j)
ESFGt (1.4336307473532563e-29-4.245890306551461e-28j)
ESFGw (-6.310004602161357e-13+2.8063489032614797e-13j)
intensity 4.769175224613441e-25
finishing 10.127999999999986
starting: 10.135999999999985
some stuff:
tdelaylist (1+0j)
ESFGt (2.688818348946603e-29-4.3904432166686885e-28j)
ESFGw (-4.925842719827322e-13+1.5758921945163706e-13j)
intensity 2.6747362709213456e-25
finishing 10.135999999999985
starting: 10.143999999999984
some stuff:
tdelaylist (1+0j)
ESFGt (3.8513866817686047e-29-4.599291106857814e-28j)
ESFGw (-3.518522279088998e-13+9.475233098132918e-14j)
intensity 1.327779945108517e-25
finishing 10.143999999999984
starting: 10.151999999999983
some stuff:
tdelaylist (1+0j)
ESFGt (3.776836830039455e-29-4.741727901448647e-28j)
ESFGw (-2.1661058363653396e-13+9.881331863859089e-14j)
intensity 5.668421688373157e-26
finishing 10.151999999999983
starting: 10.159999999999982
some stuff:
tdelaylist (1+0j)
ESFGt (3.922226391207915e-29-4.742998366339061e-28j)
ESFGw (-9.400206307796921e-14+1.7215916192636627e-13j)
intensity 3.8475164898103297e-26
finishing 10.159999999999982
starting: 10.167999999999981
some stuff:
tdelaylist (1+0j)
ESFGt (4.873729635204179e-29-4.721658912091973e-28j)
ESFGw (9.986803051198478e-15+3.126891107152474e-13j)
intensity 9.787421619507568e-26
finishing 10.167999999999981
starting: 10.17599999999998
some stuff:
tdelaylist (1+0j)
ESFGt (5.401876613921287e-29-4.724104993584622e-28j)
ESFGw (9.090731639682659e-14+5.13845910266042e-13j)
intensity 2.7230175967160987e-25
finishing 10.17599999999998
starting: 10.18399999999998
some stuff:
tdelaylist (1+0j)
ESFGt (5.54411744890186e-29-4.6088572140571225e-28j)
ESFGw (1.4614004451019014e-13+7.649002958798334e-13j)
intensity 6.064293752464971e-25
finishing 10.18399999999998
starting: 10.191999999999979
some stuff:
tdelaylist (1+0j)
ESFGt (6.640763118134267e-29-4.425034037540505e-28j)
ESFGw (1.7500757787392018e-13+1.0515026349633416e-12j)
intensity 1.1362854436481465e-24
finishing 10.191999999999979
starting: 10.199999999999978
some stuff:
tdelaylist (1+0j)
ESFGt (8.029117490636223e-29-4.31208185742084e-28j)
ESFGw (1.7881009173326134e-13+1.3563906942071213e-12j)
intensity 1.871768764237334e-24
finishing 10.199999999999978
starting: 10.207999999999977
some stuff:
tdelaylist (1+0j)
ESFGt (8.221006693097222e-29-4.199338670792795e-28j)
ESFGw (1.6064233276935624e-13+1.6603298597095417e-12j)
intensity 2.782501202120688e-24
finishing 10.207999999999977
starting: 10.215999999999976
some stuff:
tdelaylist (1+0j)
ESFGt (8.36543225485846e-29-3.973104231739753e-28j)
ESFGw (1.2517330921779646e-13+1.9431678488501802e-12j)
intensity 3.791569646145572e-24
finishing 10.215999999999976
starting: 10.223999999999975
some stuff:
tdelaylist (1+0j)
ESFGt (9.083459469171238e-29-3.731839103773029e-28j)
ESFGw (7.822041625527021e-14+2.1849501374848757e-12j)
intensity 4.780125536814325e-24
finishing 10.223999999999975
starting: 10.231999999999974
some stuff:
tdelaylist (1+0j)
ESFGt (9.040481232795569e-29-3.5288943205188173e-28j)
ESFGw (2.6330500280113966e-14+2.367044060758161e-12j)
intensity 5.603590880815487e-24
finishing 10.231999999999974
starting: 10.239999999999974
some stuff:
tdelaylist (1+0j)
ESFGt (8.13771821636406e-29-3.214453935704931e-28j)
ESFGw (-2.37474970243845e-14+2.4732334236166054e-12j)
intensity 6.1174475113092366e-24
finishing 10.239999999999974
starting: 10.247999999999973
some stuff:
tdelaylist (1+0j)
ESFGt (8.07027747235004e-29-2.7976042009287625e-28j)
ESFGw (-6.55803536475652e-14+2.490688211231884e-12j)
intensity 6.2078285483540225e-24
finishing 10.247999999999973
starting: 10.255999999999972
some stuff:
tdelaylist (1+0j)
ESFGt (8.518272005182883e-29-2.433048655125761e-28j)
ESFGw (-9.351026897252979e-14+2.4107547555440867e-12j)
intensity 5.820482661781744e-24
finishing 10.255999999999972
starting: 10.263999999999971
some stuff:
tdelaylist (1+0j)
ESFGt (8.180509972315914e-29-2.074369048232237e-28j)
ESFGw (-1.0311543285901337e-13+2.2296019197565187e-12j)
intensity 4.981757513075656e-24
finishing 10.263999999999971
starting: 10.27199999999997
some stuff:
tdelaylist (1+0j)
ESFGt (7.647690262494965e-29-1.6231478398301154e-28j)
ESFGw (-9.153398525252321e-14+1.9484552860049575e-12j)
intensity 3.80485647201687e-24
finishing 10.27199999999997
starting: 10.27999999999997
some stuff:
tdelaylist (1+0j)
ESFGt (7.994448353628777e-29-1.1949243931716055e-28j)
ESFGw (-5.767348404406292e-14+1.573777566599155e-12j)
intensity 2.4801020598925386e-24
finishing 10.27999999999997
starting: 10.287999999999968
some stuff:
tdelaylist (1+0j)
ESFGt (7.782941608065549e-29-8.491572296696046e-29j)
ESFGw (-2.3436114160446664e-15+1.1169908314262456e-12j)
intensity 1.2476740100047645e-24
finishing 10.287999999999968
starting: 10.295999999999967
some stuff:
tdelaylist (1+0j)
ESFGt (6.524032297317951e-29-4.451052429501606e-29j)
ESFGw (7.187393041840906e-14+5.940085662931027e-13j)
intensity 3.5801203870337777e-25
finishing 10.295999999999967
starting: 10.303999999999967
some stuff:
tdelaylist (1+0j)
ESFGt (5.661972195131828e-29+4.470929169108191e-30j)
ESFGw (1.6076246237006764e-13+2.4495379682965002e-14j)
intensity 2.644459293310003e-26
finishing 10.303999999999967
starting: 10.311999999999966
some stuff:
tdelaylist (1+0j)
ESFGt (5.234749123553226e-29+4.710775349615577e-29j)
ESFGw (2.587641472623359e-13-5.690745184111501e-13j)
intensity 3.9080469141328625e-25
finishing 10.311999999999966
starting: 10.319999999999965
some stuff:
tdelaylist (1+0j)
ESFGt (4.027029429704135e-29+8.721843405684204e-29j)
ESFGw (3.594132370193792e-13-1.1624997839354556e-12j)
intensity 1.4805836225947296e-24
finishing 10.319999999999965
starting: 10.327999999999964
some stuff:
tdelaylist (1+0j)
ESFGt (2.747947948232231e-29+1.369978440605806e-28j)
ESFGw (4.558066164089825e-13-1.7311794359153865e-12j)
intensity 3.204741910898521e-24
finishing 10.327999999999964
starting: 10.335999999999963
some stuff:
tdelaylist (1+0j)
ESFGt (2.5222905105729918e-29+1.8555884050457004e-28j)
ESFGw (5.41144386245751e-13-2.251202696479382e-12j)
intensity 5.360750827401329e-24
finishing 10.335999999999963
starting: 10.343999999999962
some stuff:
tdelaylist (1+0j)
ESFGt (2.1957125511989765e-29+2.2145001506207396e-28j)
ESFGw (6.091910829952862e-13-2.700717254000562e-12j)
intensity 7.664987461657306e-24
finishing 10.343999999999962
starting: 10.351999999999961
some stuff:
tdelaylist (1+0j)
ESFGt (1.0191081810612075e-29+2.581129487100541e-28j)
ESFGw (6.547705086457078e-13-3.060995901194019e-12j)
intensity 9.798420326118741e-24
finishing 10.351999999999961
starting: 10.35999999999996
some stuff:
tdelaylist (1+0j)
ESFGt (3.189703920956277e-30+2.9992872649705304e-28j)
ESFGw (6.742362744505126e-13-3.3174322663920286e-12j)
intensity 1.145995139588386e-23
finishing 10.35999999999996
starting: 10.36799999999996
some stuff:
tdelaylist (1+0j)
ESFGt (1.6282449337985578e-30+3.3175567332946498e-28j)
ESFGw (6.656611026278902e-13-3.4603058265969544e-12j)
intensity 1.2416821117132612e-23
finishing 10.36799999999996
starting: 10.375999999999959
some stuff:
tdelaylist (1+0j)
ESFGt (-8.718096640867865e-30+3.5594695069269256e-28j)
ESFGw (6.291000706482031e-13-3.485253752266715e-12j)
intensity 1.254276061657879e-23
finishing 10.375999999999959
starting: 10.383999999999958
some stuff:
tdelaylist (1+0j)
ESFGt (-2.230499684329358e-29+3.8722555903290354e-28j)
ESFGw (5.666075247878766e-13-3.393547595709201e-12j)
intensity 1.1837209371489941e-23
finishing 10.383999999999958
starting: 10.391999999999957
some stuff:
tdelaylist (1+0j)
ESFGt (-2.5879646011884255e-29+4.1683887320836675e-28j)
ESFGw (4.821134810817362e-13-3.1919987486528356e-12j)
intensity 1.0421289420042018e-23
finishing 10.391999999999957
starting: 10.399999999999956
some stuff:
tdelaylist (1+0j)
ESFGt (-2.8594228281774893e-29+4.328796681792922e-28j)
ESFGw (3.811881366111436e-13-2.892564660017527e-12j)
intensity 8.512234707875389e-24
finishing 10.399999999999956
MID-level running in PID 3824522 (name=__main__)
E1_shared element:  0j
E1 element:  (-7.324645957611237e-10+9.585717260675052e-10j)
this thing psm_58bb6c9c
ill try to just make an array with this now
testfreq element:  0.0
did it
starting: 10.0
some stuff:
tdelaylist (1+0j)
ESFGt (-1.7500009459448651e-29+1.2360991155845812e-28j)
ESFGw (2.1924172546872178e-13+3.0805501378960987e-13j)
intensity 1.4296482570741912e-25
finishing 10.0
starting: 10.008
some stuff:
tdelaylist (1+0j)
ESFGt (-1.7091401792650844e-29+1.1520524957764945e-28j)
ESFGw (2.395890560599745e-13-5.430150686741575e-13j)
intensity 3.522682805909096e-25
finishing 10.008
starting: 10.015999999999998
some stuff:
tdelaylist (1+0j)
ESFGt (-1.6814182044670434e-29+9.799548302703464e-29j)
ESFGw (2.160137303405807e-13-1.3890106512898237e-12j)
intensity 1.976012521092233e-24
finishing 10.015999999999998
starting: 10.023999999999997
some stuff:
tdelaylist (1+0j)
ESFGt (-2.2547561889337172e-29+8.106269341428714e-29j)
ESFGw (1.4708373408112152e-13-2.1937998292975713e-12j)
intensity 4.834391315857299e-24
finishing 10.023999999999997
starting: 10.031999999999996
some stuff:
tdelaylist (1+0j)
ESFGt (-2.5355417943253693e-29+6.752982654942862e-29j)
ESFGw (3.4413877997296893e-14-2.9231144414720855e-12j)
intensity 8.545782352941475e-24
finishing 10.031999999999996
starting: 10.039999999999996
some stuff:
tdelaylist (1+0j)
ESFGt (-2.4302428300439638e-29+4.785158167123958e-29j)
ESFGw (-1.1730698877554513e-13-3.5463255596002163e-12j)
intensity 1.2590185904289372e-23
finishing 10.039999999999996
starting: 10.047999999999995
some stuff:
tdelaylist (1+0j)
ESFGt (-2.944128419774297e-29+2.4617213791587017e-29j)
ESFGw (-3.0053173491473295e-13-4.037980019799825e-12j)
intensity 1.6395601963993457e-23
finishing 10.047999999999995
starting: 10.055999999999994
some stuff:
tdelaylist (1+0j)
ESFGt (-3.692143346034461e-29+6.96224493040054e-30j)
ESFGw (-5.052744247308061e-13-4.379024053091651e-12j)
intensity 1.9431153901842275e-23
finishing 10.055999999999994
starting: 10.063999999999993
some stuff:
tdelaylist (1+0j)
ESFGt (-3.775047135188351e-29-8.643796605198153e-30j)
ESFGw (-7.195698030482145e-13-4.557810726057987e-12j)
intensity 2.129141931602808e-23
finishing 10.063999999999993
starting: 10.071999999999992
some stuff:
tdelaylist (1+0j)
ESFGt (-3.783325765743e-29-3.08687713179112e-29j)
ESFGw (-9.303152866124709e-13-4.570524514413421e-12j)
intensity 2.1755180869358882e-23
finishing 10.071999999999992
starting: 10.079999999999991
some stuff:
tdelaylist (1+0j)
ESFGt (-4.3428814645084295e-29-5.22026654532094e-29j)
ESFGw (-1.1239034876375786e-12-4.4213521732672234e-12j)
intensity 2.0811514089578707e-23
finishing 10.079999999999991
starting: 10.08799999999999
some stuff:
tdelaylist (1+0j)
ESFGt (-4.613982303599024e-29-6.812680220184965e-29j)
ESFGw (-1.2871921410695375e-12-4.122150537577696e-12j)
intensity 1.8648988662483266e-23
finishing 10.08799999999999
starting: 10.09599999999999
some stuff:
tdelaylist (1+0j)
ESFGt (-4.323814325477075e-29-8.805539107749828e-29j)
ESFGw (-1.4082372420953781e-12-3.6917179382922605e-12j)
intensity 1.5611913465933255e-23
finishing 10.09599999999999
starting: 10.103999999999989
some stuff:
tdelaylist (1+0j)
ESFGt (-4.6101506810209934e-29-1.1167142128416226e-28j)
ESFGw (-1.477139591199439e-12-3.154731684218426e-12j)
intensity 1.213427337130047e-23
finishing 10.103999999999989
starting: 10.111999999999988
some stuff:
tdelaylist (1+0j)
ESFGt (-5.200267540195937e-29-1.2828755453597339e-28j)
ESFGw (-1.486711795339879e-12-2.5403290582204363e-12j)
intensity 8.663583686441855e-24
finishing 10.111999999999988
starting: 10.119999999999987
some stuff:
tdelaylist (1+0j)
ESFGt (-5.216823954949303e-29-1.4077931859199225e-28j)
ESFGw (-1.432924959243742e-12-1.880585964730841e-12j)
intensity 5.589877509566307e-24
finishing 10.119999999999987
starting: 10.127999999999986
some stuff:
tdelaylist (1+0j)
ESFGt (-4.972727155130996e-29-1.5793436766732769e-28j)
ESFGw (-1.3153254527220604e-12-1.2087223583145956e-12j)
intensity 3.1910907860680907e-24
finishing 10.127999999999986
starting: 10.135999999999985
some stuff:
tdelaylist (1+0j)
ESFGt (-5.248963249438638e-29-1.7353938243212082e-28j)
ESFGw (-1.1371016975236792e-12-5.57373591725252e-13j)
intensity 1.6036655912639403e-24
finishing 10.135999999999985
starting: 10.143999999999984
some stuff:
tdelaylist (1+0j)
ESFGt (-5.138580493082864e-29-1.8169466168773023e-28j)
ESFGw (-9.049705429475807e-13+4.308879641978791e-14j)
intensity 8.208283279797449e-25
finishing 10.143999999999984
starting: 10.151999999999983
some stuff:
tdelaylist (1+0j)
ESFGt (-4.3122677359915464e-29-1.9278354489417832e-28j)
ESFGw (-6.288728218728501e-13+5.66198130047546e-13j)
intensity 7.160613485596594e-25
finishing 10.151999999999983
starting: 10.159999999999982
some stuff:
tdelaylist (1+0j)
ESFGt (-3.9156425884082813e-29-2.093442102351165e-28j)
ESFGw (-3.21397422564651e-13+9.906138409565557e-13j)
intensity 1.0846120851259009e-24
finishing 10.159999999999982
starting: 10.167999999999981
some stuff:
tdelaylist (1+0j)
ESFGt (-4.027744237239421e-29-2.2050053973391196e-28j)
ESFGw (2.877906246645523e-15+1.301221283500631e-12j)
intensity 1.6931851109793935e-24
finishing 10.167999999999981
starting: 10.17599999999998
some stuff:
tdelaylist (1+0j)
ESFGt (-3.7341830865283427e-29-2.2695835850331815e-28j)
ESFGw (3.282625907208292e-13+1.4897475614228384e-12j)
intensity 2.327104125232044e-24
finishing 10.17599999999998
starting: 10.18399999999998
some stuff:
tdelaylist (1+0j)
ESFGt (-3.382183729394949e-29-2.3714308380471826e-28j)
ESFGw (6.388821763292363e-13+1.5550824516985529e-12j)
intensity 2.8264518668119633e-24
finishing 10.18399999999998
starting: 10.191999999999979
some stuff:
tdelaylist (1+0j)
ESFGt (-3.776180471609775e-29-2.4386001651175757e-28j)
ESFGw (9.195881903178993e-13+1.503169116956471e-12j)
intensity 3.1051598339438455e-24
finishing 10.191999999999979
starting: 10.199999999999978
some stuff:
tdelaylist (1+0j)
ESFGt (-4.0966145516552277e-29-2.408607334597588e-28j)
ESFGw (1.1568931576610986e-12+1.3464958315001496e-12j)
intensity 3.151452802490347e-24
finishing 10.199999999999978
starting: 10.207999999999977
some stuff:
tdelaylist (1+0j)
ESFGt (-3.63585289004251e-29-2.3558018638863333e-28j)
ESFGw (1.3398318912671847e-12+1.1032659161247516e-12j)
intensity 3.0123451785391884e-24
finishing 10.207999999999977
starting: 10.215999999999976
some stuff:
tdelaylist (1+0j)
ESFGt (-3.2850107459717946e-29-2.3389287502661556e-28j)
ESFGw (1.4605565021308387e-12+7.962623616020181e-13j)
intensity 2.7672590444206936e-24
finishing 10.215999999999976
starting: 10.223999999999975
some stuff:
tdelaylist (1+0j)
ESFGt (-3.2700162904959825e-29-2.2617258472838104e-28j)
ESFGw (1.514909725441882e-12+4.514799992194618e-13j)
intensity 2.4987856659336034e-24
finishing 10.223999999999975
starting: 10.231999999999974
some stuff:
tdelaylist (1+0j)
ESFGt (-2.656888706225726e-29-2.1365217095980665e-28j)
ESFGw (1.502636556849346e-12+9.657899480153276e-14j)
intensity 2.267244124216932e-24
finishing 10.231999999999974
starting: 10.239999999999974
some stuff:
tdelaylist (1+0j)
ESFGt (-1.7525743193697757e-29-2.062963598942819e-28j)
ESFGw (1.4274493045918213e-12-2.407145663352317e-13j)
intensity 2.0955550196256332e-24
finishing 10.239999999999974
starting: 10.247999999999973
some stuff:
tdelaylist (1+0j)
ESFGt (-1.5920342911152627e-29-1.9981493531752022e-28j)
ESFGw (1.296800774402973e-12-5.341525832758265e-13j)
intensity 1.9670112307123893e-24
finishing 10.247999999999973
starting: 10.255999999999972
some stuff:
tdelaylist (1+0j)
ESFGt (-1.6464069421797794e-29-1.839847996547706e-28j)
ESFGw (1.1214310730034427e-12-7.60521853826468e-13j)
intensity 1.8360011416453007e-24
finishing 10.255999999999972
starting: 10.263999999999971
some stuff:
tdelaylist (1+0j)
ESFGt (-9.592260726099801e-30-1.6642066575597046e-28j)
ESFGw (9.147040763712866e-13-9.008739934590615e-13j)
intensity 1.6482574994211255e-24
finishing 10.263999999999971
starting: 10.27199999999997
some stuff:
tdelaylist (1+0j)
ESFGt (-6.427227516341293e-30-1.5203377422145422e-28j)
ESFGw (6.918016506873848e-13-9.415593305028835e-13j)
intensity 1.3651234967508286e-24
finishing 10.27199999999997
starting: 10.27999999999997
some stuff:
tdelaylist (1+0j)
ESFGt (-7.727690834509104e-30-1.3193370441798673e-28j)
ESFGw (4.687565439975838e-13-8.750868953077973e-13j)
intensity 9.855097718799985e-25
finishing 10.27999999999997
starting: 10.287999999999968
some stuff:
tdelaylist (1+0j)
ESFGt (-2.771844267261566e-30-1.0505015049547197e-28j)
ESFGw (2.6148137474701905e-13-7.00349717455695e-13j)
intensity 5.588622360798629e-25
finishing 10.287999999999968
starting: 10.295999999999967
some stuff:
tdelaylist (1+0j)
ESFGt (7.118674546432826e-30-8.300233846252249e-29j)
ESFGw (8.468833273544973e-14-4.228570618658445e-13j)
intensity 1.859802084713249e-25
finishing 10.295999999999967
starting: 10.303999999999967
some stuff:
tdelaylist (1+0j)
ESFGt (1.181777278789862e-29-6.361396390847786e-29j)
ESFGw (-4.894934284294106e-14-5.426128296681654e-14j)
intensity 5.3403249939607194e-27
finishing 10.303999999999967
starting: 10.311999999999966
some stuff:
tdelaylist (1+0j)
ESFGt (1.4655434382701003e-29-3.785548301123964e-29j)
ESFGw (-1.297026722135719e-13+3.881508829628455e-13j)
intensity 1.674838911241778e-25
finishing 10.311999999999966
starting: 10.319999999999965
some stuff:
tdelaylist (1+0j)
ESFGt (2.239798359510888e-29-1.344981151216502e-29j)
ESFGw (-1.5138779986545448e-13+8.825273411366963e-13j)
intensity 8.017727738019096e-25
finishing 10.319999999999965
starting: 10.327999999999964
some stuff:
tdelaylist (1+0j)
ESFGt (2.7891550954813797e-29+5.498760952355608e-30j)
ESFGw (-1.1183697197492126e-13+1.4035118553468173e-12j)
intensity 1.982353036399585e-24
finishing 10.327999999999964
starting: 10.335999999999963
some stuff:
tdelaylist (1+0j)
ESFGt (2.592522138547863e-29+2.785775935960407e-29j)
ESFGw (-1.2987657824203858e-14+1.9237085882584104e-12j)
intensity 3.700823411794925e-24
finishing 10.335999999999963
starting: 10.343999999999962
some stuff:
tdelaylist (1+0j)
ESFGt (2.6980947861260043e-29+5.66614025124603e-29j)
ESFGw (1.3908449045252347e-13+2.415079854850566e-12j)
intensity 5.851955200789468e-24
finishing 10.343999999999962
starting: 10.351999999999961
some stuff:
tdelaylist (1+0j)
ESFGt (3.2911386262344956e-29+8.170924436545975e-29j)
ESFGw (3.3456332322601146e-13+2.850459451808618e-12j)
intensity 8.237051703653122e-24
finishing 10.351999999999961
starting: 10.35999999999996
some stuff:
tdelaylist (1+0j)
ESFGt (3.3565937628069263e-29+1.0304006230257152e-28j)
ESFGw (5.604850351198509e-13+3.20497534761488e-12j)
intensity 1.0586010453412425e-23
finishing 10.35999999999996
starting: 10.36799999999996
some stuff:
tdelaylist (1+0j)
ESFGt (3.279537343347812e-29+1.2972743486957245e-28j)
ESFGw (8.014283681134771e-13+3.4573819501781955e-12j)
intensity 1.2595777378635018e-23
finishing 10.36799999999996
starting: 10.375999999999959
some stuff:
tdelaylist (1+0j)
ESFGt (3.799797262784462e-29+1.5607866269585405e-28j)
ESFGw (1.0405348457864783e-12+3.5911039766856057e-12j)
intensity 1.3978740536663058e-23
finishing 10.375999999999959
starting: 10.383999999999958
some stuff:
tdelaylist (1+0j)
ESFGt (4.278554181851771e-29+1.745235134496349e-28j)
ESFGw (1.2604930120507785e-12+3.5951493518315836e-12j)
intensity 1.4513941495403905e-23
finishing 10.383999999999958
starting: 10.391999999999957
some stuff:
tdelaylist (1+0j)
ESFGt (4.0567872984165995e-29+1.9327587202095808e-28j)
ESFGw (1.4446499552178693e-12+3.464666054053822e-12j)
intensity 1.4090924359223874e-23
finishing 10.391999999999957
starting: 10.399999999999956
some stuff:
tdelaylist (1+0j)
ESFGt (4.0312953210376616e-29+2.1656018975888216e-28j)
ESFGw (1.5780037866675034e-12+3.201162425414683e-12j)
intensity 1.2737536824623798e-23
finishing 10.399999999999956
MID-level running in PID 3824522 (name=__main__)
E1_shared element:  0j
E1 element:  (7.397199639011573e-10-9.680667798919434e-10j)
this thing psm_1aa4d3b6
ill try to just make an array with this now
testfreq element:  0.0
did it
starting: 10.0
some stuff:
tdelaylist (1+0j)
ESFGt (-3.7826493446565043e-22+9.193617294515098e-22j)
ESFGw (-1.9547957003096528e-12+4.2476742609376394e-13j)
intensity 4.0016535962194285e-24
finishing 10.0
starting: 10.008
some stuff:
tdelaylist (1+0j)
ESFGt (-3.9965135692283177e-23+1.1896957101056264e-21j)
ESFGw (-1.4668609209234074e-12+3.2576207356638243e-12j)
intensity 1.2763773818759181e-23
finishing 10.008
starting: 10.015999999999998
some stuff:
tdelaylist (1+0j)
ESFGt (2.2876410924246825e-22+1.0789568966029243e-21j)
ESFGw (-8.938474960196174e-13+5.894729149247269e-12j)
intensity 3.5546795089125956e-23
finishing 10.015999999999998
starting: 10.023999999999997
some stuff:
tdelaylist (1+0j)
ESFGt (1.8499655346548648e-22+1.0696317800683058e-21j)
ESFGw (-2.6958296706069973e-13+8.181878785595842e-12j)
intensity 6.701581543831253e-23
finishing 10.023999999999997
starting: 10.031999999999996
some stuff:
tdelaylist (1+0j)
ESFGt (3.5360335818711314e-22+1.2492814400355339e-21j)
ESFGw (3.692818620337768e-13+9.985529764167111e-12j)
intensity 9.984717376469441e-23
finishing 10.031999999999996
starting: 10.039999999999996
some stuff:
tdelaylist (1+0j)
ESFGt (6.64165317838793e-22+1.1320168268719119e-21j)
ESFGw (9.851876259237002e-13+1.1200814581391327e-11j)
intensity 1.2642884194498178e-22
finishing 10.039999999999996
starting: 10.047999999999995
some stuff:
tdelaylist (1+0j)
ESFGt (6.427788502822939e-22+8.817543720379505e-22j)
ESFGw (1.542059882564395e-12+1.1757488212194023e-11j)
intensity 1.4061647774129594e-22
finishing 10.047999999999995
starting: 10.055999999999994
some stuff:
tdelaylist (1+0j)
ESFGt (5.184249452887503e-22+9.889160116803195e-22j)
ESFGw (2.00734914801437e-12+1.16239439948429e-11j)
intensity 1.3914552459727832e-22
finishing 10.055999999999994
starting: 10.063999999999993
some stuff:
tdelaylist (1+0j)
ESFGt (7.810269543072928e-22+1.1042836418206697e-21j)
ESFGw (2.3539174082154446e-12+1.0809372494313685e-11j)
intensity 1.2238346088552495e-22
finishing 10.063999999999993
starting: 10.071999999999992
some stuff:
tdelaylist (1+0j)
ESFGt (1.002761023267434e-21+8.76429794194171e-22j)
ESFGw (2.561832690428645e-12+9.362390203382365e-12j)
intensity 9.421733705413892e-23
finishing 10.071999999999992
starting: 10.079999999999991
some stuff:
tdelaylist (1+0j)
ESFGt (9.462754041347417e-22+7.251841930423275e-22j)
ESFGw (2.6190005025794605e-12+7.36904808007477e-12j)
intensity 6.116203323896512e-23
finishing 10.079999999999991
starting: 10.08799999999999
some stuff:
tdelaylist (1+0j)
ESFGt (1.0531297385312282e-21+8.194759339008988e-22j)
ESFGw (2.52240762999012e-12+4.9470852761523965e-12j)
intensity 3.0836192981356206e-23
finishing 10.08799999999999
starting: 10.09599999999999
some stuff:
tdelaylist (1+0j)
ESFGt (1.3683305033601908e-21+6.533070356613164e-22j)
ESFGw (2.277960806096324e-12+2.239159378747413e-12j)
intensity 1.0202940157543513e-23
finishing 10.09599999999999
starting: 10.103999999999989
some stuff:
tdelaylist (1+0j)
ESFGt (1.3456999789870732e-21+2.7579017736089636e-22j)
ESFGw (1.9005803875149496e-12-5.954915380246284e-13j)
intensity 3.966815981265414e-24
finishing 10.103999999999989
starting: 10.111999999999988
some stuff:
tdelaylist (1+0j)
ESFGt (1.143880512261125e-21+2.467556906987962e-22j)
ESFGw (1.4122713415387622e-12-3.390466726815866e-12j)
intensity 1.3489774967777188e-23
finishing 10.111999999999988
starting: 10.119999999999987
some stuff:
tdelaylist (1+0j)
ESFGt (1.259056637430457e-21+3.173689101593518e-22j)
ESFGw (8.422342684388795e-13-5.98215053881912e-12j)
intensity 3.649548363202667e-23
finishing 10.119999999999987
starting: 10.127999999999986
some stuff:
tdelaylist (1+0j)
ESFGt (1.3906836801348485e-21+9.928249476239877e-23j)
ESFGw (2.2389468751216057e-13-8.218759874056847e-12j)
intensity 6.759814269850308e-23
finishing 10.127999999999986
starting: 10.135999999999985
some stuff:
tdelaylist (1+0j)
ESFGt (1.1975927898398188e-21-3.2990651420894094e-23j)
ESFGw (-4.0635897424756706e-13-9.969985774460621e-12j)
intensity 9.956574395889868e-23
finishing 10.135999999999985
starting: 10.143999999999984
some stuff:
tdelaylist (1+0j)
ESFGt (1.2052144188529313e-21+1.071931758454209e-22j)
ESFGw (-1.011613535994993e-12-1.1133771855853514e-11j)
intensity 1.249842376844041e-22
finishing 10.143999999999984
starting: 10.151999999999983
some stuff:
tdelaylist (1+0j)
ESFGt (1.4897946859849194e-21-1.1067686539824423e-23j)
ESFGw (-1.5562208639796626e-12-1.1643120495508086e-11j)
intensity 1.3798407825040604e-22
finishing 10.151999999999983
starting: 10.159999999999982
some stuff:
tdelaylist (1+0j)
ESFGt (1.471556110473004e-21-4.29761884965613e-22j)
ESFGw (-2.0085729954266718e-12-1.1468949921711324e-11j)
intensity 1.3557117778467947e-22
finishing 10.159999999999982
starting: 10.167999999999981
some stuff:
tdelaylist (1+0j)
ESFGt (1.2009195755953223e-21-6.041625986310224e-22j)
ESFGw (-2.3420965687692696e-12-1.0622891889050523e-11j)
intensity 1.1833124842389618e-22
finishing 10.167999999999981
starting: 10.17599999999998
some stuff:
tdelaylist (1+0j)
ESFGt (1.1370396914147247e-21-6.589057158296574e-22j)
ESFGw (-2.537694230100862e-12-9.155415574974013e-12j)
intensity 9.026152635596397e-23
finishing 10.17599999999998
starting: 10.18399999999998
some stuff:
tdelaylist (1+0j)
ESFGt (1.054450726291487e-21-1.0037645271067185e-21j)
ESFGw (-2.584022405771602e-12-7.153813565835554e-12j)
intensity 5.785422032826246e-23
finishing 10.18399999999998
starting: 10.191999999999979
some stuff:
tdelaylist (1+0j)
ESFGt (5.795802069078298e-22-1.242960715194935e-21j)
ESFGw (-2.478648362946867e-12-4.736092160811944e-12j)
intensity 2.857426666284354e-23
finishing 10.191999999999979
starting: 10.199999999999978
some stuff:
tdelaylist (1+0j)
ESFGt (2.33968900425651e-22-1.0448124289905077e-21j)
ESFGw (-2.2281803138679557e-12-2.0448105014780893e-12j)
intensity 9.146037498063776e-24
finishing 10.199999999999978
starting: 10.207999999999977
some stuff:
tdelaylist (1+0j)
ESFGt (2.586607436277853e-22-9.598482469263703e-22j)
ESFGw (-1.8474661904466227e-12+7.618940200959656e-13j)
intensity 3.993613822701348e-24
finishing 10.207999999999977
starting: 10.215999999999976
some stuff:
tdelaylist (1+0j)
ESFGt (1.597807099841325e-22-1.1079080231044078e-21j)
ESFGw (-1.3591211489583088e-12+3.519352777953122e-12j)
intensity 1.423305427323211e-23
finishing 10.215999999999976
starting: 10.223999999999975
some stuff:
tdelaylist (1+0j)
ESFGt (-6.318809273069428e-23-1.068225326374153e-21j)
ESFGw (-7.920226974267308e-13+6.065987989689603e-12j)
intensity 3.7423510244297625e-23
finishing 10.223999999999975
starting: 10.231999999999974
some stuff:
tdelaylist (1+0j)
ESFGt (4.167727194762205e-23-9.063842582667076e-22j)
ESFGw (-1.7951872627319787e-13+8.252885354276263e-12j)
intensity 6.814234364391038e-23
finishing 10.231999999999974
starting: 10.239999999999974
some stuff:
tdelaylist (1+0j)
ESFGt (2.0357943185671523e-22-1.1311796007850507e-21j)
ESFGw (4.4223999462467134e-13+9.952356430295572e-12j)
intensity 9.924497472849128e-23
finishing 10.239999999999974
starting: 10.247999999999973
some stuff:
tdelaylist (1+0j)
ESFGt (-4.81716826546473e-23-1.437601609505412e-21j)
ESFGw (1.0368745792521672e-12+1.1065689597272721e-11j)
intensity 1.2352459515628907e-22
finishing 10.247999999999973
starting: 10.255999999999972
some stuff:
tdelaylist (1+0j)
ESFGt (-3.141355903263336e-22-1.3526658841378644e-21j)
ESFGw (1.5695162183804179e-12+1.1528537673111128e-11j)
intensity 1.3537056204010173e-22
finishing 10.255999999999972
starting: 10.263999999999971
some stuff:
tdelaylist (1+0j)
ESFGt (-2.96998645583427e-22-1.3356155540845312e-21j)
ESFGw (2.0090561159147313e-12+1.1314906910725453e-11j)
intensity 1.32063424875277e-22
finishing 10.263999999999971
starting: 10.27199999999997
some stuff:
tdelaylist (1+0j)
ESFGt (-4.701249281273815e-22-1.5246797014912718e-21j)
ESFGw (2.3299209783722574e-12+1.0438272642077084e-11j)
intensity 1.1438606751579405e-22
finishing 10.27199999999997
starting: 10.27999999999997
some stuff:
tdelaylist (1+0j)
ESFGt (-8.641781302314298e-22-1.4118309102053177e-21j)
ESFGw (2.5134664315140665e-12+8.951285893066263e-12j)
intensity 8.644303264175513e-23
finishing 10.27999999999997
starting: 10.287999999999968
some stuff:
tdelaylist (1+0j)
ESFGt (-9.261407247590568e-22-1.0754678774702136e-21j)
ESFGw (2.549238597993053e-12+6.941999058929227e-12j)
intensity 5.468996836367187e-23
finishing 10.287999999999968
starting: 10.295999999999967
some stuff:
tdelaylist (1+0j)
ESFGt (-7.921921755700905e-22-1.0561827523435618e-21j)
ESFGw (2.435407344542062e-12+4.529134012276614e-12j)
intensity 2.6444263835010282e-23
finishing 10.295999999999967
starting: 10.303999999999967
some stuff:
tdelaylist (1+0j)
ESFGt (-9.838347392965785e-22-1.1796355747199022e-21j)
ESFGw (2.1789636067692797e-12+1.854632766806752e-12j)
intensity 8.187545099338258e-24
finishing 10.303999999999967
starting: 10.311999999999966
some stuff:
tdelaylist (1+0j)
ESFGt (-1.186590795926121e-21-1.0056262692616115e-21j)
ESFGw (1.7952150183075943e-12-9.241982179553077e-13j)
intensity 4.076939308028902e-24
finishing 10.311999999999966
starting: 10.319999999999965
some stuff:
tdelaylist (1+0j)
ESFGt (-1.1166612255089838e-21-8.799582815741526e-22j)
ESFGw (1.3068782167557913e-12-3.644350446418976e-12j)
intensity 1.4989220849744982e-23
finishing 10.319999999999965
starting: 10.327999999999964
some stuff:
tdelaylist (1+0j)
ESFGt (-1.2144690323743234e-21-1.0656504519966458e-21j)
ESFGw (7.428224702010766e-13-6.146362065140298e-12j)
intensity 3.832955185803134e-23
finishing 10.327999999999964
starting: 10.335999999999963
some stuff:
tdelaylist (1+0j)
ESFGt (-1.618132058061857e-21-1.0107231939962257e-21j)
ESFGw (1.363752860639167e-13-8.284101703226465e-12j)
intensity 6.864493924804863e-23
finishing 10.335999999999963
starting: 10.343999999999962
some stuff:
tdelaylist (1+0j)
ESFGt (-1.7831636007294498e-21-6.495000972744458e-22j)
ESFGw (-4.769847711250108e-13-9.93282713024346e-12j)
intensity 9.888856927118571e-23
finishing 10.343999999999962
starting: 10.351999999999961
some stuff:
tdelaylist (1+0j)
ESFGt (-1.675808530132462e-21-5.181633981128073e-22j)
ESFGw (-1.0611112682967772e-12-1.099654135111594e-11j)
intensity 1.2204987881050919e-22
finishing 10.351999999999961
starting: 10.35999999999996
some stuff:
tdelaylist (1+0j)
ESFGt (-1.8176369454162782e-21-4.728874435497721e-22j)
ESFGw (-1.581930766936246e-12-1.1413966126416764e-11j)
intensity 1.3278112768636877e-22
finishing 10.35999999999996
starting: 10.36799999999996
some stuff:
tdelaylist (1+0j)
ESFGt (-1.9608579211312413e-21-1.511087084887103e-22j)
ESFGw (-2.0089069296957973e-12-1.1161688760752408e-11j)
intensity 1.2861900304408643e-22
finishing 10.36799999999996
starting: 10.375999999999959
some stuff:
tdelaylist (1+0j)
ESFGt (-1.718552637427671e-21+1.7143223201951904e-22j)
ESFGw (-2.317306069254954e-12-1.025564789342015e-11j)
intensity 1.10548221132419e-22
finishing 10.375999999999959
starting: 10.383999999999958
some stuff:
tdelaylist (1+0j)
ESFGt (-1.5178054706580835e-21+1.4123800665445635e-22j)
ESFGw (-2.4891365010826227e-12-8.749851537759312e-12j)
intensity 8.275570245385083e-23
finishing 10.383999999999958
starting: 10.391999999999957
some stuff:
tdelaylist (1+0j)
ESFGt (-1.6454212102940316e-21+2.3999405027580425e-22j)
ESFGw (-2.514634334094268e-12-6.733540808268046e-12j)
intensity 5.1663957650816805e-23
finishing 10.391999999999957
starting: 10.399999999999956
some stuff:
tdelaylist (1+0j)
ESFGt (-1.5759557709450594e-21+6.364484607968643e-22j)
ESFGw (-2.392714498755666e-12-4.325862584808604e-12j)
intensity 2.443816977520255e-23
finishing 10.399999999999956
