Top-level running in PID 83908 (name=__main__)
MID-level running in PID 83908 (name=__main__)
/lustre06/project/6067427/ncosta/CPI_Project/two_interfaces/interfaces_jul21.py:382: RuntimeWarning: divide by zero encountered in divide
  waveList = 2 * np.pi * c / freqList * 1e-6
starting: 1
some stuff:
tdelaylist (1+0j)
ESFGt (2.2152481781435972e-27-1.1932163258895443e-26j)
ESFGw (4.9236656418649716e-14-1.824408679684808e-14j)
intensity 2.7570950383390867e-27
finishing 1
starting: 2
some stuff:
tdelaylist (1+0j)
ESFGt (1.7918554342466615e-26-2.5481397452811883e-26j)
ESFGw (3.1481761642027095e-14-1.1666882737682016e-14j)
intensity 1.127217468900231e-27
finishing 2
starting: 3
some stuff:
tdelaylist (1+0j)
ESFGt (1.0399849685559017e-26-9.582197897117553e-27j)
ESFGw (-7.306351704206016e-14+2.708120186434293e-14j)
intensity 6.071669016972707e-27
finishing 3
starting: 4
some stuff:
tdelaylist (1+0j)
ESFGt (-1.9242295268462516e-26+2.3897468876468026e-26j)
ESFGw (-4.1988981736018616e-15+1.5794657248768829e-15j)
intensity 2.012545784833791e-29
finishing 4
starting: 5
some stuff:
tdelaylist (1+0j)
ESFGt (-2.076243094978092e-26+2.910518539459055e-26j)
ESFGw (7.539108226595204e-15-2.7903027111086942e-15j)
intensity 6.462394207193602e-29
finishing 5
starting: 6
some stuff:
tdelaylist (1+0j)
ESFGt (3.6174323406125824e-28+7.625727470488948e-27j)
ESFGw (8.479892135704326e-14-3.1416709511677965e-14j)
intensity 8.177866699859163e-27
finishing 6
starting: 7
some stuff:
tdelaylist (1+0j)
ESFGt (6.646410099708385e-27-7.802254742517582e-27j)
ESFGw (-7.328751321089566e-14+2.7156228654678927e-14j)
intensity 6.1085203473824115e-27
finishing 7
starting: 8
some stuff:
tdelaylist (1+0j)
ESFGt (3.424605362236576e-27-1.523379379174357e-26j)
ESFGw (-4.367166350771612e-15+1.609823385706477e-15j)
intensity 2.1663673268479305e-29
finishing 8
starting: 9
some stuff:
tdelaylist (1+0j)
ESFGt (9.890481961194177e-27-1.5401028606156454e-26j)
ESFGw (-4.000445807950115e-14+1.4798058611820153e-14j)
intensity 1.819339204913429e-27
finishing 9
starting: 10
some stuff:
tdelaylist (1+0j)
ESFGt (1.758619834530066e-27+2.6942266965158665e-27j)
ESFGw (1.1216483471188088e-13-4.156223976092832e-14j)
intensity 1.4308369919888446e-26
finishing 10
MID-level running in PID 83908 (name=__main__)
/lustre06/project/6067427/ncosta/CPI_Project/two_interfaces/interfaces_jul21.py:382: RuntimeWarning: divide by zero encountered in divide
  waveList = 2 * np.pi * c / freqList * 1e-6
starting: 1
some stuff:
tdelaylist (1+0j)
ESFGt (1.9101011023325094e-28+4.0183527708848256e-29j)
ESFGw (7.19684728478498e-14-4.333117198385139e-12j)
intensity 1.878108411602513e-23
finishing 1
starting: 2
some stuff:
tdelaylist (1+0j)
ESFGt (2.406214938402139e-28-3.2607339100171436e-29j)
ESFGw (1.526053589051557e-13+8.816003482792212e-13j)
intensity 8.005075696526156e-25
finishing 2
starting: 3
some stuff:
tdelaylist (1+0j)
ESFGt (-1.4152997875199798e-29-3.006592181832642e-28j)
ESFGw (2.3489977324375744e-12+9.640899190088703e-14j)
intensity 5.527085040716212e-24
finishing 3
starting: 4
some stuff:
tdelaylist (1+0j)
ESFGt (-1.9925490799161333e-28-6.186978235546222e-28j)
ESFGw (-1.878027247603775e-12+5.0019120789723814e-12j)
intensity 2.854611078851203e-23
finishing 4
starting: 5
some stuff:
tdelaylist (1+0j)
ESFGt (-6.610383717363254e-29-6.00839887538173e-28j)
ESFGw (-1.5575665757161516e-12-5.014377801870751e-12j)
intensity 2.7569998377682275e-23
finishing 5
starting: 6
some stuff:
tdelaylist (1+0j)
ESFGt (1.9222580686702954e-28-4.740655515819906e-28j)
ESFGw (-4.498276751085939e-13+6.52216128327332e-13j)
intensity 6.277308153438975e-25
finishing 6
starting: 7
some stuff:
tdelaylist (1+0j)
ESFGt (3.1705419261135794e-28-6.800300045337472e-28j)
ESFGw (9.09816926658591e-13-2.1836239413874914e-12j)
intensity 5.595980357435126e-24
finishing 7
starting: 8
some stuff:
tdelaylist (1+0j)
ESFGt (1.2071035030017746e-28-8.975634509529633e-28j)
ESFGw (3.693748432120891e-12+5.451614853990705e-12j)
intensity 4.3363881996047627e-23
finishing 8
starting: 9
some stuff:
tdelaylist (1+0j)
ESFGt (2.7566510780088263e-28-9.350860496216348e-28j)
ESFGw (-2.118567474229671e-12-2.3816747185545495e-12j)
intensity 1.0160702607865781e-23
finishing 9
starting: 10
some stuff:
tdelaylist (1+0j)
ESFGt (5.516832938558257e-28-8.236697477572224e-28j)
ESFGw (3.1740452280382137e-13+1.2765049434149134e-13j)
intensity 1.1704027980194865e-25
finishing 10
MID-level running in PID 83908 (name=__main__)
/lustre06/project/6067427/ncosta/CPI_Project/two_interfaces/interfaces_jul21.py:382: RuntimeWarning: divide by zero encountered in divide
  waveList = 2 * np.pi * c / freqList * 1e-6
starting: 1
some stuff:
tdelaylist (1+0j)
ESFGt (1.4113224412582663e-28+1.410046113942426e-27j)
ESFGw (1.8192738981959167e-13+7.092021414578653e-12j)
intensity 5.032986532000877e-23
finishing 1
starting: 2
some stuff:
tdelaylist (1+0j)
ESFGt (-5.577918930019077e-29+8.554770540538627e-28j)
ESFGw (3.8882091990544154e-13+3.1115873766474067e-12j)
intensity 9.833157710267603e-24
finishing 2
starting: 3
some stuff:
tdelaylist (1+0j)
ESFGt (-3.6426526264524124e-28-7.811196185248015e-28j)
ESFGw (2.3769493318059887e-12-4.627666305712097e-12j)
intensity 2.7065183562995984e-23
finishing 3
starting: 4
some stuff:
tdelaylist (1+0j)
ESFGt (-3.836476993541419e-28-1.2903015832789632e-27j)
ESFGw (4.728110264418106e-13-6.7750145771316994e-12j)
intensity 4.612437278707199e-23
finishing 4
starting: 5
some stuff:
tdelaylist (1+0j)
ESFGt (-1.830651914281336e-28+3.2747452572495665e-28j)
ESFGw (-3.3241569219466527e-12+9.101192022242799e-13j)
intensity 1.1878336203983203e-23
finishing 5
starting: 6
some stuff:
tdelaylist (1+0j)
ESFGt (-1.1600034793801457e-28+1.9876909216314165e-27j)
ESFGw (6.769584892651892e-13+5.88263812661971e-12j)
intensity 3.506370412494807e-23
finishing 6
starting: 7
some stuff:
tdelaylist (1+0j)
ESFGt (-4.453732218079108e-28+1.2157050183447075e-27j)
ESFGw (-3.283609495419171e-12+5.276230841122498e-12j)
intensity 3.862070320721916e-23
finishing 7
starting: 8
some stuff:
tdelaylist (1+0j)
ESFGt (-7.682357904273597e-28-8.323898183822438e-28j)
ESFGw (2.978568780509505e-12-8.776382398600902e-13j)
intensity 9.6421208602906e-24
finishing 8
starting: 9
some stuff:
tdelaylist (1+0j)
ESFGt (-7.50353395476775e-28-1.1170636887227153e-27j)
ESFGw (1.9733173428626571e-13-8.918144001057726e-12j)
intensity 7.957223223695832e-23
finishing 9
starting: 10
some stuff:
tdelaylist (1+0j)
ESFGt (-5.627181472041699e-28+6.231275805403852e-28j)
ESFGw (1.1067357967575742e-12-1.1346834929981675e-12j)
intensity 2.512370753107145e-24
finishing 10
MID-level running in PID 83908 (name=__main__)
/lustre06/project/6067427/ncosta/CPI_Project/two_interfaces/interfaces_jul21.py:382: RuntimeWarning: divide by zero encountered in divide
  waveList = 2 * np.pi * c / freqList * 1e-6
starting: 1
some stuff:
tdelaylist (1+0j)
ESFGt (1.4095652558789283e-28+1.1046672765366555e-27j)
ESFGw (-1.780509767401739e-12+4.092684524614754e-12j)
intensity 1.9920281649834095e-23
finishing 1
starting: 2
some stuff:
tdelaylist (1+0j)
ESFGt (8.346339706341218e-29+9.695169843597905e-28j)
ESFGw (1.9877086088193607e-12+1.1398139376783689e-11j)
intensity 1.3386856676616144e-22
finishing 2
starting: 3
some stuff:
tdelaylist (1+0j)
ESFGt (-9.125448484732892e-29+2.281190893974105e-29j)
ESFGw (4.31643436271667e-13-4.883024540269787e-12j)
intensity 2.4030244716953386e-23
finishing 3
starting: 4
some stuff:
tdelaylist (1+0j)
ESFGt (-1.6580776036834438e-28-2.8948610036818986e-28j)
ESFGw (5.878466116659986e-12-3.114314361951642e-13j)
intensity 3.4653353424170126e-23
finishing 4
starting: 5
some stuff:
tdelaylist (1+0j)
ESFGt (2.966867394085586e-29+5.299932676967128e-28j)
ESFGw (-5.677291969874432e-12-1.5553051901928683e-11j)
intensity 2.7412906757528808e-22
finishing 5
starting: 6
some stuff:
tdelaylist (1+0j)
ESFGt (1.62383596105755e-28+1.4861622913934247e-27j)
ESFGw (2.039304489165339e-12+4.904396333493821e-12j)
intensity 2.8211866195517546e-23
finishing 6
starting: 7
some stuff:
tdelaylist (1+0j)
ESFGt (1.105807269077292e-28+1.4895518092295574e-27j)
ESFGw (-4.492345731521574e-12-1.6518036938251157e-12j)
intensity 2.2909625614454408e-23
finishing 7
starting: 8
some stuff:
tdelaylist (1+0j)
ESFGt (-9.681162705575654e-29+5.504087201894777e-28j)
ESFGw (-1.9743928714177628e-13+1.7791719486570656e-11j)
intensity 3.16584264560925e-22
finishing 8
starting: 9
some stuff:
tdelaylist (1+0j)
ESFGt (-2.777828167804003e-28-5.0089789730304115e-29j)
ESFGw (1.6178516859532976e-12-1.2610641697552438e-12j)
intensity 4.207726917982409e-24
finishing 9
starting: 10
some stuff:
tdelaylist (1+0j)
ESFGt (-9.594209451230639e-29+4.992951292814859e-28j)
ESFGw (-1.4216002507116965e-12+1.1081782193278489e-12j)
intensity 3.2490062386162e-24
finishing 10
MID-level running in PID 83908 (name=__main__)
/lustre06/project/6067427/ncosta/CPI_Project/two_interfaces/interfaces_jul21.py:382: RuntimeWarning: divide by zero encountered in divide
  waveList = 2 * np.pi * c / freqList * 1e-6
starting: 1
some stuff:
tdelaylist (1+0j)
ESFGt (3.51581740663906e-21-4.452289126904186e-22j)
ESFGw (-1.0281470119721803e-10-3.28929106174769e-10j)
intensity 1.1876521967120569e-19
finishing 1
starting: 2
some stuff:
tdelaylist (1+0j)
ESFGt (3.912804992298177e-21+1.962857079501779e-21j)
ESFGw (3.341732446315859e-11+9.259382149906514e-11j)
intensity 9.690333354076755e-21
finishing 2
starting: 3
some stuff:
tdelaylist (1+0j)
ESFGt (1.675604818376368e-21+1.8672954908419707e-21j)
ESFGw (-2.9032887205460156e-12+1.0358372493080026e-10j)
intensity 1.0738017155934542e-20
finishing 3
starting: 4
some stuff:
tdelaylist (1+0j)
ESFGt (9.486183925681445e-22-1.1583759955147655e-21j)
ESFGw (-4.377470608218914e-11-4.4946421584590723e-11j)
intensity 3.93640570584181e-21
finishing 4
starting: 5
some stuff:
tdelaylist (1+0j)
ESFGt (9.514228767299094e-22-1.553646975607504e-21j)
ESFGw (-2.4406990317693555e-11-9.113485660572351e-11j)
intensity 8.901263264913774e-21
finishing 5
starting: 6
some stuff:
tdelaylist (1+0j)
ESFGt (-7.380494586797226e-22-2.2528584968629338e-22j)
ESFGw (-7.400996482331834e-12-6.694439447230138e-11j)
intensity 4.536326700194583e-21
finishing 6
starting: 7
some stuff:
tdelaylist (1+0j)
ESFGt (2.6461268784868023e-23-9.046992242487892e-23j)
ESFGw (4.3847009356667854e-12-2.4909622975410883e-12j)
intensity 2.543049546300836e-23
finishing 7
starting: 8
some stuff:
tdelaylist (1+0j)
ESFGt (6.903410727162813e-22+4.410501111501423e-22j)
ESFGw (8.90647451623483e-12+4.655812887999211e-11j)
intensity 2.246984653114296e-21
finishing 8
starting: 9
some stuff:
tdelaylist (1+0j)
ESFGt (5.82548895110897e-22+8.3105922360366885e-22j)
ESFGw (5.15267516154605e-12+4.284543032861965e-11j)
intensity 1.8622809613650144e-21
finishing 9
starting: 10
some stuff:
tdelaylist (1+0j)
ESFGt (9.269278443242926e-22+2.5511552748638233e-21j)
ESFGw (-1.99239583165145e-12+7.719797023852948e-13j)
intensity 4.5655938108769624e-24
finishing 10
MID-level running in PID 83908 (name=__main__)
/lustre06/project/6067427/ncosta/CPI_Project/two_interfaces/interfaces_jul21.py:382: RuntimeWarning: divide by zero encountered in divide
  waveList = 2 * np.pi * c / freqList * 1e-6
starting: 1
some stuff:
tdelaylist (1+0j)
ESFGt (-6.181368589468132e-23+2.531927839639878e-24j)
ESFGw (3.9956753183911786e-14-1.4528742792174754e-14j)
intensity 1.807626492121215e-27
finishing 1
starting: 2
some stuff:
tdelaylist (1+0j)
ESFGt (-3.3098685510821056e-23+5.9074662101368695e-24j)
ESFGw (1.2435798918408736e-15-6.509549843602969e-16j)
intensity 1.9702333390544735e-30
finishing 2
starting: 3
some stuff:
tdelaylist (1+0j)
ESFGt (3.7936702353960815e-23-4.859410411867872e-24j)
ESFGw (-1.8556120182089408e-14+6.880346986593011e-15j)
intensity 3.916687708680655e-28
finishing 3
starting: 4
some stuff:
tdelaylist (1+0j)
ESFGt (4.7248731348834797e-23-8.549654123668802e-24j)
ESFGw (-3.764241522652423e-14+1.385436904088877e-14j)
intensity 1.6088949656072008e-27
finishing 4
starting: 5
some stuff:
tdelaylist (1+0j)
ESFGt (-1.926162416232328e-23+2.705303788885533e-24j)
ESFGw (4.7523183305253625e-14-1.732945384413931e-14j)
intensity 2.558762922000891e-27
finishing 5
starting: 6
some stuff:
tdelaylist (1+0j)
ESFGt (-6.980848337451791e-23+2.5519318362804255e-24j)
ESFGw (2.9173712057239953e-15-1.2117043479697998e-15j)
intensity 9.979282178876394e-30
finishing 6
starting: 7
some stuff:
tdelaylist (1+0j)
ESFGt (-2.9430353527697193e-23-1.5952700613820889e-24j)
ESFGw (9.955686448848144e-15-3.885346905319054e-15j)
intensity 1.1421161324245092e-28
finishing 7
starting: 8
some stuff:
tdelaylist (1+0j)
ESFGt (4.1262059357878905e-23-4.047794589092243e-24j)
ESFGw (-6.310208432169784e-14+2.3629535828018078e-14j)
intensity 4.5402280091902526e-27
finishing 8
starting: 9
some stuff:
tdelaylist (1+0j)
ESFGt (3.273598727962878e-23-9.576608703482445e-24j)
ESFGw (4.004912720900755e-14-1.488349374301201e-14j)
intensity 1.825450976201547e-27
finishing 9
starting: 10
some stuff:
tdelaylist (1+0j)
ESFGt (-4.063945129475395e-23-1.9264942406132246e-24j)
ESFGw (1.3491811834409617e-15-4.833373284940379e-16j)
intensity 2.0539048388669078e-30
finishing 10
MID-level running in PID 83908 (name=__main__)
/lustre06/project/6067427/ncosta/CPI_Project/two_interfaces/interfaces_jul21.py:382: RuntimeWarning: divide by zero encountered in divide
  waveList = 2 * np.pi * c / freqList * 1e-6
starting: 1
some stuff:
tdelaylist (1+0j)
ESFGt (9.095888094804321e-27+3.2665870420022716e-25j)
ESFGw (2.0242869880338077e-12+2.4239343171528205e-12j)
intensity 9.973195383794095e-24
finishing 1
starting: 2
some stuff:
tdelaylist (1+0j)
ESFGt (-3.5792326446153457e-26+7.66601483676081e-27j)
ESFGw (-1.1447266745623352e-12-1.4157702787898074e-12j)
intensity 3.3148046417591116e-24
finishing 2
starting: 3
some stuff:
tdelaylist (1+0j)
ESFGt (-4.67757422021358e-25-4.293289646779006e-25j)
ESFGw (-9.802449650597733e-13+1.7489568820971968e-13j)
intensity 9.914686932793877e-25
finishing 3
starting: 4
some stuff:
tdelaylist (1+0j)
ESFGt (-9.163604450804907e-25-3.7584678165215956e-25j)
ESFGw (-2.1866883304078044e-13-1.895237439208941e-12j)
intensity 3.63974100952268e-24
finishing 4
starting: 5
some stuff:
tdelaylist (1+0j)
ESFGt (-8.782272950430194e-25-1.4768844923745483e-25j)
ESFGw (2.139665181144501e-12+3.553816962931222e-12j)
intensity 1.7207782093419824e-23
finishing 5
starting: 6
some stuff:
tdelaylist (1+0j)
ESFGt (-4.47034063757289e-25-8.803925698767847e-26j)
ESFGw (2.78090918348628e-13-1.947227101783966e-12j)
intensity 3.869027944789968e-24
finishing 6
starting: 7
some stuff:
tdelaylist (1+0j)
ESFGt (9.723450472260148e-26-2.4770233353055208e-25j)
ESFGw (-1.824043520393115e-12+1.3465704246096166e-13j)
intensity 3.345267283372442e-24
finishing 7
starting: 8
some stuff:
tdelaylist (1+0j)
ESFGt (4.454902519391642e-25-5.653731591328071e-25j)
ESFGw (-4.889196686397312e-13-1.802197280298401e-12j)
intensity 3.486957479497738e-24
finishing 8
starting: 9
some stuff:
tdelaylist (1+0j)
ESFGt (4.0604543555248655e-25-6.846788079191193e-25j)
ESFGw (-4.4951715960639405e-13+3.242617979681839e-12j)
intensity 1.0716637038936534e-23
finishing 9
starting: 10
some stuff:
tdelaylist (1+0j)
ESFGt (3.38972287511823e-25-4.398197689341594e-25j)
ESFGw (2.949185166911672e-12-4.914992024485088e-13j)
intensity 8.939264614739345e-24
finishing 10
MID-level running in PID 83908 (name=__main__)
/lustre06/project/6067427/ncosta/CPI_Project/two_interfaces/interfaces_jul21.py:382: RuntimeWarning: divide by zero encountered in divide
  waveList = 2 * np.pi * c / freqList * 1e-6
starting: 1
some stuff:
tdelaylist (1+0j)
ESFGt (-1.8565791209658066e-25-7.355458214978074e-26j)
ESFGw (3.659421290297393e-12+5.039710836152178e-12j)
intensity 3.8790049491911525e-23
finishing 1
starting: 2
some stuff:
tdelaylist (1+0j)
ESFGt (-1.1912054735105876e-25+2.371656878692356e-25j)
ESFGw (1.0231789374093303e-12-8.46009026722605e-13j)
intensity 1.7626264112542153e-24
finishing 2
starting: 3
some stuff:
tdelaylist (1+0j)
ESFGt (4.231679774094915e-25+4.105909168560061e-25j)
ESFGw (-3.813972141580857e-12-4.672785595960516e-13j)
intensity 1.476473274901303e-23
finishing 3
starting: 4
some stuff:
tdelaylist (1+0j)
ESFGt (9.723380362649544e-25+3.4388617136658206e-27j)
ESFGw (-8.926978080359138e-13-5.711801691343776e-12j)
intensity 3.3421587937709744e-23
finishing 4
starting: 5
some stuff:
tdelaylist (1+0j)
ESFGt (8.61003007403743e-25-1.3910166447673027e-25j)
ESFGw (-3.4641213508823654e-13+6.056362009121408e-12j)
intensity 3.679952215286548e-23
finishing 5
starting: 6
some stuff:
tdelaylist (1+0j)
ESFGt (2.8589845183037525e-25+2.891053898003981e-25j)
ESFGw (4.905760693507677e-12-8.412775684418783e-13j)
intensity 2.4774235929128397e-23
finishing 6
starting: 7
some stuff:
tdelaylist (1+0j)
ESFGt (-1.356993552830923e-25+6.575397424208528e-25j)
ESFGw (-7.721024340712201e-13+3.3600583253245997e-12j)
intensity 1.1886134118281853e-23
finishing 7
starting: 8
some stuff:
tdelaylist (1+0j)
ESFGt (-5.182498621780588e-25+6.082012177412335e-25j)
ESFGw (-1.7787312421579937e-13-7.408855647039747e-12j)
intensity 5.492278084699104e-23
finishing 8
starting: 9
some stuff:
tdelaylist (1+0j)
ESFGt (-5.751789967194231e-25+5.167657899801e-25j)
ESFGw (-2.9148254990229994e-12+1.706910654486471e-12j)
intensity 1.1409751672154108e-23
finishing 9
starting: 10
some stuff:
tdelaylist (1+0j)
ESFGt (-2.8155112894971682e-25+5.131161034989032e-25j)
ESFGw (-1.6041139770661683e-12-1.4206084225643067e-14j)
intensity 2.5733834642480653e-24
finishing 10
MID-level running in PID 83908 (name=__main__)
/lustre06/project/6067427/ncosta/CPI_Project/two_interfaces/interfaces_jul21.py:382: RuntimeWarning: divide by zero encountered in divide
  waveList = 2 * np.pi * c / freqList * 1e-6
starting: 1
some stuff:
tdelaylist (1+0j)
ESFGt (-7.681023464426981e-25+9.75464239113206e-25j)
ESFGw (4.432731959269631e-12-3.101685575046531e-13j)
intensity 1.9745317156794904e-23
finishing 1
starting: 2
some stuff:
tdelaylist (1+0j)
ESFGt (-5.945800480334628e-25+8.542741562535805e-25j)
ESFGw (6.302958155401939e-12+5.2265206051949065e-12j)
intensity 6.704379914527475e-23
finishing 2
starting: 3
some stuff:
tdelaylist (1+0j)
ESFGt (-1.7332419855320707e-26-1.5816625493117857e-25j)
ESFGw (-6.353436873829388e-12-3.624670008584019e-13j)
intensity 4.049754243644623e-23
finishing 3
starting: 4
some stuff:
tdelaylist (1+0j)
ESFGt (1.0347296789352512e-25-7.207869699787751e-25j)
ESFGw (-7.121213341232391e-14+5.862602070472178e-13j)
intensity 3.487721983121813e-25
finishing 4
starting: 5
some stuff:
tdelaylist (1+0j)
ESFGt (3.5304603505264603e-25-1.5343397835551592e-25j)
ESFGw (-6.856321066450732e-12-8.903967840812044e-12j)
intensity 1.262897818764712e-22
finishing 5
starting: 6
some stuff:
tdelaylist (1+0j)
ESFGt (5.425310134809581e-25+6.575236507690004e-25j)
ESFGw (4.705381917435858e-12+3.877308196731377e-12j)
intensity 3.7174137841372675e-23
finishing 6
starting: 7
some stuff:
tdelaylist (1+0j)
ESFGt (7.59239357694331e-26+6.921481055716716e-25j)
ESFGw (1.898993115534431e-12-1.8599635720484287e-12j)
intensity 7.065639342194314e-24
finishing 7
starting: 8
some stuff:
tdelaylist (1+0j)
ESFGt (-5.211848771839585e-25+1.8983638985550714e-25j)
ESFGw (3.2284522277770122e-12+1.1493500595705086e-11j)
intensity 1.4252345973051155e-22
finishing 8
starting: 9
some stuff:
tdelaylist (1+0j)
ESFGt (-3.873862230294928e-25-2.3661098453378853e-25j)
ESFGw (1.5279409681934197e-12-7.403869184408052e-12j)
intensity 5.715188250211101e-23
finishing 9
starting: 10
some stuff:
tdelaylist (1+0j)
ESFGt (2.0211202671461165e-25-4.7860326453694e-25j)
ESFGw (-3.764690382351832e-12+2.0309630713311044e-12j)
intensity 1.8297704672083052e-23
finishing 10
MID-level running in PID 83908 (name=__main__)
/lustre06/project/6067427/ncosta/CPI_Project/two_interfaces/interfaces_jul21.py:382: RuntimeWarning: divide by zero encountered in divide
  waveList = 2 * np.pi * c / freqList * 1e-6
starting: 1
some stuff:
tdelaylist (1+0j)
ESFGt (3.537357532274568e-27-4.939306140345818e-27j)
ESFGw (1.3079815008865125e-14-6.391588647236546e-15j)
intensity 2.1193396610161645e-28
finishing 1
starting: 2
some stuff:
tdelaylist (1+0j)
ESFGt (5.909757071330218e-27-1.1110385565028129e-26j)
ESFGw (8.2947971408176e-15-3.318309169109135e-15j)
intensity 7.981483534910958e-29
finishing 2
starting: 3
some stuff:
tdelaylist (1+0j)
ESFGt (9.616831913363062e-28-4.3248092108573056e-27j)
ESFGw (-2.050356412430787e-14+4.913062144618063e-15j)
intensity 4.445343214364838e-28
finishing 3
starting: 4
some stuff:
tdelaylist (1+0j)
ESFGt (-8.369274889091411e-27+8.295560780743775e-27j)
ESFGw (-4.839336396889049e-16+3.614946883501169e-15j)
intensity 1.3302032738157364e-29
finishing 4
starting: 5
some stuff:
tdelaylist (1+0j)
ESFGt (-7.95789619617041e-27+1.1679797139378141e-26j)
ESFGw (2.605337820482667e-15-9.95297594341693e-16j)
intensity 7.778402460139736e-30
finishing 5
starting: 6
some stuff:
tdelaylist (1+0j)
ESFGt (5.473488011892025e-28+5.339381752796317e-27j)
ESFGw (2.2551405187698492e-14-8.342285195972465e-15j)
intensity 5.781595982306957e-28
finishing 6
starting: 7
some stuff:
tdelaylist (1+0j)
ESFGt (4.3082607443265425e-27-1.7295359601890267e-27j)
ESFGw (-2.0313882954231532e-14+4.4748276264994225e-15j)
intensity 4.326779229651009e-28
finishing 7
starting: 8
some stuff:
tdelaylist (1+0j)
ESFGt (2.6925644399225608e-27-7.360848526758837e-27j)
ESFGw (-1.4118480690106239e-15+2.274222477005594e-15j)
intensity 7.165402844886486e-30
finishing 8
starting: 9
some stuff:
tdelaylist (1+0j)
ESFGt (2.0645568569329572e-27-8.195479569001432e-27j)
ESFGw (-9.656988750328388e-15+4.930951480464074e-15j)
intensity 1.1757171422665989e-28
finishing 9
starting: 10
some stuff:
tdelaylist (1+0j)
ESFGt (-1.7781588971155357e-27-1.812343538985923e-28j)
ESFGw (2.991270425800607e-14-1.0699394929064576e-14j)
intensity 1.0092469278750274e-27
finishing 10
MID-level running in PID 83908 (name=__main__)
/lustre06/project/6067427/ncosta/CPI_Project/two_interfaces/interfaces_jul21.py:382: RuntimeWarning: divide by zero encountered in divide
  waveList = 2 * np.pi * c / freqList * 1e-6
starting: 1
some stuff:
tdelaylist (1+0j)
ESFGt (2.763700207300199e-29-1.3260102710665475e-29j)
ESFGw (-7.547391531192993e-14-1.1052174800352255e-12j)
intensity 1.227201990067926e-24
finishing 1
starting: 2
some stuff:
tdelaylist (1+0j)
ESFGt (1.1330324479892292e-29-2.7780060017615706e-29j)
ESFGw (6.831557888831163e-14+2.664431175691817e-13j)
intensity 7.56589532188299e-26
finishing 2
starting: 3
some stuff:
tdelaylist (1+0j)
ESFGt (-3.288553535481896e-29-8.904120972874194e-29j)
ESFGw (4.803377747636395e-13-5.6366153064479896e-14j)
intensity 2.3390152107617323e-25
finishing 3
starting: 4
some stuff:
tdelaylist (1+0j)
ESFGt (-7.788891612523084e-29-1.7867746109255939e-28j)
ESFGw (-3.4935032297567226e-13+1.3008101540368244e-12j)
intensity 1.8141527050085134e-24
finishing 4
starting: 5
some stuff:
tdelaylist (1+0j)
ESFGt (-5.15827876443513e-29-1.8497384057112873e-28j)
ESFGw (-4.380246165780477e-13-1.3512403002069462e-12j)
intensity 2.0177159136317038e-24
finishing 5
starting: 6
some stuff:
tdelaylist (1+0j)
ESFGt (-5.111545966189093e-31-1.4441896545117774e-28j)
ESFGw (-9.056384114858318e-14+3.210279264642679e-13j)
intensity 1.1126073889353324e-25
finishing 6
starting: 7
some stuff:
tdelaylist (1+0j)
ESFGt (6.999505035632339e-29-1.776784635509707e-28j)
ESFGw (1.268089366152081e-13-6.107735844862461e-13j)
intensity 3.8912487791165735e-25
finishing 7
starting: 8
some stuff:
tdelaylist (1+0j)
ESFGt (-1.1649280672016161e-30-2.5221827148022855e-28j)
ESFGw (1.031881177726568e-12+1.4456257371731063e-12j)
intensity 3.1546125369236562e-24
finishing 8
starting: 9
some stuff:
tdelaylist (1+0j)
ESFGt (4.5225439388035034e-29-2.7516193965394253e-28j)
ESFGw (-5.052824478268825e-13-7.491802317405316e-13j)
intensity 8.165813717127227e-25
finishing 9
starting: 10
some stuff:
tdelaylist (1+0j)
ESFGt (1.3476613357005013e-28-2.250406982087087e-28j)
ESFGw (1.0274604517884756e-13+3.7874434491436126e-14j)
intensity 1.1991222587939868e-26
finishing 10
MID-level running in PID 83908 (name=__main__)
/lustre06/project/6067427/ncosta/CPI_Project/two_interfaces/interfaces_jul21.py:382: RuntimeWarning: divide by zero encountered in divide
  waveList = 2 * np.pi * c / freqList * 1e-6
starting: 1
some stuff:
tdelaylist (1+0j)
ESFGt (5.47563625132804e-29+3.808491106155686e-28j)
ESFGw (1.8894261155644188e-13+1.814463509997033e-12j)
intensity 3.32797713957252e-24
finishing 1
starting: 2
some stuff:
tdelaylist (1+0j)
ESFGt (-3.852844106684528e-29+2.519182326597518e-28j)
ESFGw (1.0528904137441231e-13+9.140535550677953e-13j)
intensity 8.465796837656181e-25
finishing 2
starting: 3
some stuff:
tdelaylist (1+0j)
ESFGt (-1.0952010807147944e-28-1.7251404159193246e-28j)
ESFGw (9.740073331210297e-13-1.3278943916672503e-12j)
intensity 2.711993800394877e-24
finishing 3
starting: 4
some stuff:
tdelaylist (1+0j)
ESFGt (-6.621272810540571e-29-3.1656536027630296e-28j)
ESFGw (-1.2589668890727879e-13-1.7368459101496647e-12j)
intensity 3.0324836918814333e-24
finishing 4
starting: 5
some stuff:
tdelaylist (1+0j)
ESFGt (-2.3173606294539913e-30+9.875982227374157e-29j)
ESFGw (-9.19242112984442e-13+1.128958038165706e-13j)
intensity 8.577515248034909e-25
finishing 5
starting: 6
some stuff:
tdelaylist (1+0j)
ESFGt (-2.988573075948661e-30+5.318082580577723e-28j)
ESFGw (-1.1746940226098346e-13+1.6318422307870506e-12j)
intensity 2.6767081266476104e-24
finishing 6
starting: 7
some stuff:
tdelaylist (1+0j)
ESFGt (-1.4128520885471043e-28+3.168407179471921e-28j)
ESFGw (-5.356493243749427e-13+1.3957398604935722e-12j)
intensity 2.235009956873949e-24
finishing 7
starting: 8
some stuff:
tdelaylist (1+0j)
ESFGt (-2.3084134341363234e-28-2.02968083433036e-28j)
ESFGw (7.859546347077639e-13-1.8230209009040266e-13j)
intensity 6.50958739869944e-25
finishing 8
starting: 9
some stuff:
tdelaylist (1+0j)
ESFGt (-1.561251746328175e-28-2.7968732562070285e-28j)
ESFGw (3.329662934259403e-13-2.293228107408396e-12j)
intensity 5.369761705165703e-24
finishing 9
starting: 10
some stuff:
tdelaylist (1+0j)
ESFGt (-7.866745656620982e-29+1.660889150131345e-28j)
ESFGw (-1.6928949561623163e-14-3.2932098888160954e-13j)
intensity 1.0873890305122116e-25
finishing 10
MID-level running in PID 83908 (name=__main__)
/lustre06/project/6067427/ncosta/CPI_Project/two_interfaces/interfaces_jul21.py:382: RuntimeWarning: divide by zero encountered in divide
  waveList = 2 * np.pi * c / freqList * 1e-6
starting: 1
some stuff:
tdelaylist (1+0j)
ESFGt (7.589181996609341e-29+2.8298823053142064e-28j)
ESFGw (-4.3081814157797105e-13+9.553824745212047e-13j)
intensity 1.0983599437349571e-24
finishing 1
starting: 2
some stuff:
tdelaylist (1+0j)
ESFGt (2.0252537627379313e-29+2.4731755653843006e-28j)
ESFGw (4.590689807459913e-13+3.206473281336386e-12j)
intensity 1.0492215233007293e-23
finishing 2
starting: 3
some stuff:
tdelaylist (1+0j)
ESFGt (-3.25862306070544e-29+7.094123453540196e-30j)
ESFGw (5.090710838984158e-13-1.446283847891805e-12j)
intensity 2.350890337134234e-24
finishing 3
starting: 4
some stuff:
tdelaylist (1+0j)
ESFGt (-2.500378272605832e-29-7.621150308392382e-29j)
ESFGw (1.6408458793082392e-12-1.5686237031520278e-14j)
intensity 2.692621257675038e-24
finishing 4
starting: 5
some stuff:
tdelaylist (1+0j)
ESFGt (5.373770515781262e-29+1.244956760802208e-28j)
ESFGw (-1.5103170450392334e-12-4.233219677574063e-12j)
intensity 2.0201206415136293e-23
finishing 5
starting: 6
some stuff:
tdelaylist (1+0j)
ESFGt (5.863888230398985e-29+3.815672082655029e-28j)
ESFGw (2.372004502537717e-13+1.2848645758456456e-12j)
intensity 1.7071410318636025e-24
finishing 6
starting: 7
some stuff:
tdelaylist (1+0j)
ESFGt (1.9672721371293845e-29+4.058722511945172e-28j)
ESFGw (-1.4880752879919967e-12-3.7099706987064884e-13j)
intensity 2.352006888585071e-24
finishing 7
starting: 8
some stuff:
tdelaylist (1+0j)
ESFGt (-4.4432412789443465e-29+1.4951711567182396e-28j)
ESFGw (7.538240864857215e-14+4.639341862067159e-12j)
intensity 2.1529175420662437e-23
finishing 8
starting: 9
some stuff:
tdelaylist (1+0j)
ESFGt (-8.076042383467094e-29-1.3120228098793334e-29j)
ESFGw (4.4265632825890577e-13-2.574850055392375e-13j)
intensity 2.6224315302519734e-25
finishing 9
starting: 10
some stuff:
tdelaylist (1+0j)
ESFGt (-1.7500009459448651e-29+1.2360991155845812e-28j)
ESFGw (2.1924172546872178e-13+3.0805501378960987e-13j)
intensity 1.4296482570741912e-25
finishing 10
MID-level running in PID 83908 (name=__main__)
/lustre06/project/6067427/ncosta/CPI_Project/two_interfaces/interfaces_jul21.py:382: RuntimeWarning: divide by zero encountered in divide
  waveList = 2 * np.pi * c / freqList * 1e-6
starting: 1
some stuff:
tdelaylist (1+0j)
ESFGt (1.2258287761908397e-21-3.028116850477747e-22j)
ESFGw (-3.5654867946988134e-11-8.671058315812274e-11j)
intensity 8.789994839938883e-21
finishing 1
starting: 2
some stuff:
tdelaylist (1+0j)
ESFGt (1.0909069403105692e-21+2.786109555112778e-22j)
ESFGw (8.374342885808517e-12+2.69475136649433e-11j)
intensity 7.962981114913978e-22
finishing 2
starting: 3
some stuff:
tdelaylist (1+0j)
ESFGt (9.429098117210698e-23+3.693758038042351e-22j)
ESFGw (-6.7127067793215645e-12+3.188690977928843e-11j)
intensity 1.06183544757763e-21
finishing 3
starting: 4
some stuff:
tdelaylist (1+0j)
ESFGt (-2.7856860242506395e-23-3.3295492472304616e-22j)
ESFGw (-1.6434707761359135e-11-1.0672424749502696e-11j)
intensity 3.840002692350759e-22
finishing 4
starting: 5
some stuff:
tdelaylist (1+0j)
ESFGt (6.510515728036547e-22-8.336452715862072e-22j)
ESFGw (-8.017489450118376e-12-2.4732597914134402e-11j)
intensity 6.759815366650048e-22
finishing 5
starting: 6
some stuff:
tdelaylist (1+0j)
ESFGt (-3.38748792516831e-22-9.616014794984452e-23j)
ESFGw (-8.017683739147685e-13-1.8539616022938965e-11j)
intensity 3.44360194803425e-22
finishing 6
starting: 7
some stuff:
tdelaylist (1+0j)
ESFGt (2.1216091118430003e-23+6.2290013243454675e-22j)
ESFGw (3.2598420490748126e-12-1.0110245973748988e-12j)
intensity 1.1648740921413352e-23
finishing 7
starting: 8
some stuff:
tdelaylist (1+0j)
ESFGt (3.161638187088152e-22+1.6210642064215814e-22j)
ESFGw (3.3739712412828027e-12+1.2559195003425394e-11j)
intensity 1.691170610710688e-22
finishing 8
starting: 9
some stuff:
tdelaylist (1+0j)
ESFGt (-2.52222103873248e-22+3.8528867873607505e-22j)
ESFGw (6.51692241837587e-13+1.179734348405459e-11j)
intensity 1.396020160588366e-22
finishing 9
starting: 10
some stuff:
tdelaylist (1+0j)
ESFGt (-3.7826493446565043e-22+9.193617294515098e-22j)
ESFGw (-1.9547957003096528e-12+4.2476742609376394e-13j)
intensity 4.0016535962194285e-24
finishing 10
MID-level running in PID 83908 (name=__main__)
/lustre06/project/6067427/ncosta/CPI_Project/two_interfaces/interfaces_jul21.py:382: RuntimeWarning: divide by zero encountered in divide
  waveList = 2 * np.pi * c / freqList * 1e-6
starting: 1
some stuff:
tdelaylist (1+0j)
ESFGt (-1.6261499696131034e-23+1.9973290038209647e-24j)
ESFGw (1.1289905642308806e-14-2.7574513852823834e-15j)
intensity 1.3506550755443193e-28
finishing 1
starting: 2
some stuff:
tdelaylist (1+0j)
ESFGt (-8.897878500799238e-24+8.089046662801462e-25j)
ESFGw (-2.955535122195485e-16-2.3469724427793714e-15j)
intensity 5.595631525751081e-30
finishing 2
starting: 3
some stuff:
tdelaylist (1+0j)
ESFGt (9.51434370910259e-24-1.7048410430100286e-24j)
ESFGw (-5.1236684166233726e-15+2.401616232272641e-15j)
intensity 3.201973857061929e-29
finishing 3
starting: 4
some stuff:
tdelaylist (1+0j)
ESFGt (1.2300893127030968e-23-5.452392348976386e-25j)
ESFGw (-9.979376266316953e-15+3.764241522652423e-15j)
intensity 1.1375746490559071e-28
finishing 4
starting: 5
some stuff:
tdelaylist (1+0j)
ESFGt (-4.9840499911955845e-24+3.32564011956401e-24j)
ESFGw (1.3250360010597095e-14-2.984483320200848e-15j)
intensity 1.8447918109898771e-28
finishing 5
starting: 6
some stuff:
tdelaylist (1+0j)
ESFGt (-1.8461652195869322e-23+1.646805982669872e-24j)
ESFGw (6.591407107625624e-16-1.95514177764311e-15j)
intensity 4.257045847270036e-30
finishing 6
starting: 7
some stuff:
tdelaylist (1+0j)
ESFGt (-7.918754489204858e-24-1.3593065833750735e-24j)
ESFGw (2.133791190614409e-15-1.2744254436480862e-15j)
intensity 6.177225056561279e-30
finishing 7
starting: 8
some stuff:
tdelaylist (1+0j)
ESFGt (1.0545730052167424e-23-1.2314244893820764e-24j)
ESFGw (-1.6805458934177064e-14+6.1794102820811325e-15j)
intensity 3.2060856142260182e-28
finishing 8
starting: 9
some stuff:
tdelaylist (1+0j)
ESFGt (8.423302853493788e-24-4.3463037476984385e-25j)
ESFGw (1.1013596718650875e-14-2.318891606511997e-15j)
intensity 1.2667657096382912e-28
finishing 9
starting: 10
some stuff:
tdelaylist (1+0j)
ESFGt (-1.0531195138607107e-23+1.896773628574521e-24j)
ESFGw (7.86886831735667e-16-7.062492951570576e-16j)
intensity 1.1179789528688362e-30
finishing 10
MID-level running in PID 83908 (name=__main__)
/lustre06/project/6067427/ncosta/CPI_Project/two_interfaces/interfaces_jul21.py:382: RuntimeWarning: divide by zero encountered in divide
  waveList = 2 * np.pi * c / freqList * 1e-6
starting: 1
some stuff:
tdelaylist (1+0j)
ESFGt (-5.037140972127551e-27+9.143669449825805e-26j)
ESFGw (5.944858320894308e-13+5.699811282677825e-13j)
intensity 6.782918911364772e-25
finishing 1
starting: 2
some stuff:
tdelaylist (1+0j)
ESFGt (-2.3461446484662833e-26+1.1937889289132128e-26j)
ESFGw (-2.8931848236601887e-13-3.880454985116799e-13j)
intensity 2.3428449315375455e-25
finishing 2
starting: 3
some stuff:
tdelaylist (1+0j)
ESFGt (-1.2925494825279352e-25-9.184244997061868e-26j)
ESFGw (-2.6703227302971033e-13+4.645155787796895e-14j)
intensity 7.346398206870405e-26
finishing 3
starting: 4
some stuff:
tdelaylist (1+0j)
ESFGt (-2.315765580205124e-25-8.907940571544442e-26j)
ESFGw (-8.371515286542675e-14-4.133043733645092e-13j)
intensity 1.7782873186151144e-25
finishing 4
starting: 5
some stuff:
tdelaylist (1+0j)
ESFGt (-2.248453547830488e-25-4.77480190410837e-26j)
ESFGw (5.470129557649805e-13+8.864575740119562e-13j)
intensity 1.0850302042979033e-24
finishing 5
starting: 6
some stuff:
tdelaylist (1+0j)
ESFGt (-1.193229552884057e-25-4.133008013463013e-26j)
ESFGw (1.701369080342463e-13-5.36283257385195e-13j)
intensity 3.1654629962712885e-25
finishing 6
starting: 7
some stuff:
tdelaylist (1+0j)
ESFGt (1.9384199809679073e-26-8.279522530129784e-26j)
ESFGw (-5.512272496094317e-13-1.0041013159822754e-14j)
intensity 3.039523026572544e-25
finishing 7
starting: 8
some stuff:
tdelaylist (1+0j)
ESFGt (1.1932093576537775e-25-1.5958757204455216e-25j)
ESFGw (-1.259699809741388e-13-4.0311330662401446e-13j)
intensity 1.783687740839716e-25
finishing 8
starting: 9
some stuff:
tdelaylist (1+0j)
ESFGt (1.1331992686451851e-25-1.8009775832035195e-25j)
ESFGw (-1.9004676304890111e-13+8.748171458072829e-13j)
intensity 8.01422810743766e-25
finishing 9
starting: 10
some stuff:
tdelaylist (1+0j)
ESFGt (8.804551129902953e-26-1.2330503921106992e-25j)
ESFGw (9.099424772701648e-13-1.33266986855618e-13j)
intensity 8.457554017261401e-25
finishing 10
MID-level running in PID 83908 (name=__main__)
/lustre06/project/6067427/ncosta/CPI_Project/two_interfaces/interfaces_jul21.py:382: RuntimeWarning: divide by zero encountered in divide
  waveList = 2 * np.pi * c / freqList * 1e-6
starting: 1
some stuff:
tdelaylist (1+0j)
ESFGt (-2.56872964441642e-26-2.5537589992969107e-26j)
ESFGw (1.1036625172794468e-12+1.2002243816866542e-12j)
intensity 2.6586095184427166e-24
finishing 1
starting: 2
some stuff:
tdelaylist (1+0j)
ESFGt (-8.503969370614895e-27+4.7161163583702925e-26j)
ESFGw (2.625543012169107e-13-2.5117429837406835e-13j)
intensity 1.320232892512058e-25
finishing 2
starting: 3
some stuff:
tdelaylist (1+0j)
ESFGt (1.1997362790181044e-25+8.164622682789519e-26j)
ESFGw (-8.727225756302581e-13-2.2345027304165876e-13j)
intensity 8.115747185371032e-25
finishing 3
starting: 4
some stuff:
tdelaylist (1+0j)
ESFGt (2.501873342380982e-25-9.661662160695696e-27j)
ESFGw (-4.3054839207745665e-13-1.340555704637536e-12j)
intensity 1.982461515156725e-24
finishing 4
starting: 5
some stuff:
tdelaylist (1+0j)
ESFGt (2.3255662099599267e-25-2.5562573275967063e-26j)
ESFGw (-6.201679794703985e-14+1.621418277419906e-12j)
intensity 2.632843313578938e-24
finishing 5
starting: 6
some stuff:
tdelaylist (1+0j)
ESFGt (8.854338346821355e-26+8.823873055689744e-26j)
ESFGw (1.2556660355586557e-12-2.2996253339069295e-13j)
intensity 1.629579959619057e-24
finishing 6
starting: 7
some stuff:
tdelaylist (1+0j)
ESFGt (-3.433342666520964e-26+1.828883679689563e-25j)
ESFGw (1.873024305099058e-14+8.11063347559704e-13j)
intensity 6.581745757595023e-25
finishing 7
starting: 8
some stuff:
tdelaylist (1+0j)
ESFGt (-1.5218038099312861e-25+1.7197023844716653e-25j)
ESFGw (-1.6315215237844294e-13-2.0386874697089774e-12j)
intensity 4.182865223974113e-24
finishing 8
starting: 9
some stuff:
tdelaylist (1+0j)
ESFGt (-1.644215752508399e-25+1.37547507974234e-25j)
ESFGw (-7.651884768172801e-13+5.328619490096997e-13j)
intensity 8.694552617563654e-25
finishing 9
starting: 10
some stuff:
tdelaylist (1+0j)
ESFGt (-7.680991971174548e-26+1.4092771821688299e-25j)
ESFGw (-6.399218177924326e-13-3.789720273705832e-15j)
intensity 4.0951429486652428e-25
finishing 10
MID-level running in PID 83908 (name=__main__)
/lustre06/project/6067427/ncosta/CPI_Project/two_interfaces/interfaces_jul21.py:382: RuntimeWarning: divide by zero encountered in divide
  waveList = 2 * np.pi * c / freqList * 1e-6
starting: 1
some stuff:
tdelaylist (1+0j)
ESFGt (-1.9650712557196993e-25+2.616843783600655e-25j)
ESFGw (1.2164401430592164e-12-2.4177361501731554e-13j)
intensity 1.5381811025644684e-24
finishing 1
starting: 2
some stuff:
tdelaylist (1+0j)
ESFGt (-1.8004157536467167e-25+2.0980801341589276e-25j)
ESFGw (1.5879988296552128e-12+1.3749383576122653e-12j)
intensity 4.412195770219839e-24
finishing 2
starting: 3
some stuff:
tdelaylist (1+0j)
ESFGt (-3.089504870267524e-26-5.635016326415506e-26j)
ESFGw (-1.5089761037923033e-12-3.7749794609687193e-13j)
intensity 2.419513581123556e-24
finishing 3
starting: 4
some stuff:
tdelaylist (1+0j)
ESFGt (2.0526271093465412e-26-1.986123906105223e-25j)
ESFGw (-3.968049847036248e-14+2.7485305698071727e-13j)
intensity 7.711874489050185e-26
finishing 4
starting: 5
some stuff:
tdelaylist (1+0j)
ESFGt (1.0861328194989937e-25-5.722405444269456e-26j)
ESFGw (-1.7361771742496757e-12-2.239968627248956e-12j)
intensity 8.03177063144516e-24
finishing 5
starting: 6
some stuff:
tdelaylist (1+0j)
ESFGt (1.473127272923424e-25+1.729501127243693e-25j)
ESFGw (1.0161056024360349e-12+1.1287550755190168e-12j)
intensity 2.3065586158118382e-24
finishing 6
starting: 7
some stuff:
tdelaylist (1+0j)
ESFGt (6.916797323520594e-27+1.824917564014214e-25j)
ESFGw (4.937437177859882e-13-4.4298592571934137e-13j)
intensity 4.400193892385514e-25
finishing 7
starting: 8
some stuff:
tdelaylist (1+0j)
ESFGt (-1.6655984632344901e-25+5.245625891042798e-26j)
ESFGw (9.24697818316389e-13+2.889136846428997e-12j)
intensity 9.202177772592777e-24
finishing 8
starting: 9
some stuff:
tdelaylist (1+0j)
ESFGt (-1.1866975675284429e-25-7.53989311260166e-26j)
ESFGw (5.067534933345108e-13-2.0537720829549855e-12j)
intensity 4.47477887173199e-24
finishing 9
starting: 10
some stuff:
tdelaylist (1+0j)
ESFGt (6.158341581627672e-26-1.3884113269730192e-25j)
ESFGw (-8.181985904770483e-13+5.071632133354931e-13j)
intensity 9.266634584194117e-25
finishing 10
Top-level running in PID 117888 (name=__main__)
MID-level running in PID 117888 (name=__main__)
/lustre06/project/6067427/ncosta/CPI_Project/two_interfaces/interfaces_jul21.py:382: RuntimeWarning: divide by zero encountered in divide
  waveList = 2 * np.pi * c / freqList * 1e-6
starting: 1
some stuff:
tdelaylist (1+0j)
ESFGt (2.2152481781435972e-27-1.1932163258895443e-26j)
ESFGw (4.9236656418649716e-14-1.824408679684808e-14j)
intensity 2.7570950383390867e-27
finishing 1
starting: 2
some stuff:
tdelaylist (1+0j)
ESFGt (1.7918554342466615e-26-2.5481397452811883e-26j)
ESFGw (3.1481761642027095e-14-1.1666882737682016e-14j)
intensity 1.127217468900231e-27
finishing 2
starting: 3
some stuff:
tdelaylist (1+0j)
ESFGt (1.0399849685559017e-26-9.582197897117553e-27j)
ESFGw (-7.306351704206016e-14+2.708120186434293e-14j)
intensity 6.071669016972707e-27
finishing 3
starting: 4
some stuff:
tdelaylist (1+0j)
ESFGt (-1.9242295268462516e-26+2.3897468876468026e-26j)
ESFGw (-4.1988981736018616e-15+1.5794657248768829e-15j)
intensity 2.012545784833791e-29
finishing 4
starting: 5
some stuff:
tdelaylist (1+0j)
ESFGt (-2.076243094978092e-26+2.910518539459055e-26j)
ESFGw (7.539108226595204e-15-2.7903027111086942e-15j)
intensity 6.462394207193602e-29
finishing 5
starting: 6
some stuff:
tdelaylist (1+0j)
ESFGt (3.6174323406125824e-28+7.625727470488948e-27j)
ESFGw (8.479892135704326e-14-3.1416709511677965e-14j)
intensity 8.177866699859163e-27
finishing 6
starting: 7
some stuff:
tdelaylist (1+0j)
ESFGt (6.646410099708385e-27-7.802254742517582e-27j)
ESFGw (-7.328751321089566e-14+2.7156228654678927e-14j)
intensity 6.1085203473824115e-27
finishing 7
starting: 8
some stuff:
tdelaylist (1+0j)
ESFGt (3.424605362236576e-27-1.523379379174357e-26j)
ESFGw (-4.367166350771612e-15+1.609823385706477e-15j)
intensity 2.1663673268479305e-29
finishing 8
starting: 9
some stuff:
tdelaylist (1+0j)
ESFGt (9.890481961194177e-27-1.5401028606156454e-26j)
ESFGw (-4.000445807950115e-14+1.4798058611820153e-14j)
intensity 1.819339204913429e-27
finishing 9
starting: 10
some stuff:
tdelaylist (1+0j)
ESFGt (1.758619834530066e-27+2.6942266965158665e-27j)
ESFGw (1.1216483471188088e-13-4.156223976092832e-14j)
intensity 1.4308369919888446e-26
finishing 10
MID-level running in PID 117888 (name=__main__)
/lustre06/project/6067427/ncosta/CPI_Project/two_interfaces/interfaces_jul21.py:382: RuntimeWarning: divide by zero encountered in divide
  waveList = 2 * np.pi * c / freqList * 1e-6
starting: 1
some stuff:
tdelaylist (1+0j)
ESFGt (1.9101011023325094e-28+4.0183527708848256e-29j)
ESFGw (7.19684728478498e-14-4.333117198385139e-12j)
intensity 1.878108411602513e-23
finishing 1
starting: 2
some stuff:
tdelaylist (1+0j)
ESFGt (2.406214938402139e-28-3.2607339100171436e-29j)
ESFGw (1.526053589051557e-13+8.816003482792212e-13j)
intensity 8.005075696526156e-25
finishing 2
starting: 3
some stuff:
tdelaylist (1+0j)
ESFGt (-1.4152997875199798e-29-3.006592181832642e-28j)
ESFGw (2.3489977324375744e-12+9.640899190088703e-14j)
intensity 5.527085040716212e-24
finishing 3
starting: 4
some stuff:
tdelaylist (1+0j)
ESFGt (-1.9925490799161333e-28-6.186978235546222e-28j)
ESFGw (-1.878027247603775e-12+5.0019120789723814e-12j)
intensity 2.854611078851203e-23
finishing 4
starting: 5
some stuff:
tdelaylist (1+0j)
ESFGt (-6.610383717363254e-29-6.00839887538173e-28j)
ESFGw (-1.5575665757161516e-12-5.014377801870751e-12j)
intensity 2.7569998377682275e-23
finishing 5
starting: 6
some stuff:
tdelaylist (1+0j)
ESFGt (1.9222580686702954e-28-4.740655515819906e-28j)
ESFGw (-4.498276751085939e-13+6.52216128327332e-13j)
intensity 6.277308153438975e-25
finishing 6
starting: 7
some stuff:
tdelaylist (1+0j)
ESFGt (3.1705419261135794e-28-6.800300045337472e-28j)
ESFGw (9.09816926658591e-13-2.1836239413874914e-12j)
intensity 5.595980357435126e-24
finishing 7
starting: 8
some stuff:
tdelaylist (1+0j)
ESFGt (1.2071035030017746e-28-8.975634509529633e-28j)
ESFGw (3.693748432120891e-12+5.451614853990705e-12j)
intensity 4.3363881996047627e-23
finishing 8
starting: 9
some stuff:
tdelaylist (1+0j)
ESFGt (2.7566510780088263e-28-9.350860496216348e-28j)
ESFGw (-2.118567474229671e-12-2.3816747185545495e-12j)
intensity 1.0160702607865781e-23
finishing 9
starting: 10
some stuff:
tdelaylist (1+0j)
ESFGt (5.516832938558257e-28-8.236697477572224e-28j)
ESFGw (3.1740452280382137e-13+1.2765049434149134e-13j)
intensity 1.1704027980194865e-25
finishing 10
MID-level running in PID 117888 (name=__main__)
/lustre06/project/6067427/ncosta/CPI_Project/two_interfaces/interfaces_jul21.py:382: RuntimeWarning: divide by zero encountered in divide
  waveList = 2 * np.pi * c / freqList * 1e-6
starting: 1
some stuff:
tdelaylist (1+0j)
ESFGt (1.4113224412582663e-28+1.410046113942426e-27j)
ESFGw (1.8192738981959167e-13+7.092021414578653e-12j)
intensity 5.032986532000877e-23
finishing 1
starting: 2
some stuff:
tdelaylist (1+0j)
ESFGt (-5.577918930019077e-29+8.554770540538627e-28j)
ESFGw (3.8882091990544154e-13+3.1115873766474067e-12j)
intensity 9.833157710267603e-24
finishing 2
starting: 3
some stuff:
tdelaylist (1+0j)
ESFGt (-3.6426526264524124e-28-7.811196185248015e-28j)
ESFGw (2.3769493318059887e-12-4.627666305712097e-12j)
intensity 2.7065183562995984e-23
finishing 3
starting: 4
some stuff:
tdelaylist (1+0j)
ESFGt (-3.836476993541419e-28-1.2903015832789632e-27j)
ESFGw (4.728110264418106e-13-6.7750145771316994e-12j)
intensity 4.612437278707199e-23
finishing 4
starting: 5
some stuff:
tdelaylist (1+0j)
ESFGt (-1.830651914281336e-28+3.2747452572495665e-28j)
ESFGw (-3.3241569219466527e-12+9.101192022242799e-13j)
intensity 1.1878336203983203e-23
finishing 5
starting: 6
some stuff:
tdelaylist (1+0j)
ESFGt (-1.1600034793801457e-28+1.9876909216314165e-27j)
ESFGw (6.769584892651892e-13+5.88263812661971e-12j)
intensity 3.506370412494807e-23
finishing 6
starting: 7
some stuff:
tdelaylist (1+0j)
ESFGt (-4.453732218079108e-28+1.2157050183447075e-27j)
ESFGw (-3.283609495419171e-12+5.276230841122498e-12j)
intensity 3.862070320721916e-23
finishing 7
starting: 8
some stuff:
tdelaylist (1+0j)
ESFGt (-7.682357904273597e-28-8.323898183822438e-28j)
ESFGw (2.978568780509505e-12-8.776382398600902e-13j)
intensity 9.6421208602906e-24
finishing 8
starting: 9
some stuff:
tdelaylist (1+0j)
ESFGt (-7.50353395476775e-28-1.1170636887227153e-27j)
ESFGw (1.9733173428626571e-13-8.918144001057726e-12j)
intensity 7.957223223695832e-23
finishing 9
starting: 10
some stuff:
tdelaylist (1+0j)
ESFGt (-5.627181472041699e-28+6.231275805403852e-28j)
ESFGw (1.1067357967575742e-12-1.1346834929981675e-12j)
intensity 2.512370753107145e-24
finishing 10
MID-level running in PID 117888 (name=__main__)
/lustre06/project/6067427/ncosta/CPI_Project/two_interfaces/interfaces_jul21.py:382: RuntimeWarning: divide by zero encountered in divide
  waveList = 2 * np.pi * c / freqList * 1e-6
starting: 1
some stuff:
tdelaylist (1+0j)
ESFGt (1.4095652558789283e-28+1.1046672765366555e-27j)
ESFGw (-1.780509767401739e-12+4.092684524614754e-12j)
intensity 1.9920281649834095e-23
finishing 1
starting: 2
some stuff:
tdelaylist (1+0j)
ESFGt (8.346339706341218e-29+9.695169843597905e-28j)
ESFGw (1.9877086088193607e-12+1.1398139376783689e-11j)
intensity 1.3386856676616144e-22
finishing 2
starting: 3
some stuff:
tdelaylist (1+0j)
ESFGt (-9.125448484732892e-29+2.281190893974105e-29j)
ESFGw (4.31643436271667e-13-4.883024540269787e-12j)
intensity 2.4030244716953386e-23
finishing 3
starting: 4
some stuff:
tdelaylist (1+0j)
ESFGt (-1.6580776036834438e-28-2.8948610036818986e-28j)
ESFGw (5.878466116659986e-12-3.114314361951642e-13j)
intensity 3.4653353424170126e-23
finishing 4
starting: 5
some stuff:
tdelaylist (1+0j)
ESFGt (2.966867394085586e-29+5.299932676967128e-28j)
ESFGw (-5.677291969874432e-12-1.5553051901928683e-11j)
intensity 2.7412906757528808e-22
finishing 5
starting: 6
some stuff:
tdelaylist (1+0j)
ESFGt (1.62383596105755e-28+1.4861622913934247e-27j)
ESFGw (2.039304489165339e-12+4.904396333493821e-12j)
intensity 2.8211866195517546e-23
finishing 6
starting: 7
some stuff:
tdelaylist (1+0j)
ESFGt (1.105807269077292e-28+1.4895518092295574e-27j)
ESFGw (-4.492345731521574e-12-1.6518036938251157e-12j)
intensity 2.2909625614454408e-23
finishing 7
starting: 8
some stuff:
tdelaylist (1+0j)
ESFGt (-9.681162705575654e-29+5.504087201894777e-28j)
ESFGw (-1.9743928714177628e-13+1.7791719486570656e-11j)
intensity 3.16584264560925e-22
finishing 8
starting: 9
some stuff:
tdelaylist (1+0j)
ESFGt (-2.777828167804003e-28-5.0089789730304115e-29j)
ESFGw (1.6178516859532976e-12-1.2610641697552438e-12j)
intensity 4.207726917982409e-24
finishing 9
starting: 10
some stuff:
tdelaylist (1+0j)
ESFGt (-9.594209451230639e-29+4.992951292814859e-28j)
ESFGw (-1.4216002507116965e-12+1.1081782193278489e-12j)
intensity 3.2490062386162e-24
finishing 10
MID-level running in PID 117888 (name=__main__)
/lustre06/project/6067427/ncosta/CPI_Project/two_interfaces/interfaces_jul21.py:382: RuntimeWarning: divide by zero encountered in divide
  waveList = 2 * np.pi * c / freqList * 1e-6
starting: 1
some stuff:
tdelaylist (1+0j)
ESFGt (3.51581740663906e-21-4.452289126904186e-22j)
ESFGw (-1.0281470119721803e-10-3.28929106174769e-10j)
intensity 1.1876521967120569e-19
finishing 1
starting: 2
some stuff:
tdelaylist (1+0j)
ESFGt (3.912804992298177e-21+1.962857079501779e-21j)
ESFGw (3.341732446315859e-11+9.259382149906514e-11j)
intensity 9.690333354076755e-21
finishing 2
starting: 3
some stuff:
tdelaylist (1+0j)
ESFGt (1.675604818376368e-21+1.8672954908419707e-21j)
ESFGw (-2.9032887205460156e-12+1.0358372493080026e-10j)
intensity 1.0738017155934542e-20
finishing 3
starting: 4
some stuff:
tdelaylist (1+0j)
ESFGt (9.486183925681445e-22-1.1583759955147655e-21j)
ESFGw (-4.377470608218914e-11-4.4946421584590723e-11j)
intensity 3.93640570584181e-21
finishing 4
starting: 5
some stuff:
tdelaylist (1+0j)
ESFGt (9.514228767299094e-22-1.553646975607504e-21j)
ESFGw (-2.4406990317693555e-11-9.113485660572351e-11j)
intensity 8.901263264913774e-21
finishing 5
starting: 6
some stuff:
tdelaylist (1+0j)
ESFGt (-7.380494586797226e-22-2.2528584968629338e-22j)
ESFGw (-7.400996482331834e-12-6.694439447230138e-11j)
intensity 4.536326700194583e-21
finishing 6
starting: 7
some stuff:
tdelaylist (1+0j)
ESFGt (2.6461268784868023e-23-9.046992242487892e-23j)
ESFGw (4.3847009356667854e-12-2.4909622975410883e-12j)
intensity 2.543049546300836e-23
finishing 7
starting: 8
some stuff:
tdelaylist (1+0j)
ESFGt (6.903410727162813e-22+4.410501111501423e-22j)
ESFGw (8.90647451623483e-12+4.655812887999211e-11j)
intensity 2.246984653114296e-21
finishing 8
starting: 9
some stuff:
tdelaylist (1+0j)
ESFGt (5.82548895110897e-22+8.3105922360366885e-22j)
ESFGw (5.15267516154605e-12+4.284543032861965e-11j)
intensity 1.8622809613650144e-21
finishing 9
starting: 10
some stuff:
tdelaylist (1+0j)
ESFGt (9.269278443242926e-22+2.5511552748638233e-21j)
ESFGw (-1.99239583165145e-12+7.719797023852948e-13j)
intensity 4.5655938108769624e-24
finishing 10
MID-level running in PID 117888 (name=__main__)
/lustre06/project/6067427/ncosta/CPI_Project/two_interfaces/interfaces_jul21.py:382: RuntimeWarning: divide by zero encountered in divide
  waveList = 2 * np.pi * c / freqList * 1e-6
starting: 1
some stuff:
tdelaylist (1+0j)
ESFGt (-6.181368589468132e-23+2.531927839639878e-24j)
ESFGw (3.9956753183911786e-14-1.4528742792174754e-14j)
intensity 1.807626492121215e-27
finishing 1
starting: 2
some stuff:
tdelaylist (1+0j)
ESFGt (-3.3098685510821056e-23+5.9074662101368695e-24j)
ESFGw (1.2435798918408736e-15-6.509549843602969e-16j)
intensity 1.9702333390544735e-30
finishing 2
starting: 3
some stuff:
tdelaylist (1+0j)
ESFGt (3.7936702353960815e-23-4.859410411867872e-24j)
ESFGw (-1.8556120182089408e-14+6.880346986593011e-15j)
intensity 3.916687708680655e-28
finishing 3
starting: 4
some stuff:
tdelaylist (1+0j)
ESFGt (4.7248731348834797e-23-8.549654123668802e-24j)
ESFGw (-3.764241522652423e-14+1.385436904088877e-14j)
intensity 1.6088949656072008e-27
finishing 4
starting: 5
some stuff:
tdelaylist (1+0j)
ESFGt (-1.926162416232328e-23+2.705303788885533e-24j)
ESFGw (4.7523183305253625e-14-1.732945384413931e-14j)
intensity 2.558762922000891e-27
finishing 5
starting: 6
some stuff:
tdelaylist (1+0j)
ESFGt (-6.980848337451791e-23+2.5519318362804255e-24j)
ESFGw (2.9173712057239953e-15-1.2117043479697998e-15j)
intensity 9.979282178876394e-30
finishing 6
starting: 7
some stuff:
tdelaylist (1+0j)
ESFGt (-2.9430353527697193e-23-1.5952700613820889e-24j)
ESFGw (9.955686448848144e-15-3.885346905319054e-15j)
intensity 1.1421161324245092e-28
finishing 7
starting: 8
some stuff:
tdelaylist (1+0j)
ESFGt (4.1262059357878905e-23-4.047794589092243e-24j)
ESFGw (-6.310208432169784e-14+2.3629535828018078e-14j)
intensity 4.5402280091902526e-27
finishing 8
starting: 9
some stuff:
tdelaylist (1+0j)
ESFGt (3.273598727962878e-23-9.576608703482445e-24j)
ESFGw (4.004912720900755e-14-1.488349374301201e-14j)
intensity 1.825450976201547e-27
finishing 9
starting: 10
some stuff:
tdelaylist (1+0j)
ESFGt (-4.063945129475395e-23-1.9264942406132246e-24j)
ESFGw (1.3491811834409617e-15-4.833373284940379e-16j)
intensity 2.0539048388669078e-30
finishing 10
MID-level running in PID 117888 (name=__main__)
/lustre06/project/6067427/ncosta/CPI_Project/two_interfaces/interfaces_jul21.py:382: RuntimeWarning: divide by zero encountered in divide
  waveList = 2 * np.pi * c / freqList * 1e-6
starting: 1
some stuff:
tdelaylist (1+0j)
ESFGt (9.095888094804321e-27+3.2665870420022716e-25j)
ESFGw (2.0242869880338077e-12+2.4239343171528205e-12j)
intensity 9.973195383794095e-24
finishing 1
starting: 2
some stuff:
tdelaylist (1+0j)
ESFGt (-3.5792326446153457e-26+7.66601483676081e-27j)
ESFGw (-1.1447266745623352e-12-1.4157702787898074e-12j)
intensity 3.3148046417591116e-24
finishing 2
starting: 3
some stuff:
tdelaylist (1+0j)
ESFGt (-4.67757422021358e-25-4.293289646779006e-25j)
ESFGw (-9.802449650597733e-13+1.7489568820971968e-13j)
intensity 9.914686932793877e-25
finishing 3
starting: 4
some stuff:
tdelaylist (1+0j)
ESFGt (-9.163604450804907e-25-3.7584678165215956e-25j)
ESFGw (-2.1866883304078044e-13-1.895237439208941e-12j)
intensity 3.63974100952268e-24
finishing 4
starting: 5
some stuff:
tdelaylist (1+0j)
ESFGt (-8.782272950430194e-25-1.4768844923745483e-25j)
ESFGw (2.139665181144501e-12+3.553816962931222e-12j)
intensity 1.7207782093419824e-23
finishing 5
starting: 6
some stuff:
tdelaylist (1+0j)
ESFGt (-4.47034063757289e-25-8.803925698767847e-26j)
ESFGw (2.78090918348628e-13-1.947227101783966e-12j)
intensity 3.869027944789968e-24
finishing 6
starting: 7
some stuff:
tdelaylist (1+0j)
ESFGt (9.723450472260148e-26-2.4770233353055208e-25j)
ESFGw (-1.824043520393115e-12+1.3465704246096166e-13j)
intensity 3.345267283372442e-24
finishing 7
starting: 8
some stuff:
tdelaylist (1+0j)
ESFGt (4.454902519391642e-25-5.653731591328071e-25j)
ESFGw (-4.889196686397312e-13-1.802197280298401e-12j)
intensity 3.486957479497738e-24
finishing 8
starting: 9
some stuff:
tdelaylist (1+0j)
ESFGt (4.0604543555248655e-25-6.846788079191193e-25j)
ESFGw (-4.4951715960639405e-13+3.242617979681839e-12j)
intensity 1.0716637038936534e-23
finishing 9
starting: 10
some stuff:
tdelaylist (1+0j)
ESFGt (3.38972287511823e-25-4.398197689341594e-25j)
ESFGw (2.949185166911672e-12-4.914992024485088e-13j)
intensity 8.939264614739345e-24
finishing 10
MID-level running in PID 117888 (name=__main__)
/lustre06/project/6067427/ncosta/CPI_Project/two_interfaces/interfaces_jul21.py:382: RuntimeWarning: divide by zero encountered in divide
  waveList = 2 * np.pi * c / freqList * 1e-6
starting: 1
some stuff:
tdelaylist (1+0j)
ESFGt (-1.8565791209658066e-25-7.355458214978074e-26j)
ESFGw (3.659421290297393e-12+5.039710836152178e-12j)
intensity 3.8790049491911525e-23
finishing 1
starting: 2
some stuff:
tdelaylist (1+0j)
ESFGt (-1.1912054735105876e-25+2.371656878692356e-25j)
ESFGw (1.0231789374093303e-12-8.46009026722605e-13j)
intensity 1.7626264112542153e-24
finishing 2
starting: 3
some stuff:
tdelaylist (1+0j)
ESFGt (4.231679774094915e-25+4.105909168560061e-25j)
ESFGw (-3.813972141580857e-12-4.672785595960516e-13j)
intensity 1.476473274901303e-23
finishing 3
starting: 4
some stuff:
tdelaylist (1+0j)
ESFGt (9.723380362649544e-25+3.4388617136658206e-27j)
ESFGw (-8.926978080359138e-13-5.711801691343776e-12j)
intensity 3.3421587937709744e-23
finishing 4
starting: 5
some stuff:
tdelaylist (1+0j)
ESFGt (8.61003007403743e-25-1.3910166447673027e-25j)
ESFGw (-3.4641213508823654e-13+6.056362009121408e-12j)
intensity 3.679952215286548e-23
finishing 5
starting: 6
some stuff:
tdelaylist (1+0j)
ESFGt (2.8589845183037525e-25+2.891053898003981e-25j)
ESFGw (4.905760693507677e-12-8.412775684418783e-13j)
intensity 2.4774235929128397e-23
finishing 6
starting: 7
some stuff:
tdelaylist (1+0j)
ESFGt (-1.356993552830923e-25+6.575397424208528e-25j)
ESFGw (-7.721024340712201e-13+3.3600583253245997e-12j)
intensity 1.1886134118281853e-23
finishing 7
starting: 8
some stuff:
tdelaylist (1+0j)
ESFGt (-5.182498621780588e-25+6.082012177412335e-25j)
ESFGw (-1.7787312421579937e-13-7.408855647039747e-12j)
intensity 5.492278084699104e-23
finishing 8
starting: 9
some stuff:
tdelaylist (1+0j)
ESFGt (-5.751789967194231e-25+5.167657899801e-25j)
ESFGw (-2.9148254990229994e-12+1.706910654486471e-12j)
intensity 1.1409751672154108e-23
finishing 9
starting: 10
some stuff:
tdelaylist (1+0j)
ESFGt (-2.8155112894971682e-25+5.131161034989032e-25j)
ESFGw (-1.6041139770661683e-12-1.4206084225643067e-14j)
intensity 2.5733834642480653e-24
finishing 10
MID-level running in PID 117888 (name=__main__)
/lustre06/project/6067427/ncosta/CPI_Project/two_interfaces/interfaces_jul21.py:382: RuntimeWarning: divide by zero encountered in divide
  waveList = 2 * np.pi * c / freqList * 1e-6
starting: 1
some stuff:
tdelaylist (1+0j)
ESFGt (-7.681023464426981e-25+9.75464239113206e-25j)
ESFGw (4.432731959269631e-12-3.101685575046531e-13j)
intensity 1.9745317156794904e-23
finishing 1
starting: 2
some stuff:
tdelaylist (1+0j)
ESFGt (-5.945800480334628e-25+8.542741562535805e-25j)
ESFGw (6.302958155401939e-12+5.2265206051949065e-12j)
intensity 6.704379914527475e-23
finishing 2
starting: 3
some stuff:
tdelaylist (1+0j)
ESFGt (-1.7332419855320707e-26-1.5816625493117857e-25j)
ESFGw (-6.353436873829388e-12-3.624670008584019e-13j)
intensity 4.049754243644623e-23
finishing 3
starting: 4
some stuff:
tdelaylist (1+0j)
ESFGt (1.0347296789352512e-25-7.207869699787751e-25j)
ESFGw (-7.121213341232391e-14+5.862602070472178e-13j)
intensity 3.487721983121813e-25
finishing 4
starting: 5
some stuff:
tdelaylist (1+0j)
ESFGt (3.5304603505264603e-25-1.5343397835551592e-25j)
ESFGw (-6.856321066450732e-12-8.903967840812044e-12j)
intensity 1.262897818764712e-22
finishing 5
starting: 6
some stuff:
tdelaylist (1+0j)
ESFGt (5.425310134809581e-25+6.575236507690004e-25j)
ESFGw (4.705381917435858e-12+3.877308196731377e-12j)
intensity 3.7174137841372675e-23
finishing 6
starting: 7
some stuff:
tdelaylist (1+0j)
ESFGt (7.59239357694331e-26+6.921481055716716e-25j)
ESFGw (1.898993115534431e-12-1.8599635720484287e-12j)
intensity 7.065639342194314e-24
finishing 7
starting: 8
some stuff:
tdelaylist (1+0j)
ESFGt (-5.211848771839585e-25+1.8983638985550714e-25j)
ESFGw (3.2284522277770122e-12+1.1493500595705086e-11j)
intensity 1.4252345973051155e-22
finishing 8
starting: 9
some stuff:
tdelaylist (1+0j)
ESFGt (-3.873862230294928e-25-2.3661098453378853e-25j)
ESFGw (1.5279409681934197e-12-7.403869184408052e-12j)
intensity 5.715188250211101e-23
finishing 9
starting: 10
some stuff:
tdelaylist (1+0j)
ESFGt (2.0211202671461165e-25-4.7860326453694e-25j)
ESFGw (-3.764690382351832e-12+2.0309630713311044e-12j)
intensity 1.8297704672083052e-23
finishing 10
MID-level running in PID 117888 (name=__main__)
/lustre06/project/6067427/ncosta/CPI_Project/two_interfaces/interfaces_jul21.py:382: RuntimeWarning: divide by zero encountered in divide
  waveList = 2 * np.pi * c / freqList * 1e-6
starting: 1
some stuff:
tdelaylist (1+0j)
ESFGt (3.537357532274568e-27-4.939306140345818e-27j)
ESFGw (1.3079815008865125e-14-6.391588647236546e-15j)
intensity 2.1193396610161645e-28
finishing 1
starting: 2
some stuff:
tdelaylist (1+0j)
ESFGt (5.909757071330218e-27-1.1110385565028129e-26j)
ESFGw (8.2947971408176e-15-3.318309169109135e-15j)
intensity 7.981483534910958e-29
finishing 2
starting: 3
some stuff:
tdelaylist (1+0j)
ESFGt (9.616831913363062e-28-4.3248092108573056e-27j)
ESFGw (-2.050356412430787e-14+4.913062144618063e-15j)
intensity 4.445343214364838e-28
finishing 3
starting: 4
some stuff:
tdelaylist (1+0j)
ESFGt (-8.369274889091411e-27+8.295560780743775e-27j)
ESFGw (-4.839336396889049e-16+3.614946883501169e-15j)
intensity 1.3302032738157364e-29
finishing 4
starting: 5
some stuff:
tdelaylist (1+0j)
ESFGt (-7.95789619617041e-27+1.1679797139378141e-26j)
ESFGw (2.605337820482667e-15-9.95297594341693e-16j)
intensity 7.778402460139736e-30
finishing 5
starting: 6
some stuff:
tdelaylist (1+0j)
ESFGt (5.473488011892025e-28+5.339381752796317e-27j)
ESFGw (2.2551405187698492e-14-8.342285195972465e-15j)
intensity 5.781595982306957e-28
finishing 6
starting: 7
some stuff:
tdelaylist (1+0j)
ESFGt (4.3082607443265425e-27-1.7295359601890267e-27j)
ESFGw (-2.0313882954231532e-14+4.4748276264994225e-15j)
intensity 4.326779229651009e-28
finishing 7
starting: 8
some stuff:
tdelaylist (1+0j)
ESFGt (2.6925644399225608e-27-7.360848526758837e-27j)
ESFGw (-1.4118480690106239e-15+2.274222477005594e-15j)
intensity 7.165402844886486e-30
finishing 8
starting: 9
some stuff:
tdelaylist (1+0j)
ESFGt (2.0645568569329572e-27-8.195479569001432e-27j)
ESFGw (-9.656988750328388e-15+4.930951480464074e-15j)
intensity 1.1757171422665989e-28
finishing 9
starting: 10
some stuff:
tdelaylist (1+0j)
ESFGt (-1.7781588971155357e-27-1.812343538985923e-28j)
ESFGw (2.991270425800607e-14-1.0699394929064576e-14j)
intensity 1.0092469278750274e-27
finishing 10
MID-level running in PID 117888 (name=__main__)
/lustre06/project/6067427/ncosta/CPI_Project/two_interfaces/interfaces_jul21.py:382: RuntimeWarning: divide by zero encountered in divide
  waveList = 2 * np.pi * c / freqList * 1e-6
starting: 1
some stuff:
tdelaylist (1+0j)
ESFGt (2.763700207300199e-29-1.3260102710665475e-29j)
ESFGw (-7.547391531192993e-14-1.1052174800352255e-12j)
intensity 1.227201990067926e-24
finishing 1
starting: 2
some stuff:
tdelaylist (1+0j)
ESFGt (1.1330324479892292e-29-2.7780060017615706e-29j)
ESFGw (6.831557888831163e-14+2.664431175691817e-13j)
intensity 7.56589532188299e-26
finishing 2
starting: 3
some stuff:
tdelaylist (1+0j)
ESFGt (-3.288553535481896e-29-8.904120972874194e-29j)
ESFGw (4.803377747636395e-13-5.6366153064479896e-14j)
intensity 2.3390152107617323e-25
finishing 3
starting: 4
some stuff:
tdelaylist (1+0j)
ESFGt (-7.788891612523084e-29-1.7867746109255939e-28j)
ESFGw (-3.4935032297567226e-13+1.3008101540368244e-12j)
intensity 1.8141527050085134e-24
finishing 4
starting: 5
some stuff:
tdelaylist (1+0j)
ESFGt (-5.15827876443513e-29-1.8497384057112873e-28j)
ESFGw (-4.380246165780477e-13-1.3512403002069462e-12j)
intensity 2.0177159136317038e-24
finishing 5
starting: 6
some stuff:
tdelaylist (1+0j)
ESFGt (-5.111545966189093e-31-1.4441896545117774e-28j)
ESFGw (-9.056384114858318e-14+3.210279264642679e-13j)
intensity 1.1126073889353324e-25
finishing 6
starting: 7
some stuff:
tdelaylist (1+0j)
ESFGt (6.999505035632339e-29-1.776784635509707e-28j)
ESFGw (1.268089366152081e-13-6.107735844862461e-13j)
intensity 3.8912487791165735e-25
finishing 7
starting: 8
some stuff:
tdelaylist (1+0j)
ESFGt (-1.1649280672016161e-30-2.5221827148022855e-28j)
ESFGw (1.031881177726568e-12+1.4456257371731063e-12j)
intensity 3.1546125369236562e-24
finishing 8
starting: 9
some stuff:
tdelaylist (1+0j)
ESFGt (4.5225439388035034e-29-2.7516193965394253e-28j)
ESFGw (-5.052824478268825e-13-7.491802317405316e-13j)
intensity 8.165813717127227e-25
finishing 9
starting: 10
some stuff:
tdelaylist (1+0j)
ESFGt (1.3476613357005013e-28-2.250406982087087e-28j)
ESFGw (1.0274604517884756e-13+3.7874434491436126e-14j)
intensity 1.1991222587939868e-26
finishing 10
MID-level running in PID 117888 (name=__main__)
/lustre06/project/6067427/ncosta/CPI_Project/two_interfaces/interfaces_jul21.py:382: RuntimeWarning: divide by zero encountered in divide
  waveList = 2 * np.pi * c / freqList * 1e-6
starting: 1
some stuff:
tdelaylist (1+0j)
ESFGt (5.47563625132804e-29+3.808491106155686e-28j)
ESFGw (1.8894261155644188e-13+1.814463509997033e-12j)
intensity 3.32797713957252e-24
finishing 1
starting: 2
some stuff:
tdelaylist (1+0j)
ESFGt (-3.852844106684528e-29+2.519182326597518e-28j)
ESFGw (1.0528904137441231e-13+9.140535550677953e-13j)
intensity 8.465796837656181e-25
finishing 2
starting: 3
some stuff:
tdelaylist (1+0j)
ESFGt (-1.0952010807147944e-28-1.7251404159193246e-28j)
ESFGw (9.740073331210297e-13-1.3278943916672503e-12j)
intensity 2.711993800394877e-24
finishing 3
starting: 4
some stuff:
tdelaylist (1+0j)
ESFGt (-6.621272810540571e-29-3.1656536027630296e-28j)
ESFGw (-1.2589668890727879e-13-1.7368459101496647e-12j)
intensity 3.0324836918814333e-24
finishing 4
starting: 5
some stuff:
tdelaylist (1+0j)
ESFGt (-2.3173606294539913e-30+9.875982227374157e-29j)
ESFGw (-9.19242112984442e-13+1.128958038165706e-13j)
intensity 8.577515248034909e-25
finishing 5
starting: 6
some stuff:
tdelaylist (1+0j)
ESFGt (-2.988573075948661e-30+5.318082580577723e-28j)
ESFGw (-1.1746940226098346e-13+1.6318422307870506e-12j)
intensity 2.6767081266476104e-24
finishing 6
starting: 7
some stuff:
tdelaylist (1+0j)
ESFGt (-1.4128520885471043e-28+3.168407179471921e-28j)
ESFGw (-5.356493243749427e-13+1.3957398604935722e-12j)
intensity 2.235009956873949e-24
finishing 7
starting: 8
some stuff:
tdelaylist (1+0j)
ESFGt (-2.3084134341363234e-28-2.02968083433036e-28j)
ESFGw (7.859546347077639e-13-1.8230209009040266e-13j)
intensity 6.50958739869944e-25
finishing 8
starting: 9
some stuff:
tdelaylist (1+0j)
ESFGt (-1.561251746328175e-28-2.7968732562070285e-28j)
ESFGw (3.329662934259403e-13-2.293228107408396e-12j)
intensity 5.369761705165703e-24
finishing 9
starting: 10
some stuff:
tdelaylist (1+0j)
ESFGt (-7.866745656620982e-29+1.660889150131345e-28j)
ESFGw (-1.6928949561623163e-14-3.2932098888160954e-13j)
intensity 1.0873890305122116e-25
finishing 10
MID-level running in PID 117888 (name=__main__)
/lustre06/project/6067427/ncosta/CPI_Project/two_interfaces/interfaces_jul21.py:382: RuntimeWarning: divide by zero encountered in divide
  waveList = 2 * np.pi * c / freqList * 1e-6
starting: 1
some stuff:
tdelaylist (1+0j)
ESFGt (7.589181996609341e-29+2.8298823053142064e-28j)
ESFGw (-4.3081814157797105e-13+9.553824745212047e-13j)
intensity 1.0983599437349571e-24
finishing 1
starting: 2
some stuff:
tdelaylist (1+0j)
ESFGt (2.0252537627379313e-29+2.4731755653843006e-28j)
ESFGw (4.590689807459913e-13+3.206473281336386e-12j)
intensity 1.0492215233007293e-23
finishing 2
starting: 3
some stuff:
tdelaylist (1+0j)
ESFGt (-3.25862306070544e-29+7.094123453540196e-30j)
ESFGw (5.090710838984158e-13-1.446283847891805e-12j)
intensity 2.350890337134234e-24
finishing 3
starting: 4
some stuff:
tdelaylist (1+0j)
ESFGt (-2.500378272605832e-29-7.621150308392382e-29j)
ESFGw (1.6408458793082392e-12-1.5686237031520278e-14j)
intensity 2.692621257675038e-24
finishing 4
starting: 5
some stuff:
tdelaylist (1+0j)
ESFGt (5.373770515781262e-29+1.244956760802208e-28j)
ESFGw (-1.5103170450392334e-12-4.233219677574063e-12j)
intensity 2.0201206415136293e-23
finishing 5
starting: 6
some stuff:
tdelaylist (1+0j)
ESFGt (5.863888230398985e-29+3.815672082655029e-28j)
ESFGw (2.372004502537717e-13+1.2848645758456456e-12j)
intensity 1.7071410318636025e-24
finishing 6
starting: 7
some stuff:
tdelaylist (1+0j)
ESFGt (1.9672721371293845e-29+4.058722511945172e-28j)
ESFGw (-1.4880752879919967e-12-3.7099706987064884e-13j)
intensity 2.352006888585071e-24
finishing 7
starting: 8
some stuff:
tdelaylist (1+0j)
ESFGt (-4.4432412789443465e-29+1.4951711567182396e-28j)
ESFGw (7.538240864857215e-14+4.639341862067159e-12j)
intensity 2.1529175420662437e-23
finishing 8
starting: 9
some stuff:
tdelaylist (1+0j)
ESFGt (-8.076042383467094e-29-1.3120228098793334e-29j)
ESFGw (4.4265632825890577e-13-2.574850055392375e-13j)
intensity 2.6224315302519734e-25
finishing 9
starting: 10
some stuff:
tdelaylist (1+0j)
ESFGt (-1.7500009459448651e-29+1.2360991155845812e-28j)
ESFGw (2.1924172546872178e-13+3.0805501378960987e-13j)
intensity 1.4296482570741912e-25
finishing 10
MID-level running in PID 117888 (name=__main__)
/lustre06/project/6067427/ncosta/CPI_Project/two_interfaces/interfaces_jul21.py:382: RuntimeWarning: divide by zero encountered in divide
  waveList = 2 * np.pi * c / freqList * 1e-6
starting: 1
some stuff:
tdelaylist (1+0j)
ESFGt (1.2258287761908397e-21-3.028116850477747e-22j)
ESFGw (-3.5654867946988134e-11-8.671058315812274e-11j)
intensity 8.789994839938883e-21
finishing 1
starting: 2
some stuff:
tdelaylist (1+0j)
ESFGt (1.0909069403105692e-21+2.786109555112778e-22j)
ESFGw (8.374342885808517e-12+2.69475136649433e-11j)
intensity 7.962981114913978e-22
finishing 2
starting: 3
some stuff:
tdelaylist (1+0j)
ESFGt (9.429098117210698e-23+3.693758038042351e-22j)
ESFGw (-6.7127067793215645e-12+3.188690977928843e-11j)
intensity 1.06183544757763e-21
finishing 3
starting: 4
some stuff:
tdelaylist (1+0j)
ESFGt (-2.7856860242506395e-23-3.3295492472304616e-22j)
ESFGw (-1.6434707761359135e-11-1.0672424749502696e-11j)
intensity 3.840002692350759e-22
finishing 4
starting: 5
some stuff:
tdelaylist (1+0j)
ESFGt (6.510515728036547e-22-8.336452715862072e-22j)
ESFGw (-8.017489450118376e-12-2.4732597914134402e-11j)
intensity 6.759815366650048e-22
finishing 5
starting: 6
some stuff:
tdelaylist (1+0j)
ESFGt (-3.38748792516831e-22-9.616014794984452e-23j)
ESFGw (-8.017683739147685e-13-1.8539616022938965e-11j)
intensity 3.44360194803425e-22
finishing 6
starting: 7
some stuff:
tdelaylist (1+0j)
ESFGt (2.1216091118430003e-23+6.2290013243454675e-22j)
ESFGw (3.2598420490748126e-12-1.0110245973748988e-12j)
intensity 1.1648740921413352e-23
finishing 7
starting: 8
some stuff:
tdelaylist (1+0j)
ESFGt (3.161638187088152e-22+1.6210642064215814e-22j)
ESFGw (3.3739712412828027e-12+1.2559195003425394e-11j)
intensity 1.691170610710688e-22
finishing 8
starting: 9
some stuff:
tdelaylist (1+0j)
ESFGt (-2.52222103873248e-22+3.8528867873607505e-22j)
ESFGw (6.51692241837587e-13+1.179734348405459e-11j)
intensity 1.396020160588366e-22
finishing 9
starting: 10
some stuff:
tdelaylist (1+0j)
ESFGt (-3.7826493446565043e-22+9.193617294515098e-22j)
ESFGw (-1.9547957003096528e-12+4.2476742609376394e-13j)
intensity 4.0016535962194285e-24
finishing 10
MID-level running in PID 117888 (name=__main__)
/lustre06/project/6067427/ncosta/CPI_Project/two_interfaces/interfaces_jul21.py:382: RuntimeWarning: divide by zero encountered in divide
  waveList = 2 * np.pi * c / freqList * 1e-6
starting: 1
some stuff:
tdelaylist (1+0j)
ESFGt (-1.6261499696131034e-23+1.9973290038209647e-24j)
ESFGw (1.1289905642308806e-14-2.7574513852823834e-15j)
intensity 1.3506550755443193e-28
finishing 1
starting: 2
some stuff:
tdelaylist (1+0j)
ESFGt (-8.897878500799238e-24+8.089046662801462e-25j)
ESFGw (-2.955535122195485e-16-2.3469724427793714e-15j)
intensity 5.595631525751081e-30
finishing 2
starting: 3
some stuff:
tdelaylist (1+0j)
ESFGt (9.51434370910259e-24-1.7048410430100286e-24j)
ESFGw (-5.1236684166233726e-15+2.401616232272641e-15j)
intensity 3.201973857061929e-29
finishing 3
starting: 4
some stuff:
tdelaylist (1+0j)
ESFGt (1.2300893127030968e-23-5.452392348976386e-25j)
ESFGw (-9.979376266316953e-15+3.764241522652423e-15j)
intensity 1.1375746490559071e-28
finishing 4
starting: 5
some stuff:
tdelaylist (1+0j)
ESFGt (-4.9840499911955845e-24+3.32564011956401e-24j)
ESFGw (1.3250360010597095e-14-2.984483320200848e-15j)
intensity 1.8447918109898771e-28
finishing 5
starting: 6
some stuff:
tdelaylist (1+0j)
ESFGt (-1.8461652195869322e-23+1.646805982669872e-24j)
ESFGw (6.591407107625624e-16-1.95514177764311e-15j)
intensity 4.257045847270036e-30
finishing 6
starting: 7
some stuff:
tdelaylist (1+0j)
ESFGt (-7.918754489204858e-24-1.3593065833750735e-24j)
ESFGw (2.133791190614409e-15-1.2744254436480862e-15j)
intensity 6.177225056561279e-30
finishing 7
starting: 8
some stuff:
tdelaylist (1+0j)
ESFGt (1.0545730052167424e-23-1.2314244893820764e-24j)
ESFGw (-1.6805458934177064e-14+6.1794102820811325e-15j)
intensity 3.2060856142260182e-28
finishing 8
starting: 9
some stuff:
tdelaylist (1+0j)
ESFGt (8.423302853493788e-24-4.3463037476984385e-25j)
ESFGw (1.1013596718650875e-14-2.318891606511997e-15j)
intensity 1.2667657096382912e-28
finishing 9
starting: 10
some stuff:
tdelaylist (1+0j)
ESFGt (-1.0531195138607107e-23+1.896773628574521e-24j)
ESFGw (7.86886831735667e-16-7.062492951570576e-16j)
intensity 1.1179789528688362e-30
finishing 10
MID-level running in PID 117888 (name=__main__)
/lustre06/project/6067427/ncosta/CPI_Project/two_interfaces/interfaces_jul21.py:382: RuntimeWarning: divide by zero encountered in divide
  waveList = 2 * np.pi * c / freqList * 1e-6
starting: 1
some stuff:
tdelaylist (1+0j)
ESFGt (-5.037140972127551e-27+9.143669449825805e-26j)
ESFGw (5.944858320894308e-13+5.699811282677825e-13j)
intensity 6.782918911364772e-25
finishing 1
starting: 2
some stuff:
tdelaylist (1+0j)
ESFGt (-2.3461446484662833e-26+1.1937889289132128e-26j)
ESFGw (-2.8931848236601887e-13-3.880454985116799e-13j)
intensity 2.3428449315375455e-25
finishing 2
starting: 3
some stuff:
tdelaylist (1+0j)
ESFGt (-1.2925494825279352e-25-9.184244997061868e-26j)
ESFGw (-2.6703227302971033e-13+4.645155787796895e-14j)
intensity 7.346398206870405e-26
finishing 3
starting: 4
some stuff:
tdelaylist (1+0j)
ESFGt (-2.315765580205124e-25-8.907940571544442e-26j)
ESFGw (-8.371515286542675e-14-4.133043733645092e-13j)
intensity 1.7782873186151144e-25
finishing 4
starting: 5
some stuff:
tdelaylist (1+0j)
ESFGt (-2.248453547830488e-25-4.77480190410837e-26j)
ESFGw (5.470129557649805e-13+8.864575740119562e-13j)
intensity 1.0850302042979033e-24
finishing 5
starting: 6
some stuff:
tdelaylist (1+0j)
ESFGt (-1.193229552884057e-25-4.133008013463013e-26j)
ESFGw (1.701369080342463e-13-5.36283257385195e-13j)
intensity 3.1654629962712885e-25
finishing 6
starting: 7
some stuff:
tdelaylist (1+0j)
ESFGt (1.9384199809679073e-26-8.279522530129784e-26j)
ESFGw (-5.512272496094317e-13-1.0041013159822754e-14j)
intensity 3.039523026572544e-25
finishing 7
starting: 8
some stuff:
tdelaylist (1+0j)
ESFGt (1.1932093576537775e-25-1.5958757204455216e-25j)
ESFGw (-1.259699809741388e-13-4.0311330662401446e-13j)
intensity 1.783687740839716e-25
finishing 8
starting: 9
some stuff:
tdelaylist (1+0j)
ESFGt (1.1331992686451851e-25-1.8009775832035195e-25j)
ESFGw (-1.9004676304890111e-13+8.748171458072829e-13j)
intensity 8.01422810743766e-25
finishing 9
starting: 10
some stuff:
tdelaylist (1+0j)
ESFGt (8.804551129902953e-26-1.2330503921106992e-25j)
ESFGw (9.099424772701648e-13-1.33266986855618e-13j)
intensity 8.457554017261401e-25
finishing 10
MID-level running in PID 117888 (name=__main__)
/lustre06/project/6067427/ncosta/CPI_Project/two_interfaces/interfaces_jul21.py:382: RuntimeWarning: divide by zero encountered in divide
  waveList = 2 * np.pi * c / freqList * 1e-6
starting: 1
some stuff:
tdelaylist (1+0j)
ESFGt (-2.56872964441642e-26-2.5537589992969107e-26j)
ESFGw (1.1036625172794468e-12+1.2002243816866542e-12j)
intensity 2.6586095184427166e-24
finishing 1
starting: 2
some stuff:
tdelaylist (1+0j)
ESFGt (-8.503969370614895e-27+4.7161163583702925e-26j)
ESFGw (2.625543012169107e-13-2.5117429837406835e-13j)
intensity 1.320232892512058e-25
finishing 2
starting: 3
some stuff:
tdelaylist (1+0j)
ESFGt (1.1997362790181044e-25+8.164622682789519e-26j)
ESFGw (-8.727225756302581e-13-2.2345027304165876e-13j)
intensity 8.115747185371032e-25
finishing 3
starting: 4
some stuff:
tdelaylist (1+0j)
ESFGt (2.501873342380982e-25-9.661662160695696e-27j)
ESFGw (-4.3054839207745665e-13-1.340555704637536e-12j)
intensity 1.982461515156725e-24
finishing 4
starting: 5
some stuff:
tdelaylist (1+0j)
ESFGt (2.3255662099599267e-25-2.5562573275967063e-26j)
ESFGw (-6.201679794703985e-14+1.621418277419906e-12j)
intensity 2.632843313578938e-24
finishing 5
starting: 6
some stuff:
tdelaylist (1+0j)
ESFGt (8.854338346821355e-26+8.823873055689744e-26j)
ESFGw (1.2556660355586557e-12-2.2996253339069295e-13j)
intensity 1.629579959619057e-24
finishing 6
starting: 7
some stuff:
tdelaylist (1+0j)
ESFGt (-3.433342666520964e-26+1.828883679689563e-25j)
ESFGw (1.873024305099058e-14+8.11063347559704e-13j)
intensity 6.581745757595023e-25
finishing 7
starting: 8
some stuff:
tdelaylist (1+0j)
ESFGt (-1.5218038099312861e-25+1.7197023844716653e-25j)
ESFGw (-1.6315215237844294e-13-2.0386874697089774e-12j)
intensity 4.182865223974113e-24
finishing 8
starting: 9
some stuff:
tdelaylist (1+0j)
ESFGt (-1.644215752508399e-25+1.37547507974234e-25j)
ESFGw (-7.651884768172801e-13+5.328619490096997e-13j)
intensity 8.694552617563654e-25
finishing 9
starting: 10
some stuff:
tdelaylist (1+0j)
ESFGt (-7.680991971174548e-26+1.4092771821688299e-25j)
ESFGw (-6.399218177924326e-13-3.789720273705832e-15j)
intensity 4.0951429486652428e-25
finishing 10
MID-level running in PID 117888 (name=__main__)
/lustre06/project/6067427/ncosta/CPI_Project/two_interfaces/interfaces_jul21.py:382: RuntimeWarning: divide by zero encountered in divide
  waveList = 2 * np.pi * c / freqList * 1e-6
starting: 1
some stuff:
tdelaylist (1+0j)
ESFGt (-1.9650712557196993e-25+2.616843783600655e-25j)
ESFGw (1.2164401430592164e-12-2.4177361501731554e-13j)
intensity 1.5381811025644684e-24
finishing 1
starting: 2
some stuff:
tdelaylist (1+0j)
ESFGt (-1.8004157536467167e-25+2.0980801341589276e-25j)
ESFGw (1.5879988296552128e-12+1.3749383576122653e-12j)
intensity 4.412195770219839e-24
finishing 2
starting: 3
some stuff:
tdelaylist (1+0j)
ESFGt (-3.089504870267524e-26-5.635016326415506e-26j)
ESFGw (-1.5089761037923033e-12-3.7749794609687193e-13j)
intensity 2.419513581123556e-24
finishing 3
starting: 4
some stuff:
tdelaylist (1+0j)
ESFGt (2.0526271093465412e-26-1.986123906105223e-25j)
ESFGw (-3.968049847036248e-14+2.7485305698071727e-13j)
intensity 7.711874489050185e-26
finishing 4
starting: 5
some stuff:
tdelaylist (1+0j)
ESFGt (1.0861328194989937e-25-5.722405444269456e-26j)
ESFGw (-1.7361771742496757e-12-2.239968627248956e-12j)
intensity 8.03177063144516e-24
finishing 5
starting: 6
some stuff:
tdelaylist (1+0j)
ESFGt (1.473127272923424e-25+1.729501127243693e-25j)
ESFGw (1.0161056024360349e-12+1.1287550755190168e-12j)
intensity 2.3065586158118382e-24
finishing 6
starting: 7
some stuff:
tdelaylist (1+0j)
ESFGt (6.916797323520594e-27+1.824917564014214e-25j)
ESFGw (4.937437177859882e-13-4.4298592571934137e-13j)
intensity 4.400193892385514e-25
finishing 7
starting: 8
some stuff:
tdelaylist (1+0j)
ESFGt (-1.6655984632344901e-25+5.245625891042798e-26j)
ESFGw (9.24697818316389e-13+2.889136846428997e-12j)
intensity 9.202177772592777e-24
finishing 8
starting: 9
some stuff:
tdelaylist (1+0j)
ESFGt (-1.1866975675284429e-25-7.53989311260166e-26j)
ESFGw (5.067534933345108e-13-2.0537720829549855e-12j)
intensity 4.47477887173199e-24
finishing 9
starting: 10
some stuff:
tdelaylist (1+0j)
ESFGt (6.158341581627672e-26-1.3884113269730192e-25j)
ESFGw (-8.181985904770483e-13+5.071632133354931e-13j)
intensity 9.266634584194117e-25
finishing 10
srun: Job 46748761 step creation temporarily disabled, retrying (Requested nodes are busy)
srun: Step created for StepId=46748761.2
Top-level running in PID 151767 (name=__main__)
MID-level running in PID 151767 (name=__main__)
/lustre06/project/6067427/ncosta/CPI_Project/two_interfaces/interfaces_jul21.py:382: RuntimeWarning: divide by zero encountered in divide
  waveList = 2 * np.pi * c / freqList * 1e-6
starting: 1
some stuff:
tdelaylist (1+0j)
ESFGt (2.2152481781435972e-27-1.1932163258895443e-26j)
ESFGw (4.9236656418649716e-14-1.824408679684808e-14j)
intensity 2.7570950383390867e-27
finishing 1
starting: 2
some stuff:
tdelaylist (1+0j)
ESFGt (1.7918554342466615e-26-2.5481397452811883e-26j)
ESFGw (3.1481761642027095e-14-1.1666882737682016e-14j)
intensity 1.127217468900231e-27
finishing 2
starting: 3
some stuff:
tdelaylist (1+0j)
ESFGt (1.0399849685559017e-26-9.582197897117553e-27j)
ESFGw (-7.306351704206016e-14+2.708120186434293e-14j)
intensity 6.071669016972707e-27
finishing 3
starting: 4
some stuff:
tdelaylist (1+0j)
ESFGt (-1.9242295268462516e-26+2.3897468876468026e-26j)
ESFGw (-4.1988981736018616e-15+1.5794657248768829e-15j)
intensity 2.012545784833791e-29
finishing 4
starting: 5
some stuff:
tdelaylist (1+0j)
ESFGt (-2.076243094978092e-26+2.910518539459055e-26j)
ESFGw (7.539108226595204e-15-2.7903027111086942e-15j)
intensity 6.462394207193602e-29
finishing 5
starting: 6
some stuff:
tdelaylist (1+0j)
ESFGt (3.6174323406125824e-28+7.625727470488948e-27j)
ESFGw (8.479892135704326e-14-3.1416709511677965e-14j)
intensity 8.177866699859163e-27
finishing 6
starting: 7
some stuff:
tdelaylist (1+0j)
ESFGt (6.646410099708385e-27-7.802254742517582e-27j)
ESFGw (-7.328751321089566e-14+2.7156228654678927e-14j)
intensity 6.1085203473824115e-27
finishing 7
starting: 8
some stuff:
tdelaylist (1+0j)
ESFGt (3.424605362236576e-27-1.523379379174357e-26j)
ESFGw (-4.367166350771612e-15+1.609823385706477e-15j)
intensity 2.1663673268479305e-29
finishing 8
starting: 9
some stuff:
tdelaylist (1+0j)
ESFGt (9.890481961194177e-27-1.5401028606156454e-26j)
ESFGw (-4.000445807950115e-14+1.4798058611820153e-14j)
intensity 1.819339204913429e-27
finishing 9
starting: 10
some stuff:
tdelaylist (1+0j)
ESFGt (1.758619834530066e-27+2.6942266965158665e-27j)
ESFGw (1.1216483471188088e-13-4.156223976092832e-14j)
intensity 1.4308369919888446e-26
finishing 10
MID-level running in PID 151767 (name=__main__)
/lustre06/project/6067427/ncosta/CPI_Project/two_interfaces/interfaces_jul21.py:382: RuntimeWarning: divide by zero encountered in divide
  waveList = 2 * np.pi * c / freqList * 1e-6
starting: 1
some stuff:
tdelaylist (1+0j)
ESFGt (1.9101011023325094e-28+4.0183527708848256e-29j)
ESFGw (7.19684728478498e-14-4.333117198385139e-12j)
intensity 1.878108411602513e-23
finishing 1
starting: 2
some stuff:
tdelaylist (1+0j)
ESFGt (2.406214938402139e-28-3.2607339100171436e-29j)
ESFGw (1.526053589051557e-13+8.816003482792212e-13j)
intensity 8.005075696526156e-25
finishing 2
starting: 3
some stuff:
tdelaylist (1+0j)
ESFGt (-1.4152997875199798e-29-3.006592181832642e-28j)
ESFGw (2.3489977324375744e-12+9.640899190088703e-14j)
intensity 5.527085040716212e-24
finishing 3
starting: 4
some stuff:
tdelaylist (1+0j)
ESFGt (-1.9925490799161333e-28-6.186978235546222e-28j)
ESFGw (-1.878027247603775e-12+5.0019120789723814e-12j)
intensity 2.854611078851203e-23
finishing 4
starting: 5
some stuff:
tdelaylist (1+0j)
ESFGt (-6.610383717363254e-29-6.00839887538173e-28j)
ESFGw (-1.5575665757161516e-12-5.014377801870751e-12j)
intensity 2.7569998377682275e-23
finishing 5
starting: 6
some stuff:
tdelaylist (1+0j)
ESFGt (1.9222580686702954e-28-4.740655515819906e-28j)
ESFGw (-4.498276751085939e-13+6.52216128327332e-13j)
intensity 6.277308153438975e-25
finishing 6
starting: 7
some stuff:
tdelaylist (1+0j)
ESFGt (3.1705419261135794e-28-6.800300045337472e-28j)
ESFGw (9.09816926658591e-13-2.1836239413874914e-12j)
intensity 5.595980357435126e-24
finishing 7
starting: 8
some stuff:
tdelaylist (1+0j)
ESFGt (1.2071035030017746e-28-8.975634509529633e-28j)
ESFGw (3.693748432120891e-12+5.451614853990705e-12j)
intensity 4.3363881996047627e-23
finishing 8
starting: 9
some stuff:
tdelaylist (1+0j)
ESFGt (2.7566510780088263e-28-9.350860496216348e-28j)
ESFGw (-2.118567474229671e-12-2.3816747185545495e-12j)
intensity 1.0160702607865781e-23
finishing 9
starting: 10
some stuff:
tdelaylist (1+0j)
ESFGt (5.516832938558257e-28-8.236697477572224e-28j)
ESFGw (3.1740452280382137e-13+1.2765049434149134e-13j)
intensity 1.1704027980194865e-25
finishing 10
MID-level running in PID 151767 (name=__main__)
/lustre06/project/6067427/ncosta/CPI_Project/two_interfaces/interfaces_jul21.py:382: RuntimeWarning: divide by zero encountered in divide
  waveList = 2 * np.pi * c / freqList * 1e-6
starting: 1
some stuff:
tdelaylist (1+0j)
ESFGt (1.4113224412582663e-28+1.410046113942426e-27j)
ESFGw (1.8192738981959167e-13+7.092021414578653e-12j)
intensity 5.032986532000877e-23
finishing 1
starting: 2
some stuff:
tdelaylist (1+0j)
ESFGt (-5.577918930019077e-29+8.554770540538627e-28j)
ESFGw (3.8882091990544154e-13+3.1115873766474067e-12j)
intensity 9.833157710267603e-24
finishing 2
starting: 3
some stuff:
tdelaylist (1+0j)
ESFGt (-3.6426526264524124e-28-7.811196185248015e-28j)
ESFGw (2.3769493318059887e-12-4.627666305712097e-12j)
intensity 2.7065183562995984e-23
finishing 3
starting: 4
some stuff:
tdelaylist (1+0j)
ESFGt (-3.836476993541419e-28-1.2903015832789632e-27j)
ESFGw (4.728110264418106e-13-6.7750145771316994e-12j)
intensity 4.612437278707199e-23
finishing 4
starting: 5
some stuff:
tdelaylist (1+0j)
ESFGt (-1.830651914281336e-28+3.2747452572495665e-28j)
ESFGw (-3.3241569219466527e-12+9.101192022242799e-13j)
intensity 1.1878336203983203e-23
finishing 5
starting: 6
some stuff:
tdelaylist (1+0j)
ESFGt (-1.1600034793801457e-28+1.9876909216314165e-27j)
ESFGw (6.769584892651892e-13+5.88263812661971e-12j)
intensity 3.506370412494807e-23
finishing 6
starting: 7
some stuff:
tdelaylist (1+0j)
ESFGt (-4.453732218079108e-28+1.2157050183447075e-27j)
ESFGw (-3.283609495419171e-12+5.276230841122498e-12j)
intensity 3.862070320721916e-23
finishing 7
starting: 8
some stuff:
tdelaylist (1+0j)
ESFGt (-7.682357904273597e-28-8.323898183822438e-28j)
ESFGw (2.978568780509505e-12-8.776382398600902e-13j)
intensity 9.6421208602906e-24
finishing 8
starting: 9
some stuff:
tdelaylist (1+0j)
ESFGt (-7.50353395476775e-28-1.1170636887227153e-27j)
ESFGw (1.9733173428626571e-13-8.918144001057726e-12j)
intensity 7.957223223695832e-23
finishing 9
starting: 10
some stuff:
tdelaylist (1+0j)
ESFGt (-5.627181472041699e-28+6.231275805403852e-28j)
ESFGw (1.1067357967575742e-12-1.1346834929981675e-12j)
intensity 2.512370753107145e-24
finishing 10
MID-level running in PID 151767 (name=__main__)
/lustre06/project/6067427/ncosta/CPI_Project/two_interfaces/interfaces_jul21.py:382: RuntimeWarning: divide by zero encountered in divide
  waveList = 2 * np.pi * c / freqList * 1e-6
starting: 1
some stuff:
tdelaylist (1+0j)
ESFGt (1.4095652558789283e-28+1.1046672765366555e-27j)
ESFGw (-1.780509767401739e-12+4.092684524614754e-12j)
intensity 1.9920281649834095e-23
finishing 1
starting: 2
some stuff:
tdelaylist (1+0j)
ESFGt (8.346339706341218e-29+9.695169843597905e-28j)
ESFGw (1.9877086088193607e-12+1.1398139376783689e-11j)
intensity 1.3386856676616144e-22
finishing 2
starting: 3
some stuff:
tdelaylist (1+0j)
ESFGt (-9.125448484732892e-29+2.281190893974105e-29j)
ESFGw (4.31643436271667e-13-4.883024540269787e-12j)
intensity 2.4030244716953386e-23
finishing 3
starting: 4
some stuff:
tdelaylist (1+0j)
ESFGt (-1.6580776036834438e-28-2.8948610036818986e-28j)
ESFGw (5.878466116659986e-12-3.114314361951642e-13j)
intensity 3.4653353424170126e-23
finishing 4
starting: 5
some stuff:
tdelaylist (1+0j)
ESFGt (2.966867394085586e-29+5.299932676967128e-28j)
ESFGw (-5.677291969874432e-12-1.5553051901928683e-11j)
intensity 2.7412906757528808e-22
finishing 5
starting: 6
some stuff:
tdelaylist (1+0j)
ESFGt (1.62383596105755e-28+1.4861622913934247e-27j)
ESFGw (2.039304489165339e-12+4.904396333493821e-12j)
intensity 2.8211866195517546e-23
finishing 6
starting: 7
some stuff:
tdelaylist (1+0j)
ESFGt (1.105807269077292e-28+1.4895518092295574e-27j)
ESFGw (-4.492345731521574e-12-1.6518036938251157e-12j)
intensity 2.2909625614454408e-23
finishing 7
starting: 8
some stuff:
tdelaylist (1+0j)
ESFGt (-9.681162705575654e-29+5.504087201894777e-28j)
ESFGw (-1.9743928714177628e-13+1.7791719486570656e-11j)
intensity 3.16584264560925e-22
finishing 8
starting: 9
some stuff:
tdelaylist (1+0j)
ESFGt (-2.777828167804003e-28-5.0089789730304115e-29j)
ESFGw (1.6178516859532976e-12-1.2610641697552438e-12j)
intensity 4.207726917982409e-24
finishing 9
starting: 10
some stuff:
tdelaylist (1+0j)
ESFGt (-9.594209451230639e-29+4.992951292814859e-28j)
ESFGw (-1.4216002507116965e-12+1.1081782193278489e-12j)
intensity 3.2490062386162e-24
finishing 10
MID-level running in PID 151767 (name=__main__)
/lustre06/project/6067427/ncosta/CPI_Project/two_interfaces/interfaces_jul21.py:382: RuntimeWarning: divide by zero encountered in divide
  waveList = 2 * np.pi * c / freqList * 1e-6
starting: 1
some stuff:
tdelaylist (1+0j)
ESFGt (3.51581740663906e-21-4.452289126904186e-22j)
ESFGw (-1.0281470119721803e-10-3.28929106174769e-10j)
intensity 1.1876521967120569e-19
finishing 1
starting: 2
some stuff:
tdelaylist (1+0j)
ESFGt (3.912804992298177e-21+1.962857079501779e-21j)
ESFGw (3.341732446315859e-11+9.259382149906514e-11j)
intensity 9.690333354076755e-21
finishing 2
starting: 3
some stuff:
tdelaylist (1+0j)
ESFGt (1.675604818376368e-21+1.8672954908419707e-21j)
ESFGw (-2.9032887205460156e-12+1.0358372493080026e-10j)
intensity 1.0738017155934542e-20
finishing 3
starting: 4
some stuff:
tdelaylist (1+0j)
ESFGt (9.486183925681445e-22-1.1583759955147655e-21j)
ESFGw (-4.377470608218914e-11-4.4946421584590723e-11j)
intensity 3.93640570584181e-21
finishing 4
starting: 5
some stuff:
tdelaylist (1+0j)
ESFGt (9.514228767299094e-22-1.553646975607504e-21j)
ESFGw (-2.4406990317693555e-11-9.113485660572351e-11j)
intensity 8.901263264913774e-21
finishing 5
starting: 6
some stuff:
tdelaylist (1+0j)
ESFGt (-7.380494586797226e-22-2.2528584968629338e-22j)
ESFGw (-7.400996482331834e-12-6.694439447230138e-11j)
intensity 4.536326700194583e-21
finishing 6
starting: 7
some stuff:
tdelaylist (1+0j)
ESFGt (2.6461268784868023e-23-9.046992242487892e-23j)
ESFGw (4.3847009356667854e-12-2.4909622975410883e-12j)
intensity 2.543049546300836e-23
finishing 7
starting: 8
some stuff:
tdelaylist (1+0j)
ESFGt (6.903410727162813e-22+4.410501111501423e-22j)
ESFGw (8.90647451623483e-12+4.655812887999211e-11j)
intensity 2.246984653114296e-21
finishing 8
starting: 9
some stuff:
tdelaylist (1+0j)
ESFGt (5.82548895110897e-22+8.3105922360366885e-22j)
ESFGw (5.15267516154605e-12+4.284543032861965e-11j)
intensity 1.8622809613650144e-21
finishing 9
starting: 10
some stuff:
tdelaylist (1+0j)
ESFGt (9.269278443242926e-22+2.5511552748638233e-21j)
ESFGw (-1.99239583165145e-12+7.719797023852948e-13j)
intensity 4.5655938108769624e-24
finishing 10
MID-level running in PID 151767 (name=__main__)
/lustre06/project/6067427/ncosta/CPI_Project/two_interfaces/interfaces_jul21.py:382: RuntimeWarning: divide by zero encountered in divide
  waveList = 2 * np.pi * c / freqList * 1e-6
starting: 1
some stuff:
tdelaylist (1+0j)
ESFGt (-6.181368589468132e-23+2.531927839639878e-24j)
ESFGw (3.9956753183911786e-14-1.4528742792174754e-14j)
intensity 1.807626492121215e-27
finishing 1
starting: 2
some stuff:
tdelaylist (1+0j)
ESFGt (-3.3098685510821056e-23+5.9074662101368695e-24j)
ESFGw (1.2435798918408736e-15-6.509549843602969e-16j)
intensity 1.9702333390544735e-30
finishing 2
starting: 3
some stuff:
tdelaylist (1+0j)
ESFGt (3.7936702353960815e-23-4.859410411867872e-24j)
ESFGw (-1.8556120182089408e-14+6.880346986593011e-15j)
intensity 3.916687708680655e-28
finishing 3
starting: 4
some stuff:
tdelaylist (1+0j)
ESFGt (4.7248731348834797e-23-8.549654123668802e-24j)
ESFGw (-3.764241522652423e-14+1.385436904088877e-14j)
intensity 1.6088949656072008e-27
finishing 4
starting: 5
some stuff:
tdelaylist (1+0j)
ESFGt (-1.926162416232328e-23+2.705303788885533e-24j)
ESFGw (4.7523183305253625e-14-1.732945384413931e-14j)
intensity 2.558762922000891e-27
finishing 5
starting: 6
some stuff:
tdelaylist (1+0j)
ESFGt (-6.980848337451791e-23+2.5519318362804255e-24j)
ESFGw (2.9173712057239953e-15-1.2117043479697998e-15j)
intensity 9.979282178876394e-30
finishing 6
starting: 7
some stuff:
tdelaylist (1+0j)
ESFGt (-2.9430353527697193e-23-1.5952700613820889e-24j)
ESFGw (9.955686448848144e-15-3.885346905319054e-15j)
intensity 1.1421161324245092e-28
finishing 7
starting: 8
some stuff:
tdelaylist (1+0j)
ESFGt (4.1262059357878905e-23-4.047794589092243e-24j)
ESFGw (-6.310208432169784e-14+2.3629535828018078e-14j)
intensity 4.5402280091902526e-27
finishing 8
starting: 9
some stuff:
tdelaylist (1+0j)
ESFGt (3.273598727962878e-23-9.576608703482445e-24j)
ESFGw (4.004912720900755e-14-1.488349374301201e-14j)
intensity 1.825450976201547e-27
finishing 9
starting: 10
some stuff:
tdelaylist (1+0j)
ESFGt (-4.063945129475395e-23-1.9264942406132246e-24j)
ESFGw (1.3491811834409617e-15-4.833373284940379e-16j)
intensity 2.0539048388669078e-30
finishing 10
MID-level running in PID 151767 (name=__main__)
/lustre06/project/6067427/ncosta/CPI_Project/two_interfaces/interfaces_jul21.py:382: RuntimeWarning: divide by zero encountered in divide
  waveList = 2 * np.pi * c / freqList * 1e-6
starting: 1
some stuff:
tdelaylist (1+0j)
ESFGt (9.095888094804321e-27+3.2665870420022716e-25j)
ESFGw (2.0242869880338077e-12+2.4239343171528205e-12j)
intensity 9.973195383794095e-24
finishing 1
starting: 2
some stuff:
tdelaylist (1+0j)
ESFGt (-3.5792326446153457e-26+7.66601483676081e-27j)
ESFGw (-1.1447266745623352e-12-1.4157702787898074e-12j)
intensity 3.3148046417591116e-24
finishing 2
starting: 3
some stuff:
tdelaylist (1+0j)
ESFGt (-4.67757422021358e-25-4.293289646779006e-25j)
ESFGw (-9.802449650597733e-13+1.7489568820971968e-13j)
intensity 9.914686932793877e-25
finishing 3
starting: 4
some stuff:
tdelaylist (1+0j)
ESFGt (-9.163604450804907e-25-3.7584678165215956e-25j)
ESFGw (-2.1866883304078044e-13-1.895237439208941e-12j)
intensity 3.63974100952268e-24
finishing 4
starting: 5
some stuff:
tdelaylist (1+0j)
ESFGt (-8.782272950430194e-25-1.4768844923745483e-25j)
ESFGw (2.139665181144501e-12+3.553816962931222e-12j)
intensity 1.7207782093419824e-23
finishing 5
starting: 6
some stuff:
tdelaylist (1+0j)
ESFGt (-4.47034063757289e-25-8.803925698767847e-26j)
ESFGw (2.78090918348628e-13-1.947227101783966e-12j)
intensity 3.869027944789968e-24
finishing 6
starting: 7
some stuff:
tdelaylist (1+0j)
ESFGt (9.723450472260148e-26-2.4770233353055208e-25j)
ESFGw (-1.824043520393115e-12+1.3465704246096166e-13j)
intensity 3.345267283372442e-24
finishing 7
starting: 8
some stuff:
tdelaylist (1+0j)
ESFGt (4.454902519391642e-25-5.653731591328071e-25j)
ESFGw (-4.889196686397312e-13-1.802197280298401e-12j)
intensity 3.486957479497738e-24
finishing 8
starting: 9
some stuff:
tdelaylist (1+0j)
ESFGt (4.0604543555248655e-25-6.846788079191193e-25j)
ESFGw (-4.4951715960639405e-13+3.242617979681839e-12j)
intensity 1.0716637038936534e-23
finishing 9
starting: 10
some stuff:
tdelaylist (1+0j)
ESFGt (3.38972287511823e-25-4.398197689341594e-25j)
ESFGw (2.949185166911672e-12-4.914992024485088e-13j)
intensity 8.939264614739345e-24
finishing 10
MID-level running in PID 151767 (name=__main__)
/lustre06/project/6067427/ncosta/CPI_Project/two_interfaces/interfaces_jul21.py:382: RuntimeWarning: divide by zero encountered in divide
  waveList = 2 * np.pi * c / freqList * 1e-6
starting: 1
some stuff:
tdelaylist (1+0j)
ESFGt (-1.8565791209658066e-25-7.355458214978074e-26j)
ESFGw (3.659421290297393e-12+5.039710836152178e-12j)
intensity 3.8790049491911525e-23
finishing 1
starting: 2
some stuff:
tdelaylist (1+0j)
ESFGt (-1.1912054735105876e-25+2.371656878692356e-25j)
ESFGw (1.0231789374093303e-12-8.46009026722605e-13j)
intensity 1.7626264112542153e-24
finishing 2
starting: 3
some stuff:
tdelaylist (1+0j)
ESFGt (4.231679774094915e-25+4.105909168560061e-25j)
ESFGw (-3.813972141580857e-12-4.672785595960516e-13j)
intensity 1.476473274901303e-23
finishing 3
starting: 4
some stuff:
tdelaylist (1+0j)
ESFGt (9.723380362649544e-25+3.4388617136658206e-27j)
ESFGw (-8.926978080359138e-13-5.711801691343776e-12j)
intensity 3.3421587937709744e-23
finishing 4
starting: 5
some stuff:
tdelaylist (1+0j)
ESFGt (8.61003007403743e-25-1.3910166447673027e-25j)
ESFGw (-3.4641213508823654e-13+6.056362009121408e-12j)
intensity 3.679952215286548e-23
finishing 5
starting: 6
some stuff:
tdelaylist (1+0j)
ESFGt (2.8589845183037525e-25+2.891053898003981e-25j)
ESFGw (4.905760693507677e-12-8.412775684418783e-13j)
intensity 2.4774235929128397e-23
finishing 6
starting: 7
some stuff:
tdelaylist (1+0j)
ESFGt (-1.356993552830923e-25+6.575397424208528e-25j)
ESFGw (-7.721024340712201e-13+3.3600583253245997e-12j)
intensity 1.1886134118281853e-23
finishing 7
starting: 8
some stuff:
tdelaylist (1+0j)
ESFGt (-5.182498621780588e-25+6.082012177412335e-25j)
ESFGw (-1.7787312421579937e-13-7.408855647039747e-12j)
intensity 5.492278084699104e-23
finishing 8
starting: 9
some stuff:
tdelaylist (1+0j)
ESFGt (-5.751789967194231e-25+5.167657899801e-25j)
ESFGw (-2.9148254990229994e-12+1.706910654486471e-12j)
intensity 1.1409751672154108e-23
finishing 9
starting: 10
some stuff:
tdelaylist (1+0j)
ESFGt (-2.8155112894971682e-25+5.131161034989032e-25j)
ESFGw (-1.6041139770661683e-12-1.4206084225643067e-14j)
intensity 2.5733834642480653e-24
finishing 10
MID-level running in PID 151767 (name=__main__)
/lustre06/project/6067427/ncosta/CPI_Project/two_interfaces/interfaces_jul21.py:382: RuntimeWarning: divide by zero encountered in divide
  waveList = 2 * np.pi * c / freqList * 1e-6
starting: 1
some stuff:
tdelaylist (1+0j)
ESFGt (-7.681023464426981e-25+9.75464239113206e-25j)
ESFGw (4.432731959269631e-12-3.101685575046531e-13j)
intensity 1.9745317156794904e-23
finishing 1
starting: 2
some stuff:
tdelaylist (1+0j)
ESFGt (-5.945800480334628e-25+8.542741562535805e-25j)
ESFGw (6.302958155401939e-12+5.2265206051949065e-12j)
intensity 6.704379914527475e-23
finishing 2
starting: 3
some stuff:
tdelaylist (1+0j)
ESFGt (-1.7332419855320707e-26-1.5816625493117857e-25j)
ESFGw (-6.353436873829388e-12-3.624670008584019e-13j)
intensity 4.049754243644623e-23
finishing 3
starting: 4
some stuff:
tdelaylist (1+0j)
ESFGt (1.0347296789352512e-25-7.207869699787751e-25j)
ESFGw (-7.121213341232391e-14+5.862602070472178e-13j)
intensity 3.487721983121813e-25
finishing 4
starting: 5
some stuff:
tdelaylist (1+0j)
ESFGt (3.5304603505264603e-25-1.5343397835551592e-25j)
ESFGw (-6.856321066450732e-12-8.903967840812044e-12j)
intensity 1.262897818764712e-22
finishing 5
starting: 6
some stuff:
tdelaylist (1+0j)
ESFGt (5.425310134809581e-25+6.575236507690004e-25j)
ESFGw (4.705381917435858e-12+3.877308196731377e-12j)
intensity 3.7174137841372675e-23
finishing 6
starting: 7
some stuff:
tdelaylist (1+0j)
ESFGt (7.59239357694331e-26+6.921481055716716e-25j)
ESFGw (1.898993115534431e-12-1.8599635720484287e-12j)
intensity 7.065639342194314e-24
finishing 7
starting: 8
some stuff:
tdelaylist (1+0j)
ESFGt (-5.211848771839585e-25+1.8983638985550714e-25j)
ESFGw (3.2284522277770122e-12+1.1493500595705086e-11j)
intensity 1.4252345973051155e-22
finishing 8
starting: 9
some stuff:
tdelaylist (1+0j)
ESFGt (-3.873862230294928e-25-2.3661098453378853e-25j)
ESFGw (1.5279409681934197e-12-7.403869184408052e-12j)
intensity 5.715188250211101e-23
finishing 9
starting: 10
some stuff:
tdelaylist (1+0j)
ESFGt (2.0211202671461165e-25-4.7860326453694e-25j)
ESFGw (-3.764690382351832e-12+2.0309630713311044e-12j)
intensity 1.8297704672083052e-23
finishing 10
MID-level running in PID 151767 (name=__main__)
/lustre06/project/6067427/ncosta/CPI_Project/two_interfaces/interfaces_jul21.py:382: RuntimeWarning: divide by zero encountered in divide
  waveList = 2 * np.pi * c / freqList * 1e-6
starting: 1
some stuff:
tdelaylist (1+0j)
ESFGt (3.537357532274568e-27-4.939306140345818e-27j)
ESFGw (1.3079815008865125e-14-6.391588647236546e-15j)
intensity 2.1193396610161645e-28
finishing 1
starting: 2
some stuff:
tdelaylist (1+0j)
ESFGt (5.909757071330218e-27-1.1110385565028129e-26j)
ESFGw (8.2947971408176e-15-3.318309169109135e-15j)
intensity 7.981483534910958e-29
finishing 2
starting: 3
some stuff:
tdelaylist (1+0j)
ESFGt (9.616831913363062e-28-4.3248092108573056e-27j)
ESFGw (-2.050356412430787e-14+4.913062144618063e-15j)
intensity 4.445343214364838e-28
finishing 3
starting: 4
some stuff:
tdelaylist (1+0j)
ESFGt (-8.369274889091411e-27+8.295560780743775e-27j)
ESFGw (-4.839336396889049e-16+3.614946883501169e-15j)
intensity 1.3302032738157364e-29
finishing 4
starting: 5
some stuff:
tdelaylist (1+0j)
ESFGt (-7.95789619617041e-27+1.1679797139378141e-26j)
ESFGw (2.605337820482667e-15-9.95297594341693e-16j)
intensity 7.778402460139736e-30
finishing 5
starting: 6
some stuff:
tdelaylist (1+0j)
ESFGt (5.473488011892025e-28+5.339381752796317e-27j)
ESFGw (2.2551405187698492e-14-8.342285195972465e-15j)
intensity 5.781595982306957e-28
finishing 6
starting: 7
some stuff:
tdelaylist (1+0j)
ESFGt (4.3082607443265425e-27-1.7295359601890267e-27j)
ESFGw (-2.0313882954231532e-14+4.4748276264994225e-15j)
intensity 4.326779229651009e-28
finishing 7
starting: 8
some stuff:
tdelaylist (1+0j)
ESFGt (2.6925644399225608e-27-7.360848526758837e-27j)
ESFGw (-1.4118480690106239e-15+2.274222477005594e-15j)
intensity 7.165402844886486e-30
finishing 8
starting: 9
some stuff:
tdelaylist (1+0j)
ESFGt (2.0645568569329572e-27-8.195479569001432e-27j)
ESFGw (-9.656988750328388e-15+4.930951480464074e-15j)
intensity 1.1757171422665989e-28
finishing 9
starting: 10
some stuff:
tdelaylist (1+0j)
ESFGt (-1.7781588971155357e-27-1.812343538985923e-28j)
ESFGw (2.991270425800607e-14-1.0699394929064576e-14j)
intensity 1.0092469278750274e-27
finishing 10
MID-level running in PID 151767 (name=__main__)
/lustre06/project/6067427/ncosta/CPI_Project/two_interfaces/interfaces_jul21.py:382: RuntimeWarning: divide by zero encountered in divide
  waveList = 2 * np.pi * c / freqList * 1e-6
starting: 1
some stuff:
tdelaylist (1+0j)
ESFGt (2.763700207300199e-29-1.3260102710665475e-29j)
ESFGw (-7.547391531192993e-14-1.1052174800352255e-12j)
intensity 1.227201990067926e-24
finishing 1
starting: 2
some stuff:
tdelaylist (1+0j)
ESFGt (1.1330324479892292e-29-2.7780060017615706e-29j)
ESFGw (6.831557888831163e-14+2.664431175691817e-13j)
intensity 7.56589532188299e-26
finishing 2
starting: 3
some stuff:
tdelaylist (1+0j)
ESFGt (-3.288553535481896e-29-8.904120972874194e-29j)
ESFGw (4.803377747636395e-13-5.6366153064479896e-14j)
intensity 2.3390152107617323e-25
finishing 3
starting: 4
some stuff:
tdelaylist (1+0j)
ESFGt (-7.788891612523084e-29-1.7867746109255939e-28j)
ESFGw (-3.4935032297567226e-13+1.3008101540368244e-12j)
intensity 1.8141527050085134e-24
finishing 4
starting: 5
some stuff:
tdelaylist (1+0j)
ESFGt (-5.15827876443513e-29-1.8497384057112873e-28j)
ESFGw (-4.380246165780477e-13-1.3512403002069462e-12j)
intensity 2.0177159136317038e-24
finishing 5
starting: 6
some stuff:
tdelaylist (1+0j)
ESFGt (-5.111545966189093e-31-1.4441896545117774e-28j)
ESFGw (-9.056384114858318e-14+3.210279264642679e-13j)
intensity 1.1126073889353324e-25
finishing 6
starting: 7
some stuff:
tdelaylist (1+0j)
ESFGt (6.999505035632339e-29-1.776784635509707e-28j)
ESFGw (1.268089366152081e-13-6.107735844862461e-13j)
intensity 3.8912487791165735e-25
finishing 7
starting: 8
some stuff:
tdelaylist (1+0j)
ESFGt (-1.1649280672016161e-30-2.5221827148022855e-28j)
ESFGw (1.031881177726568e-12+1.4456257371731063e-12j)
intensity 3.1546125369236562e-24
finishing 8
starting: 9
some stuff:
tdelaylist (1+0j)
ESFGt (4.5225439388035034e-29-2.7516193965394253e-28j)
ESFGw (-5.052824478268825e-13-7.491802317405316e-13j)
intensity 8.165813717127227e-25
finishing 9
starting: 10
some stuff:
tdelaylist (1+0j)
ESFGt (1.3476613357005013e-28-2.250406982087087e-28j)
ESFGw (1.0274604517884756e-13+3.7874434491436126e-14j)
intensity 1.1991222587939868e-26
finishing 10
MID-level running in PID 151767 (name=__main__)
/lustre06/project/6067427/ncosta/CPI_Project/two_interfaces/interfaces_jul21.py:382: RuntimeWarning: divide by zero encountered in divide
  waveList = 2 * np.pi * c / freqList * 1e-6
starting: 1
some stuff:
tdelaylist (1+0j)
ESFGt (5.47563625132804e-29+3.808491106155686e-28j)
ESFGw (1.8894261155644188e-13+1.814463509997033e-12j)
intensity 3.32797713957252e-24
finishing 1
starting: 2
some stuff:
tdelaylist (1+0j)
ESFGt (-3.852844106684528e-29+2.519182326597518e-28j)
ESFGw (1.0528904137441231e-13+9.140535550677953e-13j)
intensity 8.465796837656181e-25
finishing 2
starting: 3
some stuff:
tdelaylist (1+0j)
ESFGt (-1.0952010807147944e-28-1.7251404159193246e-28j)
ESFGw (9.740073331210297e-13-1.3278943916672503e-12j)
intensity 2.711993800394877e-24
finishing 3
starting: 4
some stuff:
tdelaylist (1+0j)
ESFGt (-6.621272810540571e-29-3.1656536027630296e-28j)
ESFGw (-1.2589668890727879e-13-1.7368459101496647e-12j)
intensity 3.0324836918814333e-24
finishing 4
starting: 5
some stuff:
tdelaylist (1+0j)
ESFGt (-2.3173606294539913e-30+9.875982227374157e-29j)
ESFGw (-9.19242112984442e-13+1.128958038165706e-13j)
intensity 8.577515248034909e-25
finishing 5
starting: 6
some stuff:
tdelaylist (1+0j)
ESFGt (-2.988573075948661e-30+5.318082580577723e-28j)
ESFGw (-1.1746940226098346e-13+1.6318422307870506e-12j)
intensity 2.6767081266476104e-24
finishing 6
starting: 7
some stuff:
tdelaylist (1+0j)
ESFGt (-1.4128520885471043e-28+3.168407179471921e-28j)
ESFGw (-5.356493243749427e-13+1.3957398604935722e-12j)
intensity 2.235009956873949e-24
finishing 7
starting: 8
some stuff:
tdelaylist (1+0j)
ESFGt (-2.3084134341363234e-28-2.02968083433036e-28j)
ESFGw (7.859546347077639e-13-1.8230209009040266e-13j)
intensity 6.50958739869944e-25
finishing 8
starting: 9
some stuff:
tdelaylist (1+0j)
ESFGt (-1.561251746328175e-28-2.7968732562070285e-28j)
ESFGw (3.329662934259403e-13-2.293228107408396e-12j)
intensity 5.369761705165703e-24
finishing 9
starting: 10
some stuff:
tdelaylist (1+0j)
ESFGt (-7.866745656620982e-29+1.660889150131345e-28j)
ESFGw (-1.6928949561623163e-14-3.2932098888160954e-13j)
intensity 1.0873890305122116e-25
finishing 10
MID-level running in PID 151767 (name=__main__)
/lustre06/project/6067427/ncosta/CPI_Project/two_interfaces/interfaces_jul21.py:382: RuntimeWarning: divide by zero encountered in divide
  waveList = 2 * np.pi * c / freqList * 1e-6
starting: 1
some stuff:
tdelaylist (1+0j)
ESFGt (7.589181996609341e-29+2.8298823053142064e-28j)
ESFGw (-4.3081814157797105e-13+9.553824745212047e-13j)
intensity 1.0983599437349571e-24
finishing 1
starting: 2
some stuff:
tdelaylist (1+0j)
ESFGt (2.0252537627379313e-29+2.4731755653843006e-28j)
ESFGw (4.590689807459913e-13+3.206473281336386e-12j)
intensity 1.0492215233007293e-23
finishing 2
starting: 3
some stuff:
tdelaylist (1+0j)
ESFGt (-3.25862306070544e-29+7.094123453540196e-30j)
ESFGw (5.090710838984158e-13-1.446283847891805e-12j)
intensity 2.350890337134234e-24
finishing 3
starting: 4
some stuff:
tdelaylist (1+0j)
ESFGt (-2.500378272605832e-29-7.621150308392382e-29j)
ESFGw (1.6408458793082392e-12-1.5686237031520278e-14j)
intensity 2.692621257675038e-24
finishing 4
starting: 5
some stuff:
tdelaylist (1+0j)
ESFGt (5.373770515781262e-29+1.244956760802208e-28j)
ESFGw (-1.5103170450392334e-12-4.233219677574063e-12j)
intensity 2.0201206415136293e-23
finishing 5
starting: 6
some stuff:
tdelaylist (1+0j)
ESFGt (5.863888230398985e-29+3.815672082655029e-28j)
ESFGw (2.372004502537717e-13+1.2848645758456456e-12j)
intensity 1.7071410318636025e-24
finishing 6
starting: 7
some stuff:
tdelaylist (1+0j)
ESFGt (1.9672721371293845e-29+4.058722511945172e-28j)
ESFGw (-1.4880752879919967e-12-3.7099706987064884e-13j)
intensity 2.352006888585071e-24
finishing 7
starting: 8
some stuff:
tdelaylist (1+0j)
ESFGt (-4.4432412789443465e-29+1.4951711567182396e-28j)
ESFGw (7.538240864857215e-14+4.639341862067159e-12j)
intensity 2.1529175420662437e-23
finishing 8
starting: 9
some stuff:
tdelaylist (1+0j)
ESFGt (-8.076042383467094e-29-1.3120228098793334e-29j)
ESFGw (4.4265632825890577e-13-2.574850055392375e-13j)
intensity 2.6224315302519734e-25
finishing 9
starting: 10
some stuff:
tdelaylist (1+0j)
ESFGt (-1.7500009459448651e-29+1.2360991155845812e-28j)
ESFGw (2.1924172546872178e-13+3.0805501378960987e-13j)
intensity 1.4296482570741912e-25
finishing 10
MID-level running in PID 151767 (name=__main__)
/lustre06/project/6067427/ncosta/CPI_Project/two_interfaces/interfaces_jul21.py:382: RuntimeWarning: divide by zero encountered in divide
  waveList = 2 * np.pi * c / freqList * 1e-6
starting: 1
some stuff:
tdelaylist (1+0j)
ESFGt (1.2258287761908397e-21-3.028116850477747e-22j)
ESFGw (-3.5654867946988134e-11-8.671058315812274e-11j)
intensity 8.789994839938883e-21
finishing 1
starting: 2
some stuff:
tdelaylist (1+0j)
ESFGt (1.0909069403105692e-21+2.786109555112778e-22j)
ESFGw (8.374342885808517e-12+2.69475136649433e-11j)
intensity 7.962981114913978e-22
finishing 2
starting: 3
some stuff:
tdelaylist (1+0j)
ESFGt (9.429098117210698e-23+3.693758038042351e-22j)
ESFGw (-6.7127067793215645e-12+3.188690977928843e-11j)
intensity 1.06183544757763e-21
finishing 3
starting: 4
some stuff:
tdelaylist (1+0j)
ESFGt (-2.7856860242506395e-23-3.3295492472304616e-22j)
ESFGw (-1.6434707761359135e-11-1.0672424749502696e-11j)
intensity 3.840002692350759e-22
finishing 4
starting: 5
some stuff:
tdelaylist (1+0j)
ESFGt (6.510515728036547e-22-8.336452715862072e-22j)
ESFGw (-8.017489450118376e-12-2.4732597914134402e-11j)
intensity 6.759815366650048e-22
finishing 5
starting: 6
some stuff:
tdelaylist (1+0j)
ESFGt (-3.38748792516831e-22-9.616014794984452e-23j)
ESFGw (-8.017683739147685e-13-1.8539616022938965e-11j)
intensity 3.44360194803425e-22
finishing 6
starting: 7
some stuff:
tdelaylist (1+0j)
ESFGt (2.1216091118430003e-23+6.2290013243454675e-22j)
ESFGw (3.2598420490748126e-12-1.0110245973748988e-12j)
intensity 1.1648740921413352e-23
finishing 7
starting: 8
some stuff:
tdelaylist (1+0j)
ESFGt (3.161638187088152e-22+1.6210642064215814e-22j)
ESFGw (3.3739712412828027e-12+1.2559195003425394e-11j)
intensity 1.691170610710688e-22
finishing 8
starting: 9
some stuff:
tdelaylist (1+0j)
ESFGt (-2.52222103873248e-22+3.8528867873607505e-22j)
ESFGw (6.51692241837587e-13+1.179734348405459e-11j)
intensity 1.396020160588366e-22
finishing 9
starting: 10
some stuff:
tdelaylist (1+0j)
ESFGt (-3.7826493446565043e-22+9.193617294515098e-22j)
ESFGw (-1.9547957003096528e-12+4.2476742609376394e-13j)
intensity 4.0016535962194285e-24
finishing 10
MID-level running in PID 151767 (name=__main__)
/lustre06/project/6067427/ncosta/CPI_Project/two_interfaces/interfaces_jul21.py:382: RuntimeWarning: divide by zero encountered in divide
  waveList = 2 * np.pi * c / freqList * 1e-6
starting: 1
some stuff:
tdelaylist (1+0j)
ESFGt (-1.6261499696131034e-23+1.9973290038209647e-24j)
ESFGw (1.1289905642308806e-14-2.7574513852823834e-15j)
intensity 1.3506550755443193e-28
finishing 1
starting: 2
some stuff:
tdelaylist (1+0j)
ESFGt (-8.897878500799238e-24+8.089046662801462e-25j)
ESFGw (-2.955535122195485e-16-2.3469724427793714e-15j)
intensity 5.595631525751081e-30
finishing 2
starting: 3
some stuff:
tdelaylist (1+0j)
ESFGt (9.51434370910259e-24-1.7048410430100286e-24j)
ESFGw (-5.1236684166233726e-15+2.401616232272641e-15j)
intensity 3.201973857061929e-29
finishing 3
starting: 4
some stuff:
tdelaylist (1+0j)
ESFGt (1.2300893127030968e-23-5.452392348976386e-25j)
ESFGw (-9.979376266316953e-15+3.764241522652423e-15j)
intensity 1.1375746490559071e-28
finishing 4
starting: 5
some stuff:
tdelaylist (1+0j)
ESFGt (-4.9840499911955845e-24+3.32564011956401e-24j)
ESFGw (1.3250360010597095e-14-2.984483320200848e-15j)
intensity 1.8447918109898771e-28
finishing 5
starting: 6
some stuff:
tdelaylist (1+0j)
ESFGt (-1.8461652195869322e-23+1.646805982669872e-24j)
ESFGw (6.591407107625624e-16-1.95514177764311e-15j)
intensity 4.257045847270036e-30
finishing 6
starting: 7
some stuff:
tdelaylist (1+0j)
ESFGt (-7.918754489204858e-24-1.3593065833750735e-24j)
ESFGw (2.133791190614409e-15-1.2744254436480862e-15j)
intensity 6.177225056561279e-30
finishing 7
starting: 8
some stuff:
tdelaylist (1+0j)
ESFGt (1.0545730052167424e-23-1.2314244893820764e-24j)
ESFGw (-1.6805458934177064e-14+6.1794102820811325e-15j)
intensity 3.2060856142260182e-28
finishing 8
starting: 9
some stuff:
tdelaylist (1+0j)
ESFGt (8.423302853493788e-24-4.3463037476984385e-25j)
ESFGw (1.1013596718650875e-14-2.318891606511997e-15j)
intensity 1.2667657096382912e-28
finishing 9
starting: 10
some stuff:
tdelaylist (1+0j)
ESFGt (-1.0531195138607107e-23+1.896773628574521e-24j)
ESFGw (7.86886831735667e-16-7.062492951570576e-16j)
intensity 1.1179789528688362e-30
finishing 10
MID-level running in PID 151767 (name=__main__)
/lustre06/project/6067427/ncosta/CPI_Project/two_interfaces/interfaces_jul21.py:382: RuntimeWarning: divide by zero encountered in divide
  waveList = 2 * np.pi * c / freqList * 1e-6
starting: 1
some stuff:
tdelaylist (1+0j)
ESFGt (-5.037140972127551e-27+9.143669449825805e-26j)
ESFGw (5.944858320894308e-13+5.699811282677825e-13j)
intensity 6.782918911364772e-25
finishing 1
starting: 2
some stuff:
tdelaylist (1+0j)
ESFGt (-2.3461446484662833e-26+1.1937889289132128e-26j)
ESFGw (-2.8931848236601887e-13-3.880454985116799e-13j)
intensity 2.3428449315375455e-25
finishing 2
starting: 3
some stuff:
tdelaylist (1+0j)
ESFGt (-1.2925494825279352e-25-9.184244997061868e-26j)
ESFGw (-2.6703227302971033e-13+4.645155787796895e-14j)
intensity 7.346398206870405e-26
finishing 3
starting: 4
some stuff:
tdelaylist (1+0j)
ESFGt (-2.315765580205124e-25-8.907940571544442e-26j)
ESFGw (-8.371515286542675e-14-4.133043733645092e-13j)
intensity 1.7782873186151144e-25
finishing 4
starting: 5
some stuff:
tdelaylist (1+0j)
ESFGt (-2.248453547830488e-25-4.77480190410837e-26j)
ESFGw (5.470129557649805e-13+8.864575740119562e-13j)
intensity 1.0850302042979033e-24
finishing 5
starting: 6
some stuff:
tdelaylist (1+0j)
ESFGt (-1.193229552884057e-25-4.133008013463013e-26j)
ESFGw (1.701369080342463e-13-5.36283257385195e-13j)
intensity 3.1654629962712885e-25
finishing 6
starting: 7
some stuff:
tdelaylist (1+0j)
ESFGt (1.9384199809679073e-26-8.279522530129784e-26j)
ESFGw (-5.512272496094317e-13-1.0041013159822754e-14j)
intensity 3.039523026572544e-25
finishing 7
starting: 8
some stuff:
tdelaylist (1+0j)
ESFGt (1.1932093576537775e-25-1.5958757204455216e-25j)
ESFGw (-1.259699809741388e-13-4.0311330662401446e-13j)
intensity 1.783687740839716e-25
finishing 8
starting: 9
some stuff:
tdelaylist (1+0j)
ESFGt (1.1331992686451851e-25-1.8009775832035195e-25j)
ESFGw (-1.9004676304890111e-13+8.748171458072829e-13j)
intensity 8.01422810743766e-25
finishing 9
starting: 10
some stuff:
tdelaylist (1+0j)
ESFGt (8.804551129902953e-26-1.2330503921106992e-25j)
ESFGw (9.099424772701648e-13-1.33266986855618e-13j)
intensity 8.457554017261401e-25
finishing 10
MID-level running in PID 151767 (name=__main__)
/lustre06/project/6067427/ncosta/CPI_Project/two_interfaces/interfaces_jul21.py:382: RuntimeWarning: divide by zero encountered in divide
  waveList = 2 * np.pi * c / freqList * 1e-6
starting: 1
some stuff:
tdelaylist (1+0j)
ESFGt (-2.56872964441642e-26-2.5537589992969107e-26j)
ESFGw (1.1036625172794468e-12+1.2002243816866542e-12j)
intensity 2.6586095184427166e-24
finishing 1
starting: 2
some stuff:
tdelaylist (1+0j)
ESFGt (-8.503969370614895e-27+4.7161163583702925e-26j)
ESFGw (2.625543012169107e-13-2.5117429837406835e-13j)
intensity 1.320232892512058e-25
finishing 2
starting: 3
some stuff:
tdelaylist (1+0j)
ESFGt (1.1997362790181044e-25+8.164622682789519e-26j)
ESFGw (-8.727225756302581e-13-2.2345027304165876e-13j)
intensity 8.115747185371032e-25
finishing 3
starting: 4
some stuff:
tdelaylist (1+0j)
ESFGt (2.501873342380982e-25-9.661662160695696e-27j)
ESFGw (-4.3054839207745665e-13-1.340555704637536e-12j)
intensity 1.982461515156725e-24
finishing 4
starting: 5
some stuff:
tdelaylist (1+0j)
ESFGt (2.3255662099599267e-25-2.5562573275967063e-26j)
ESFGw (-6.201679794703985e-14+1.621418277419906e-12j)
intensity 2.632843313578938e-24
finishing 5
starting: 6
some stuff:
tdelaylist (1+0j)
ESFGt (8.854338346821355e-26+8.823873055689744e-26j)
ESFGw (1.2556660355586557e-12-2.2996253339069295e-13j)
intensity 1.629579959619057e-24
finishing 6
starting: 7
some stuff:
tdelaylist (1+0j)
ESFGt (-3.433342666520964e-26+1.828883679689563e-25j)
ESFGw (1.873024305099058e-14+8.11063347559704e-13j)
intensity 6.581745757595023e-25
finishing 7
starting: 8
some stuff:
tdelaylist (1+0j)
ESFGt (-1.5218038099312861e-25+1.7197023844716653e-25j)
ESFGw (-1.6315215237844294e-13-2.0386874697089774e-12j)
intensity 4.182865223974113e-24
finishing 8
starting: 9
some stuff:
tdelaylist (1+0j)
ESFGt (-1.644215752508399e-25+1.37547507974234e-25j)
ESFGw (-7.651884768172801e-13+5.328619490096997e-13j)
intensity 8.694552617563654e-25
finishing 9
starting: 10
some stuff:
tdelaylist (1+0j)
ESFGt (-7.680991971174548e-26+1.4092771821688299e-25j)
ESFGw (-6.399218177924326e-13-3.789720273705832e-15j)
intensity 4.0951429486652428e-25
finishing 10
MID-level running in PID 151767 (name=__main__)
/lustre06/project/6067427/ncosta/CPI_Project/two_interfaces/interfaces_jul21.py:382: RuntimeWarning: divide by zero encountered in divide
  waveList = 2 * np.pi * c / freqList * 1e-6
starting: 1
some stuff:
tdelaylist (1+0j)
ESFGt (-1.9650712557196993e-25+2.616843783600655e-25j)
ESFGw (1.2164401430592164e-12-2.4177361501731554e-13j)
intensity 1.5381811025644684e-24
finishing 1
starting: 2
some stuff:
tdelaylist (1+0j)
ESFGt (-1.8004157536467167e-25+2.0980801341589276e-25j)
ESFGw (1.5879988296552128e-12+1.3749383576122653e-12j)
intensity 4.412195770219839e-24
finishing 2
starting: 3
some stuff:
tdelaylist (1+0j)
ESFGt (-3.089504870267524e-26-5.635016326415506e-26j)
ESFGw (-1.5089761037923033e-12-3.7749794609687193e-13j)
intensity 2.419513581123556e-24
finishing 3
starting: 4
some stuff:
tdelaylist (1+0j)
ESFGt (2.0526271093465412e-26-1.986123906105223e-25j)
ESFGw (-3.968049847036248e-14+2.7485305698071727e-13j)
intensity 7.711874489050185e-26
finishing 4
starting: 5
some stuff:
tdelaylist (1+0j)
ESFGt (1.0861328194989937e-25-5.722405444269456e-26j)
ESFGw (-1.7361771742496757e-12-2.239968627248956e-12j)
intensity 8.03177063144516e-24
finishing 5
starting: 6
some stuff:
tdelaylist (1+0j)
ESFGt (1.473127272923424e-25+1.729501127243693e-25j)
ESFGw (1.0161056024360349e-12+1.1287550755190168e-12j)
intensity 2.3065586158118382e-24
finishing 6
starting: 7
some stuff:
tdelaylist (1+0j)
ESFGt (6.916797323520594e-27+1.824917564014214e-25j)
ESFGw (4.937437177859882e-13-4.4298592571934137e-13j)
intensity 4.400193892385514e-25
finishing 7
starting: 8
some stuff:
tdelaylist (1+0j)
ESFGt (-1.6655984632344901e-25+5.245625891042798e-26j)
ESFGw (9.24697818316389e-13+2.889136846428997e-12j)
intensity 9.202177772592777e-24
finishing 8
starting: 9
some stuff:
tdelaylist (1+0j)
ESFGt (-1.1866975675284429e-25-7.53989311260166e-26j)
ESFGw (5.067534933345108e-13-2.0537720829549855e-12j)
intensity 4.47477887173199e-24
finishing 9
starting: 10
some stuff:
tdelaylist (1+0j)
ESFGt (6.158341581627672e-26-1.3884113269730192e-25j)
ESFGw (-8.181985904770483e-13+5.071632133354931e-13j)
intensity 9.266634584194117e-25
finishing 10
Top-level running in PID 186608 (name=__main__)
MID-level running in PID 186608 (name=__main__)
/lustre06/project/6067427/ncosta/CPI_Project/two_interfaces/interfaces_jul21.py:382: RuntimeWarning: divide by zero encountered in divide
  waveList = 2 * np.pi * c / freqList * 1e-6
starting: 1
some stuff:
tdelaylist (1+0j)
ESFGt (2.2152481781435972e-27-1.1932163258895443e-26j)
ESFGw (4.9236656418649716e-14-1.824408679684808e-14j)
intensity 2.7570950383390867e-27
finishing 1
starting: 2
some stuff:
tdelaylist (1+0j)
ESFGt (1.7918554342466615e-26-2.5481397452811883e-26j)
ESFGw (3.1481761642027095e-14-1.1666882737682016e-14j)
intensity 1.127217468900231e-27
finishing 2
starting: 3
some stuff:
tdelaylist (1+0j)
ESFGt (1.0399849685559017e-26-9.582197897117553e-27j)
ESFGw (-7.306351704206016e-14+2.708120186434293e-14j)
intensity 6.071669016972707e-27
finishing 3
starting: 4
some stuff:
tdelaylist (1+0j)
ESFGt (-1.9242295268462516e-26+2.3897468876468026e-26j)
ESFGw (-4.1988981736018616e-15+1.5794657248768829e-15j)
intensity 2.012545784833791e-29
finishing 4
starting: 5
some stuff:
tdelaylist (1+0j)
ESFGt (-2.076243094978092e-26+2.910518539459055e-26j)
ESFGw (7.539108226595204e-15-2.7903027111086942e-15j)
intensity 6.462394207193602e-29
finishing 5
starting: 6
some stuff:
tdelaylist (1+0j)
ESFGt (3.6174323406125824e-28+7.625727470488948e-27j)
ESFGw (8.479892135704326e-14-3.1416709511677965e-14j)
intensity 8.177866699859163e-27
finishing 6
starting: 7
some stuff:
tdelaylist (1+0j)
ESFGt (6.646410099708385e-27-7.802254742517582e-27j)
ESFGw (-7.328751321089566e-14+2.7156228654678927e-14j)
intensity 6.1085203473824115e-27
finishing 7
starting: 8
some stuff:
tdelaylist (1+0j)
ESFGt (3.424605362236576e-27-1.523379379174357e-26j)
ESFGw (-4.367166350771612e-15+1.609823385706477e-15j)
intensity 2.1663673268479305e-29
finishing 8
starting: 9
some stuff:
tdelaylist (1+0j)
ESFGt (9.890481961194177e-27-1.5401028606156454e-26j)
ESFGw (-4.000445807950115e-14+1.4798058611820153e-14j)
intensity 1.819339204913429e-27
finishing 9
starting: 10
some stuff:
tdelaylist (1+0j)
ESFGt (1.758619834530066e-27+2.6942266965158665e-27j)
ESFGw (1.1216483471188088e-13-4.156223976092832e-14j)
intensity 1.4308369919888446e-26
finishing 10
MID-level running in PID 186608 (name=__main__)
/lustre06/project/6067427/ncosta/CPI_Project/two_interfaces/interfaces_jul21.py:382: RuntimeWarning: divide by zero encountered in divide
  waveList = 2 * np.pi * c / freqList * 1e-6
starting: 1
some stuff:
tdelaylist (1+0j)
ESFGt (1.9101011023325094e-28+4.0183527708848256e-29j)
ESFGw (7.19684728478498e-14-4.333117198385139e-12j)
intensity 1.878108411602513e-23
finishing 1
starting: 2
some stuff:
tdelaylist (1+0j)
ESFGt (2.406214938402139e-28-3.2607339100171436e-29j)
ESFGw (1.526053589051557e-13+8.816003482792212e-13j)
intensity 8.005075696526156e-25
finishing 2
starting: 3
some stuff:
tdelaylist (1+0j)
ESFGt (-1.4152997875199798e-29-3.006592181832642e-28j)
ESFGw (2.3489977324375744e-12+9.640899190088703e-14j)
intensity 5.527085040716212e-24
finishing 3
starting: 4
some stuff:
tdelaylist (1+0j)
ESFGt (-1.9925490799161333e-28-6.186978235546222e-28j)
ESFGw (-1.878027247603775e-12+5.0019120789723814e-12j)
intensity 2.854611078851203e-23
finishing 4
starting: 5
some stuff:
tdelaylist (1+0j)
ESFGt (-6.610383717363254e-29-6.00839887538173e-28j)
ESFGw (-1.5575665757161516e-12-5.014377801870751e-12j)
intensity 2.7569998377682275e-23
finishing 5
starting: 6
some stuff:
tdelaylist (1+0j)
ESFGt (1.9222580686702954e-28-4.740655515819906e-28j)
ESFGw (-4.498276751085939e-13+6.52216128327332e-13j)
intensity 6.277308153438975e-25
finishing 6
starting: 7
some stuff:
tdelaylist (1+0j)
ESFGt (3.1705419261135794e-28-6.800300045337472e-28j)
ESFGw (9.09816926658591e-13-2.1836239413874914e-12j)
intensity 5.595980357435126e-24
finishing 7
starting: 8
some stuff:
tdelaylist (1+0j)
ESFGt (1.2071035030017746e-28-8.975634509529633e-28j)
ESFGw (3.693748432120891e-12+5.451614853990705e-12j)
intensity 4.3363881996047627e-23
finishing 8
starting: 9
some stuff:
tdelaylist (1+0j)
ESFGt (2.7566510780088263e-28-9.350860496216348e-28j)
ESFGw (-2.118567474229671e-12-2.3816747185545495e-12j)
intensity 1.0160702607865781e-23
finishing 9
starting: 10
some stuff:
tdelaylist (1+0j)
ESFGt (5.516832938558257e-28-8.236697477572224e-28j)
ESFGw (3.1740452280382137e-13+1.2765049434149134e-13j)
intensity 1.1704027980194865e-25
finishing 10
MID-level running in PID 186608 (name=__main__)
/lustre06/project/6067427/ncosta/CPI_Project/two_interfaces/interfaces_jul21.py:382: RuntimeWarning: divide by zero encountered in divide
  waveList = 2 * np.pi * c / freqList * 1e-6
starting: 1
some stuff:
tdelaylist (1+0j)
ESFGt (1.4113224412582663e-28+1.410046113942426e-27j)
ESFGw (1.8192738981959167e-13+7.092021414578653e-12j)
intensity 5.032986532000877e-23
finishing 1
starting: 2
some stuff:
tdelaylist (1+0j)
ESFGt (-5.577918930019077e-29+8.554770540538627e-28j)
ESFGw (3.8882091990544154e-13+3.1115873766474067e-12j)
intensity 9.833157710267603e-24
finishing 2
starting: 3
some stuff:
tdelaylist (1+0j)
ESFGt (-3.6426526264524124e-28-7.811196185248015e-28j)
ESFGw (2.3769493318059887e-12-4.627666305712097e-12j)
intensity 2.7065183562995984e-23
finishing 3
starting: 4
some stuff:
tdelaylist (1+0j)
ESFGt (-3.836476993541419e-28-1.2903015832789632e-27j)
ESFGw (4.728110264418106e-13-6.7750145771316994e-12j)
intensity 4.612437278707199e-23
finishing 4
starting: 5
some stuff:
tdelaylist (1+0j)
ESFGt (-1.830651914281336e-28+3.2747452572495665e-28j)
ESFGw (-3.3241569219466527e-12+9.101192022242799e-13j)
intensity 1.1878336203983203e-23
finishing 5
starting: 6
some stuff:
tdelaylist (1+0j)
ESFGt (-1.1600034793801457e-28+1.9876909216314165e-27j)
ESFGw (6.769584892651892e-13+5.88263812661971e-12j)
intensity 3.506370412494807e-23
finishing 6
starting: 7
some stuff:
tdelaylist (1+0j)
ESFGt (-4.453732218079108e-28+1.2157050183447075e-27j)
ESFGw (-3.283609495419171e-12+5.276230841122498e-12j)
intensity 3.862070320721916e-23
finishing 7
starting: 8
some stuff:
tdelaylist (1+0j)
ESFGt (-7.682357904273597e-28-8.323898183822438e-28j)
ESFGw (2.978568780509505e-12-8.776382398600902e-13j)
intensity 9.6421208602906e-24
finishing 8
starting: 9
some stuff:
tdelaylist (1+0j)
ESFGt (-7.50353395476775e-28-1.1170636887227153e-27j)
ESFGw (1.9733173428626571e-13-8.918144001057726e-12j)
intensity 7.957223223695832e-23
finishing 9
starting: 10
some stuff:
tdelaylist (1+0j)
ESFGt (-5.627181472041699e-28+6.231275805403852e-28j)
ESFGw (1.1067357967575742e-12-1.1346834929981675e-12j)
intensity 2.512370753107145e-24
finishing 10
MID-level running in PID 186608 (name=__main__)
/lustre06/project/6067427/ncosta/CPI_Project/two_interfaces/interfaces_jul21.py:382: RuntimeWarning: divide by zero encountered in divide
  waveList = 2 * np.pi * c / freqList * 1e-6
starting: 1
some stuff:
tdelaylist (1+0j)
ESFGt (1.4095652558789283e-28+1.1046672765366555e-27j)
ESFGw (-1.780509767401739e-12+4.092684524614754e-12j)
intensity 1.9920281649834095e-23
finishing 1
starting: 2
some stuff:
tdelaylist (1+0j)
ESFGt (8.346339706341218e-29+9.695169843597905e-28j)
ESFGw (1.9877086088193607e-12+1.1398139376783689e-11j)
intensity 1.3386856676616144e-22
finishing 2
starting: 3
some stuff:
tdelaylist (1+0j)
ESFGt (-9.125448484732892e-29+2.281190893974105e-29j)
ESFGw (4.31643436271667e-13-4.883024540269787e-12j)
intensity 2.4030244716953386e-23
finishing 3
starting: 4
some stuff:
tdelaylist (1+0j)
ESFGt (-1.6580776036834438e-28-2.8948610036818986e-28j)
ESFGw (5.878466116659986e-12-3.114314361951642e-13j)
intensity 3.4653353424170126e-23
finishing 4
starting: 5
some stuff:
tdelaylist (1+0j)
ESFGt (2.966867394085586e-29+5.299932676967128e-28j)
ESFGw (-5.677291969874432e-12-1.5553051901928683e-11j)
intensity 2.7412906757528808e-22
finishing 5
starting: 6
some stuff:
tdelaylist (1+0j)
ESFGt (1.62383596105755e-28+1.4861622913934247e-27j)
ESFGw (2.039304489165339e-12+4.904396333493821e-12j)
intensity 2.8211866195517546e-23
finishing 6
starting: 7
some stuff:
tdelaylist (1+0j)
ESFGt (1.105807269077292e-28+1.4895518092295574e-27j)
ESFGw (-4.492345731521574e-12-1.6518036938251157e-12j)
intensity 2.2909625614454408e-23
finishing 7
starting: 8
some stuff:
tdelaylist (1+0j)
ESFGt (-9.681162705575654e-29+5.504087201894777e-28j)
ESFGw (-1.9743928714177628e-13+1.7791719486570656e-11j)
intensity 3.16584264560925e-22
finishing 8
starting: 9
some stuff:
tdelaylist (1+0j)
ESFGt (-2.777828167804003e-28-5.0089789730304115e-29j)
ESFGw (1.6178516859532976e-12-1.2610641697552438e-12j)
intensity 4.207726917982409e-24
finishing 9
starting: 10
some stuff:
tdelaylist (1+0j)
ESFGt (-9.594209451230639e-29+4.992951292814859e-28j)
ESFGw (-1.4216002507116965e-12+1.1081782193278489e-12j)
intensity 3.2490062386162e-24
finishing 10
MID-level running in PID 186608 (name=__main__)
/lustre06/project/6067427/ncosta/CPI_Project/two_interfaces/interfaces_jul21.py:382: RuntimeWarning: divide by zero encountered in divide
  waveList = 2 * np.pi * c / freqList * 1e-6
starting: 1
some stuff:
tdelaylist (1+0j)
ESFGt (3.51581740663906e-21-4.452289126904186e-22j)
ESFGw (-1.0281470119721803e-10-3.28929106174769e-10j)
intensity 1.1876521967120569e-19
finishing 1
starting: 2
some stuff:
tdelaylist (1+0j)
ESFGt (3.912804992298177e-21+1.962857079501779e-21j)
ESFGw (3.341732446315859e-11+9.259382149906514e-11j)
intensity 9.690333354076755e-21
finishing 2
starting: 3
some stuff:
tdelaylist (1+0j)
ESFGt (1.675604818376368e-21+1.8672954908419707e-21j)
ESFGw (-2.9032887205460156e-12+1.0358372493080026e-10j)
intensity 1.0738017155934542e-20
finishing 3
starting: 4
some stuff:
tdelaylist (1+0j)
ESFGt (9.486183925681445e-22-1.1583759955147655e-21j)
ESFGw (-4.377470608218914e-11-4.4946421584590723e-11j)
intensity 3.93640570584181e-21
finishing 4
starting: 5
some stuff:
tdelaylist (1+0j)
ESFGt (9.514228767299094e-22-1.553646975607504e-21j)
ESFGw (-2.4406990317693555e-11-9.113485660572351e-11j)
intensity 8.901263264913774e-21
finishing 5
starting: 6
some stuff:
tdelaylist (1+0j)
ESFGt (-7.380494586797226e-22-2.2528584968629338e-22j)
ESFGw (-7.400996482331834e-12-6.694439447230138e-11j)
intensity 4.536326700194583e-21
finishing 6
starting: 7
some stuff:
tdelaylist (1+0j)
ESFGt (2.6461268784868023e-23-9.046992242487892e-23j)
ESFGw (4.3847009356667854e-12-2.4909622975410883e-12j)
intensity 2.543049546300836e-23
finishing 7
starting: 8
some stuff:
tdelaylist (1+0j)
ESFGt (6.903410727162813e-22+4.410501111501423e-22j)
ESFGw (8.90647451623483e-12+4.655812887999211e-11j)
intensity 2.246984653114296e-21
finishing 8
starting: 9
some stuff:
tdelaylist (1+0j)
ESFGt (5.82548895110897e-22+8.3105922360366885e-22j)
ESFGw (5.15267516154605e-12+4.284543032861965e-11j)
intensity 1.8622809613650144e-21
finishing 9
starting: 10
some stuff:
tdelaylist (1+0j)
ESFGt (9.269278443242926e-22+2.5511552748638233e-21j)
ESFGw (-1.99239583165145e-12+7.719797023852948e-13j)
intensity 4.5655938108769624e-24
finishing 10
MID-level running in PID 186608 (name=__main__)
/lustre06/project/6067427/ncosta/CPI_Project/two_interfaces/interfaces_jul21.py:382: RuntimeWarning: divide by zero encountered in divide
  waveList = 2 * np.pi * c / freqList * 1e-6
starting: 1
some stuff:
tdelaylist (1+0j)
ESFGt (-6.181368589468132e-23+2.531927839639878e-24j)
ESFGw (3.9956753183911786e-14-1.4528742792174754e-14j)
intensity 1.807626492121215e-27
finishing 1
starting: 2
some stuff:
tdelaylist (1+0j)
ESFGt (-3.3098685510821056e-23+5.9074662101368695e-24j)
ESFGw (1.2435798918408736e-15-6.509549843602969e-16j)
intensity 1.9702333390544735e-30
finishing 2
starting: 3
some stuff:
tdelaylist (1+0j)
ESFGt (3.7936702353960815e-23-4.859410411867872e-24j)
ESFGw (-1.8556120182089408e-14+6.880346986593011e-15j)
intensity 3.916687708680655e-28
finishing 3
starting: 4
some stuff:
tdelaylist (1+0j)
ESFGt (4.7248731348834797e-23-8.549654123668802e-24j)
ESFGw (-3.764241522652423e-14+1.385436904088877e-14j)
intensity 1.6088949656072008e-27
finishing 4
starting: 5
some stuff:
tdelaylist (1+0j)
ESFGt (-1.926162416232328e-23+2.705303788885533e-24j)
ESFGw (4.7523183305253625e-14-1.732945384413931e-14j)
intensity 2.558762922000891e-27
finishing 5
starting: 6
some stuff:
tdelaylist (1+0j)
ESFGt (-6.980848337451791e-23+2.5519318362804255e-24j)
ESFGw (2.9173712057239953e-15-1.2117043479697998e-15j)
intensity 9.979282178876394e-30
finishing 6
starting: 7
some stuff:
tdelaylist (1+0j)
ESFGt (-2.9430353527697193e-23-1.5952700613820889e-24j)
ESFGw (9.955686448848144e-15-3.885346905319054e-15j)
intensity 1.1421161324245092e-28
finishing 7
starting: 8
some stuff:
tdelaylist (1+0j)
ESFGt (4.1262059357878905e-23-4.047794589092243e-24j)
ESFGw (-6.310208432169784e-14+2.3629535828018078e-14j)
intensity 4.5402280091902526e-27
finishing 8
starting: 9
some stuff:
tdelaylist (1+0j)
ESFGt (3.273598727962878e-23-9.576608703482445e-24j)
ESFGw (4.004912720900755e-14-1.488349374301201e-14j)
intensity 1.825450976201547e-27
finishing 9
starting: 10
some stuff:
tdelaylist (1+0j)
ESFGt (-4.063945129475395e-23-1.9264942406132246e-24j)
ESFGw (1.3491811834409617e-15-4.833373284940379e-16j)
intensity 2.0539048388669078e-30
finishing 10
MID-level running in PID 186608 (name=__main__)
/lustre06/project/6067427/ncosta/CPI_Project/two_interfaces/interfaces_jul21.py:382: RuntimeWarning: divide by zero encountered in divide
  waveList = 2 * np.pi * c / freqList * 1e-6
starting: 1
some stuff:
tdelaylist (1+0j)
ESFGt (9.095888094804321e-27+3.2665870420022716e-25j)
ESFGw (2.0242869880338077e-12+2.4239343171528205e-12j)
intensity 9.973195383794095e-24
finishing 1
starting: 2
some stuff:
tdelaylist (1+0j)
ESFGt (-3.5792326446153457e-26+7.66601483676081e-27j)
ESFGw (-1.1447266745623352e-12-1.4157702787898074e-12j)
intensity 3.3148046417591116e-24
finishing 2
starting: 3
some stuff:
tdelaylist (1+0j)
ESFGt (-4.67757422021358e-25-4.293289646779006e-25j)
ESFGw (-9.802449650597733e-13+1.7489568820971968e-13j)
intensity 9.914686932793877e-25
finishing 3
starting: 4
some stuff:
tdelaylist (1+0j)
ESFGt (-9.163604450804907e-25-3.7584678165215956e-25j)
ESFGw (-2.1866883304078044e-13-1.895237439208941e-12j)
intensity 3.63974100952268e-24
finishing 4
starting: 5
some stuff:
tdelaylist (1+0j)
ESFGt (-8.782272950430194e-25-1.4768844923745483e-25j)
ESFGw (2.139665181144501e-12+3.553816962931222e-12j)
intensity 1.7207782093419824e-23
finishing 5
starting: 6
some stuff:
tdelaylist (1+0j)
ESFGt (-4.47034063757289e-25-8.803925698767847e-26j)
ESFGw (2.78090918348628e-13-1.947227101783966e-12j)
intensity 3.869027944789968e-24
finishing 6
starting: 7
some stuff:
tdelaylist (1+0j)
ESFGt (9.723450472260148e-26-2.4770233353055208e-25j)
ESFGw (-1.824043520393115e-12+1.3465704246096166e-13j)
intensity 3.345267283372442e-24
finishing 7
starting: 8
some stuff:
tdelaylist (1+0j)
ESFGt (4.454902519391642e-25-5.653731591328071e-25j)
ESFGw (-4.889196686397312e-13-1.802197280298401e-12j)
intensity 3.486957479497738e-24
finishing 8
starting: 9
some stuff:
tdelaylist (1+0j)
ESFGt (4.0604543555248655e-25-6.846788079191193e-25j)
ESFGw (-4.4951715960639405e-13+3.242617979681839e-12j)
intensity 1.0716637038936534e-23
finishing 9
starting: 10
some stuff:
tdelaylist (1+0j)
ESFGt (3.38972287511823e-25-4.398197689341594e-25j)
ESFGw (2.949185166911672e-12-4.914992024485088e-13j)
intensity 8.939264614739345e-24
finishing 10
MID-level running in PID 186608 (name=__main__)
/lustre06/project/6067427/ncosta/CPI_Project/two_interfaces/interfaces_jul21.py:382: RuntimeWarning: divide by zero encountered in divide
  waveList = 2 * np.pi * c / freqList * 1e-6
starting: 1
some stuff:
tdelaylist (1+0j)
ESFGt (-1.8565791209658066e-25-7.355458214978074e-26j)
ESFGw (3.659421290297393e-12+5.039710836152178e-12j)
intensity 3.8790049491911525e-23
finishing 1
starting: 2
some stuff:
tdelaylist (1+0j)
ESFGt (-1.1912054735105876e-25+2.371656878692356e-25j)
ESFGw (1.0231789374093303e-12-8.46009026722605e-13j)
intensity 1.7626264112542153e-24
finishing 2
starting: 3
some stuff:
tdelaylist (1+0j)
ESFGt (4.231679774094915e-25+4.105909168560061e-25j)
ESFGw (-3.813972141580857e-12-4.672785595960516e-13j)
intensity 1.476473274901303e-23
finishing 3
starting: 4
some stuff:
tdelaylist (1+0j)
ESFGt (9.723380362649544e-25+3.4388617136658206e-27j)
ESFGw (-8.926978080359138e-13-5.711801691343776e-12j)
intensity 3.3421587937709744e-23
finishing 4
starting: 5
some stuff:
tdelaylist (1+0j)
ESFGt (8.61003007403743e-25-1.3910166447673027e-25j)
ESFGw (-3.4641213508823654e-13+6.056362009121408e-12j)
intensity 3.679952215286548e-23
finishing 5
starting: 6
some stuff:
tdelaylist (1+0j)
ESFGt (2.8589845183037525e-25+2.891053898003981e-25j)
ESFGw (4.905760693507677e-12-8.412775684418783e-13j)
intensity 2.4774235929128397e-23
finishing 6
starting: 7
some stuff:
tdelaylist (1+0j)
ESFGt (-1.356993552830923e-25+6.575397424208528e-25j)
ESFGw (-7.721024340712201e-13+3.3600583253245997e-12j)
intensity 1.1886134118281853e-23
finishing 7
starting: 8
some stuff:
tdelaylist (1+0j)
ESFGt (-5.182498621780588e-25+6.082012177412335e-25j)
ESFGw (-1.7787312421579937e-13-7.408855647039747e-12j)
intensity 5.492278084699104e-23
finishing 8
starting: 9
some stuff:
tdelaylist (1+0j)
ESFGt (-5.751789967194231e-25+5.167657899801e-25j)
ESFGw (-2.9148254990229994e-12+1.706910654486471e-12j)
intensity 1.1409751672154108e-23
finishing 9
starting: 10
some stuff:
tdelaylist (1+0j)
ESFGt (-2.8155112894971682e-25+5.131161034989032e-25j)
ESFGw (-1.6041139770661683e-12-1.4206084225643067e-14j)
intensity 2.5733834642480653e-24
finishing 10
MID-level running in PID 186608 (name=__main__)
/lustre06/project/6067427/ncosta/CPI_Project/two_interfaces/interfaces_jul21.py:382: RuntimeWarning: divide by zero encountered in divide
  waveList = 2 * np.pi * c / freqList * 1e-6
starting: 1
some stuff:
tdelaylist (1+0j)
ESFGt (-7.681023464426981e-25+9.75464239113206e-25j)
ESFGw (4.432731959269631e-12-3.101685575046531e-13j)
intensity 1.9745317156794904e-23
finishing 1
starting: 2
some stuff:
tdelaylist (1+0j)
ESFGt (-5.945800480334628e-25+8.542741562535805e-25j)
ESFGw (6.302958155401939e-12+5.2265206051949065e-12j)
intensity 6.704379914527475e-23
finishing 2
starting: 3
some stuff:
tdelaylist (1+0j)
ESFGt (-1.7332419855320707e-26-1.5816625493117857e-25j)
ESFGw (-6.353436873829388e-12-3.624670008584019e-13j)
intensity 4.049754243644623e-23
finishing 3
starting: 4
some stuff:
tdelaylist (1+0j)
ESFGt (1.0347296789352512e-25-7.207869699787751e-25j)
ESFGw (-7.121213341232391e-14+5.862602070472178e-13j)
intensity 3.487721983121813e-25
finishing 4
starting: 5
some stuff:
tdelaylist (1+0j)
ESFGt (3.5304603505264603e-25-1.5343397835551592e-25j)
ESFGw (-6.856321066450732e-12-8.903967840812044e-12j)
intensity 1.262897818764712e-22
finishing 5
starting: 6
some stuff:
tdelaylist (1+0j)
ESFGt (5.425310134809581e-25+6.575236507690004e-25j)
ESFGw (4.705381917435858e-12+3.877308196731377e-12j)
intensity 3.7174137841372675e-23
finishing 6
starting: 7
some stuff:
tdelaylist (1+0j)
ESFGt (7.59239357694331e-26+6.921481055716716e-25j)
ESFGw (1.898993115534431e-12-1.8599635720484287e-12j)
intensity 7.065639342194314e-24
finishing 7
starting: 8
some stuff:
tdelaylist (1+0j)
ESFGt (-5.211848771839585e-25+1.8983638985550714e-25j)
ESFGw (3.2284522277770122e-12+1.1493500595705086e-11j)
intensity 1.4252345973051155e-22
finishing 8
starting: 9
some stuff:
tdelaylist (1+0j)
ESFGt (-3.873862230294928e-25-2.3661098453378853e-25j)
ESFGw (1.5279409681934197e-12-7.403869184408052e-12j)
intensity 5.715188250211101e-23
finishing 9
starting: 10
some stuff:
tdelaylist (1+0j)
ESFGt (2.0211202671461165e-25-4.7860326453694e-25j)
ESFGw (-3.764690382351832e-12+2.0309630713311044e-12j)
intensity 1.8297704672083052e-23
finishing 10
MID-level running in PID 186608 (name=__main__)
/lustre06/project/6067427/ncosta/CPI_Project/two_interfaces/interfaces_jul21.py:382: RuntimeWarning: divide by zero encountered in divide
  waveList = 2 * np.pi * c / freqList * 1e-6
starting: 1
some stuff:
tdelaylist (1+0j)
ESFGt (3.537357532274568e-27-4.939306140345818e-27j)
ESFGw (1.3079815008865125e-14-6.391588647236546e-15j)
intensity 2.1193396610161645e-28
finishing 1
starting: 2
some stuff:
tdelaylist (1+0j)
ESFGt (5.909757071330218e-27-1.1110385565028129e-26j)
ESFGw (8.2947971408176e-15-3.318309169109135e-15j)
intensity 7.981483534910958e-29
finishing 2
starting: 3
some stuff:
tdelaylist (1+0j)
ESFGt (9.616831913363062e-28-4.3248092108573056e-27j)
ESFGw (-2.050356412430787e-14+4.913062144618063e-15j)
intensity 4.445343214364838e-28
finishing 3
starting: 4
some stuff:
tdelaylist (1+0j)
ESFGt (-8.369274889091411e-27+8.295560780743775e-27j)
ESFGw (-4.839336396889049e-16+3.614946883501169e-15j)
intensity 1.3302032738157364e-29
finishing 4
starting: 5
some stuff:
tdelaylist (1+0j)
ESFGt (-7.95789619617041e-27+1.1679797139378141e-26j)
ESFGw (2.605337820482667e-15-9.95297594341693e-16j)
intensity 7.778402460139736e-30
finishing 5
starting: 6
some stuff:
tdelaylist (1+0j)
ESFGt (5.473488011892025e-28+5.339381752796317e-27j)
ESFGw (2.2551405187698492e-14-8.342285195972465e-15j)
intensity 5.781595982306957e-28
finishing 6
starting: 7
some stuff:
tdelaylist (1+0j)
ESFGt (4.3082607443265425e-27-1.7295359601890267e-27j)
ESFGw (-2.0313882954231532e-14+4.4748276264994225e-15j)
intensity 4.326779229651009e-28
finishing 7
starting: 8
some stuff:
tdelaylist (1+0j)
ESFGt (2.6925644399225608e-27-7.360848526758837e-27j)
ESFGw (-1.4118480690106239e-15+2.274222477005594e-15j)
intensity 7.165402844886486e-30
finishing 8
starting: 9
some stuff:
tdelaylist (1+0j)
ESFGt (2.0645568569329572e-27-8.195479569001432e-27j)
ESFGw (-9.656988750328388e-15+4.930951480464074e-15j)
intensity 1.1757171422665989e-28
finishing 9
starting: 10
some stuff:
tdelaylist (1+0j)
ESFGt (-1.7781588971155357e-27-1.812343538985923e-28j)
ESFGw (2.991270425800607e-14-1.0699394929064576e-14j)
intensity 1.0092469278750274e-27
finishing 10
MID-level running in PID 186608 (name=__main__)
/lustre06/project/6067427/ncosta/CPI_Project/two_interfaces/interfaces_jul21.py:382: RuntimeWarning: divide by zero encountered in divide
  waveList = 2 * np.pi * c / freqList * 1e-6
starting: 1
some stuff:
tdelaylist (1+0j)
ESFGt (2.763700207300199e-29-1.3260102710665475e-29j)
ESFGw (-7.547391531192993e-14-1.1052174800352255e-12j)
intensity 1.227201990067926e-24
finishing 1
starting: 2
some stuff:
tdelaylist (1+0j)
ESFGt (1.1330324479892292e-29-2.7780060017615706e-29j)
ESFGw (6.831557888831163e-14+2.664431175691817e-13j)
intensity 7.56589532188299e-26
finishing 2
starting: 3
some stuff:
tdelaylist (1+0j)
ESFGt (-3.288553535481896e-29-8.904120972874194e-29j)
ESFGw (4.803377747636395e-13-5.6366153064479896e-14j)
intensity 2.3390152107617323e-25
finishing 3
starting: 4
some stuff:
tdelaylist (1+0j)
ESFGt (-7.788891612523084e-29-1.7867746109255939e-28j)
ESFGw (-3.4935032297567226e-13+1.3008101540368244e-12j)
intensity 1.8141527050085134e-24
finishing 4
starting: 5
some stuff:
tdelaylist (1+0j)
ESFGt (-5.15827876443513e-29-1.8497384057112873e-28j)
ESFGw (-4.380246165780477e-13-1.3512403002069462e-12j)
intensity 2.0177159136317038e-24
finishing 5
starting: 6
some stuff:
tdelaylist (1+0j)
ESFGt (-5.111545966189093e-31-1.4441896545117774e-28j)
ESFGw (-9.056384114858318e-14+3.210279264642679e-13j)
intensity 1.1126073889353324e-25
finishing 6
starting: 7
some stuff:
tdelaylist (1+0j)
ESFGt (6.999505035632339e-29-1.776784635509707e-28j)
ESFGw (1.268089366152081e-13-6.107735844862461e-13j)
intensity 3.8912487791165735e-25
finishing 7
starting: 8
some stuff:
tdelaylist (1+0j)
ESFGt (-1.1649280672016161e-30-2.5221827148022855e-28j)
ESFGw (1.031881177726568e-12+1.4456257371731063e-12j)
intensity 3.1546125369236562e-24
finishing 8
starting: 9
some stuff:
tdelaylist (1+0j)
ESFGt (4.5225439388035034e-29-2.7516193965394253e-28j)
ESFGw (-5.052824478268825e-13-7.491802317405316e-13j)
intensity 8.165813717127227e-25
finishing 9
starting: 10
some stuff:
tdelaylist (1+0j)
ESFGt (1.3476613357005013e-28-2.250406982087087e-28j)
ESFGw (1.0274604517884756e-13+3.7874434491436126e-14j)
intensity 1.1991222587939868e-26
finishing 10
MID-level running in PID 186608 (name=__main__)
/lustre06/project/6067427/ncosta/CPI_Project/two_interfaces/interfaces_jul21.py:382: RuntimeWarning: divide by zero encountered in divide
  waveList = 2 * np.pi * c / freqList * 1e-6
starting: 1
some stuff:
tdelaylist (1+0j)
ESFGt (5.47563625132804e-29+3.808491106155686e-28j)
ESFGw (1.8894261155644188e-13+1.814463509997033e-12j)
intensity 3.32797713957252e-24
finishing 1
starting: 2
some stuff:
tdelaylist (1+0j)
ESFGt (-3.852844106684528e-29+2.519182326597518e-28j)
ESFGw (1.0528904137441231e-13+9.140535550677953e-13j)
intensity 8.465796837656181e-25
finishing 2
starting: 3
some stuff:
tdelaylist (1+0j)
ESFGt (-1.0952010807147944e-28-1.7251404159193246e-28j)
ESFGw (9.740073331210297e-13-1.3278943916672503e-12j)
intensity 2.711993800394877e-24
finishing 3
starting: 4
some stuff:
tdelaylist (1+0j)
ESFGt (-6.621272810540571e-29-3.1656536027630296e-28j)
ESFGw (-1.2589668890727879e-13-1.7368459101496647e-12j)
intensity 3.0324836918814333e-24
finishing 4
starting: 5
some stuff:
tdelaylist (1+0j)
ESFGt (-2.3173606294539913e-30+9.875982227374157e-29j)
ESFGw (-9.19242112984442e-13+1.128958038165706e-13j)
intensity 8.577515248034909e-25
finishing 5
starting: 6
some stuff:
tdelaylist (1+0j)
ESFGt (-2.988573075948661e-30+5.318082580577723e-28j)
ESFGw (-1.1746940226098346e-13+1.6318422307870506e-12j)
intensity 2.6767081266476104e-24
finishing 6
starting: 7
some stuff:
tdelaylist (1+0j)
ESFGt (-1.4128520885471043e-28+3.168407179471921e-28j)
ESFGw (-5.356493243749427e-13+1.3957398604935722e-12j)
intensity 2.235009956873949e-24
finishing 7
starting: 8
some stuff:
tdelaylist (1+0j)
ESFGt (-2.3084134341363234e-28-2.02968083433036e-28j)
ESFGw (7.859546347077639e-13-1.8230209009040266e-13j)
intensity 6.50958739869944e-25
finishing 8
starting: 9
some stuff:
tdelaylist (1+0j)
ESFGt (-1.561251746328175e-28-2.7968732562070285e-28j)
ESFGw (3.329662934259403e-13-2.293228107408396e-12j)
intensity 5.369761705165703e-24
finishing 9
starting: 10
some stuff:
tdelaylist (1+0j)
ESFGt (-7.866745656620982e-29+1.660889150131345e-28j)
ESFGw (-1.6928949561623163e-14-3.2932098888160954e-13j)
intensity 1.0873890305122116e-25
finishing 10
MID-level running in PID 186608 (name=__main__)
/lustre06/project/6067427/ncosta/CPI_Project/two_interfaces/interfaces_jul21.py:382: RuntimeWarning: divide by zero encountered in divide
  waveList = 2 * np.pi * c / freqList * 1e-6
starting: 1
some stuff:
tdelaylist (1+0j)
ESFGt (7.589181996609341e-29+2.8298823053142064e-28j)
ESFGw (-4.3081814157797105e-13+9.553824745212047e-13j)
intensity 1.0983599437349571e-24
finishing 1
starting: 2
some stuff:
tdelaylist (1+0j)
ESFGt (2.0252537627379313e-29+2.4731755653843006e-28j)
ESFGw (4.590689807459913e-13+3.206473281336386e-12j)
intensity 1.0492215233007293e-23
finishing 2
starting: 3
some stuff:
tdelaylist (1+0j)
ESFGt (-3.25862306070544e-29+7.094123453540196e-30j)
ESFGw (5.090710838984158e-13-1.446283847891805e-12j)
intensity 2.350890337134234e-24
finishing 3
starting: 4
some stuff:
tdelaylist (1+0j)
ESFGt (-2.500378272605832e-29-7.621150308392382e-29j)
ESFGw (1.6408458793082392e-12-1.5686237031520278e-14j)
intensity 2.692621257675038e-24
finishing 4
starting: 5
some stuff:
tdelaylist (1+0j)
ESFGt (5.373770515781262e-29+1.244956760802208e-28j)
ESFGw (-1.5103170450392334e-12-4.233219677574063e-12j)
intensity 2.0201206415136293e-23
finishing 5
starting: 6
some stuff:
tdelaylist (1+0j)
ESFGt (5.863888230398985e-29+3.815672082655029e-28j)
ESFGw (2.372004502537717e-13+1.2848645758456456e-12j)
intensity 1.7071410318636025e-24
finishing 6
starting: 7
some stuff:
tdelaylist (1+0j)
ESFGt (1.9672721371293845e-29+4.058722511945172e-28j)
ESFGw (-1.4880752879919967e-12-3.7099706987064884e-13j)
intensity 2.352006888585071e-24
finishing 7
starting: 8
some stuff:
tdelaylist (1+0j)
ESFGt (-4.4432412789443465e-29+1.4951711567182396e-28j)
ESFGw (7.538240864857215e-14+4.639341862067159e-12j)
intensity 2.1529175420662437e-23
finishing 8
starting: 9
some stuff:
tdelaylist (1+0j)
ESFGt (-8.076042383467094e-29-1.3120228098793334e-29j)
ESFGw (4.4265632825890577e-13-2.574850055392375e-13j)
intensity 2.6224315302519734e-25
finishing 9
starting: 10
some stuff:
tdelaylist (1+0j)
ESFGt (-1.7500009459448651e-29+1.2360991155845812e-28j)
ESFGw (2.1924172546872178e-13+3.0805501378960987e-13j)
intensity 1.4296482570741912e-25
finishing 10
MID-level running in PID 186608 (name=__main__)
/lustre06/project/6067427/ncosta/CPI_Project/two_interfaces/interfaces_jul21.py:382: RuntimeWarning: divide by zero encountered in divide
  waveList = 2 * np.pi * c / freqList * 1e-6
starting: 1
some stuff:
tdelaylist (1+0j)
ESFGt (1.2258287761908397e-21-3.028116850477747e-22j)
ESFGw (-3.5654867946988134e-11-8.671058315812274e-11j)
intensity 8.789994839938883e-21
finishing 1
starting: 2
some stuff:
tdelaylist (1+0j)
ESFGt (1.0909069403105692e-21+2.786109555112778e-22j)
ESFGw (8.374342885808517e-12+2.69475136649433e-11j)
intensity 7.962981114913978e-22
finishing 2
starting: 3
some stuff:
tdelaylist (1+0j)
ESFGt (9.429098117210698e-23+3.693758038042351e-22j)
ESFGw (-6.7127067793215645e-12+3.188690977928843e-11j)
intensity 1.06183544757763e-21
finishing 3
starting: 4
some stuff:
tdelaylist (1+0j)
ESFGt (-2.7856860242506395e-23-3.3295492472304616e-22j)
ESFGw (-1.6434707761359135e-11-1.0672424749502696e-11j)
intensity 3.840002692350759e-22
finishing 4
starting: 5
some stuff:
tdelaylist (1+0j)
ESFGt (6.510515728036547e-22-8.336452715862072e-22j)
ESFGw (-8.017489450118376e-12-2.4732597914134402e-11j)
intensity 6.759815366650048e-22
finishing 5
starting: 6
some stuff:
tdelaylist (1+0j)
ESFGt (-3.38748792516831e-22-9.616014794984452e-23j)
ESFGw (-8.017683739147685e-13-1.8539616022938965e-11j)
intensity 3.44360194803425e-22
finishing 6
starting: 7
some stuff:
tdelaylist (1+0j)
ESFGt (2.1216091118430003e-23+6.2290013243454675e-22j)
ESFGw (3.2598420490748126e-12-1.0110245973748988e-12j)
intensity 1.1648740921413352e-23
finishing 7
starting: 8
some stuff:
tdelaylist (1+0j)
ESFGt (3.161638187088152e-22+1.6210642064215814e-22j)
ESFGw (3.3739712412828027e-12+1.2559195003425394e-11j)
intensity 1.691170610710688e-22
finishing 8
starting: 9
some stuff:
tdelaylist (1+0j)
ESFGt (-2.52222103873248e-22+3.8528867873607505e-22j)
ESFGw (6.51692241837587e-13+1.179734348405459e-11j)
intensity 1.396020160588366e-22
finishing 9
starting: 10
some stuff:
tdelaylist (1+0j)
ESFGt (-3.7826493446565043e-22+9.193617294515098e-22j)
ESFGw (-1.9547957003096528e-12+4.2476742609376394e-13j)
intensity 4.0016535962194285e-24
finishing 10
MID-level running in PID 186608 (name=__main__)
/lustre06/project/6067427/ncosta/CPI_Project/two_interfaces/interfaces_jul21.py:382: RuntimeWarning: divide by zero encountered in divide
  waveList = 2 * np.pi * c / freqList * 1e-6
starting: 1
some stuff:
tdelaylist (1+0j)
ESFGt (-1.6261499696131034e-23+1.9973290038209647e-24j)
ESFGw (1.1289905642308806e-14-2.7574513852823834e-15j)
intensity 1.3506550755443193e-28
finishing 1
starting: 2
some stuff:
tdelaylist (1+0j)
ESFGt (-8.897878500799238e-24+8.089046662801462e-25j)
ESFGw (-2.955535122195485e-16-2.3469724427793714e-15j)
intensity 5.595631525751081e-30
finishing 2
starting: 3
some stuff:
tdelaylist (1+0j)
ESFGt (9.51434370910259e-24-1.7048410430100286e-24j)
ESFGw (-5.1236684166233726e-15+2.401616232272641e-15j)
intensity 3.201973857061929e-29
finishing 3
starting: 4
some stuff:
tdelaylist (1+0j)
ESFGt (1.2300893127030968e-23-5.452392348976386e-25j)
ESFGw (-9.979376266316953e-15+3.764241522652423e-15j)
intensity 1.1375746490559071e-28
finishing 4
starting: 5
some stuff:
tdelaylist (1+0j)
ESFGt (-4.9840499911955845e-24+3.32564011956401e-24j)
ESFGw (1.3250360010597095e-14-2.984483320200848e-15j)
intensity 1.8447918109898771e-28
finishing 5
starting: 6
some stuff:
tdelaylist (1+0j)
ESFGt (-1.8461652195869322e-23+1.646805982669872e-24j)
ESFGw (6.591407107625624e-16-1.95514177764311e-15j)
intensity 4.257045847270036e-30
finishing 6
starting: 7
some stuff:
tdelaylist (1+0j)
ESFGt (-7.918754489204858e-24-1.3593065833750735e-24j)
ESFGw (2.133791190614409e-15-1.2744254436480862e-15j)
intensity 6.177225056561279e-30
finishing 7
starting: 8
some stuff:
tdelaylist (1+0j)
ESFGt (1.0545730052167424e-23-1.2314244893820764e-24j)
ESFGw (-1.6805458934177064e-14+6.1794102820811325e-15j)
intensity 3.2060856142260182e-28
finishing 8
starting: 9
some stuff:
tdelaylist (1+0j)
ESFGt (8.423302853493788e-24-4.3463037476984385e-25j)
ESFGw (1.1013596718650875e-14-2.318891606511997e-15j)
intensity 1.2667657096382912e-28
finishing 9
starting: 10
some stuff:
tdelaylist (1+0j)
ESFGt (-1.0531195138607107e-23+1.896773628574521e-24j)
ESFGw (7.86886831735667e-16-7.062492951570576e-16j)
intensity 1.1179789528688362e-30
finishing 10
MID-level running in PID 186608 (name=__main__)
/lustre06/project/6067427/ncosta/CPI_Project/two_interfaces/interfaces_jul21.py:382: RuntimeWarning: divide by zero encountered in divide
  waveList = 2 * np.pi * c / freqList * 1e-6
starting: 1
some stuff:
tdelaylist (1+0j)
ESFGt (-5.037140972127551e-27+9.143669449825805e-26j)
ESFGw (5.944858320894308e-13+5.699811282677825e-13j)
intensity 6.782918911364772e-25
finishing 1
starting: 2
some stuff:
tdelaylist (1+0j)
ESFGt (-2.3461446484662833e-26+1.1937889289132128e-26j)
ESFGw (-2.8931848236601887e-13-3.880454985116799e-13j)
intensity 2.3428449315375455e-25
finishing 2
starting: 3
some stuff:
tdelaylist (1+0j)
ESFGt (-1.2925494825279352e-25-9.184244997061868e-26j)
ESFGw (-2.6703227302971033e-13+4.645155787796895e-14j)
intensity 7.346398206870405e-26
finishing 3
starting: 4
some stuff:
tdelaylist (1+0j)
ESFGt (-2.315765580205124e-25-8.907940571544442e-26j)
ESFGw (-8.371515286542675e-14-4.133043733645092e-13j)
intensity 1.7782873186151144e-25
finishing 4
starting: 5
some stuff:
tdelaylist (1+0j)
ESFGt (-2.248453547830488e-25-4.77480190410837e-26j)
ESFGw (5.470129557649805e-13+8.864575740119562e-13j)
intensity 1.0850302042979033e-24
finishing 5
starting: 6
some stuff:
tdelaylist (1+0j)
ESFGt (-1.193229552884057e-25-4.133008013463013e-26j)
ESFGw (1.701369080342463e-13-5.36283257385195e-13j)
intensity 3.1654629962712885e-25
finishing 6
starting: 7
some stuff:
tdelaylist (1+0j)
ESFGt (1.9384199809679073e-26-8.279522530129784e-26j)
ESFGw (-5.512272496094317e-13-1.0041013159822754e-14j)
intensity 3.039523026572544e-25
finishing 7
starting: 8
some stuff:
tdelaylist (1+0j)
ESFGt (1.1932093576537775e-25-1.5958757204455216e-25j)
ESFGw (-1.259699809741388e-13-4.0311330662401446e-13j)
intensity 1.783687740839716e-25
finishing 8
starting: 9
some stuff:
tdelaylist (1+0j)
ESFGt (1.1331992686451851e-25-1.8009775832035195e-25j)
ESFGw (-1.9004676304890111e-13+8.748171458072829e-13j)
intensity 8.01422810743766e-25
finishing 9
starting: 10
some stuff:
tdelaylist (1+0j)
ESFGt (8.804551129902953e-26-1.2330503921106992e-25j)
ESFGw (9.099424772701648e-13-1.33266986855618e-13j)
intensity 8.457554017261401e-25
finishing 10
MID-level running in PID 186608 (name=__main__)
/lustre06/project/6067427/ncosta/CPI_Project/two_interfaces/interfaces_jul21.py:382: RuntimeWarning: divide by zero encountered in divide
  waveList = 2 * np.pi * c / freqList * 1e-6
starting: 1
some stuff:
tdelaylist (1+0j)
ESFGt (-2.56872964441642e-26-2.5537589992969107e-26j)
ESFGw (1.1036625172794468e-12+1.2002243816866542e-12j)
intensity 2.6586095184427166e-24
finishing 1
starting: 2
some stuff:
tdelaylist (1+0j)
ESFGt (-8.503969370614895e-27+4.7161163583702925e-26j)
ESFGw (2.625543012169107e-13-2.5117429837406835e-13j)
intensity 1.320232892512058e-25
finishing 2
starting: 3
some stuff:
tdelaylist (1+0j)
ESFGt (1.1997362790181044e-25+8.164622682789519e-26j)
ESFGw (-8.727225756302581e-13-2.2345027304165876e-13j)
intensity 8.115747185371032e-25
finishing 3
starting: 4
some stuff:
tdelaylist (1+0j)
ESFGt (2.501873342380982e-25-9.661662160695696e-27j)
ESFGw (-4.3054839207745665e-13-1.340555704637536e-12j)
intensity 1.982461515156725e-24
finishing 4
starting: 5
some stuff:
tdelaylist (1+0j)
ESFGt (2.3255662099599267e-25-2.5562573275967063e-26j)
ESFGw (-6.201679794703985e-14+1.621418277419906e-12j)
intensity 2.632843313578938e-24
finishing 5
starting: 6
some stuff:
tdelaylist (1+0j)
ESFGt (8.854338346821355e-26+8.823873055689744e-26j)
ESFGw (1.2556660355586557e-12-2.2996253339069295e-13j)
intensity 1.629579959619057e-24
finishing 6
starting: 7
some stuff:
tdelaylist (1+0j)
ESFGt (-3.433342666520964e-26+1.828883679689563e-25j)
ESFGw (1.873024305099058e-14+8.11063347559704e-13j)
intensity 6.581745757595023e-25
finishing 7
starting: 8
some stuff:
tdelaylist (1+0j)
ESFGt (-1.5218038099312861e-25+1.7197023844716653e-25j)
ESFGw (-1.6315215237844294e-13-2.0386874697089774e-12j)
intensity 4.182865223974113e-24
finishing 8
starting: 9
some stuff:
tdelaylist (1+0j)
ESFGt (-1.644215752508399e-25+1.37547507974234e-25j)
ESFGw (-7.651884768172801e-13+5.328619490096997e-13j)
intensity 8.694552617563654e-25
finishing 9
starting: 10
some stuff:
tdelaylist (1+0j)
ESFGt (-7.680991971174548e-26+1.4092771821688299e-25j)
ESFGw (-6.399218177924326e-13-3.789720273705832e-15j)
intensity 4.0951429486652428e-25
finishing 10
MID-level running in PID 186608 (name=__main__)
/lustre06/project/6067427/ncosta/CPI_Project/two_interfaces/interfaces_jul21.py:382: RuntimeWarning: divide by zero encountered in divide
  waveList = 2 * np.pi * c / freqList * 1e-6
starting: 1
some stuff:
tdelaylist (1+0j)
ESFGt (-1.9650712557196993e-25+2.616843783600655e-25j)
ESFGw (1.2164401430592164e-12-2.4177361501731554e-13j)
intensity 1.5381811025644684e-24
finishing 1
starting: 2
some stuff:
tdelaylist (1+0j)
ESFGt (-1.8004157536467167e-25+2.0980801341589276e-25j)
ESFGw (1.5879988296552128e-12+1.3749383576122653e-12j)
intensity 4.412195770219839e-24
finishing 2
starting: 3
some stuff:
tdelaylist (1+0j)
ESFGt (-3.089504870267524e-26-5.635016326415506e-26j)
ESFGw (-1.5089761037923033e-12-3.7749794609687193e-13j)
intensity 2.419513581123556e-24
finishing 3
starting: 4
some stuff:
tdelaylist (1+0j)
ESFGt (2.0526271093465412e-26-1.986123906105223e-25j)
ESFGw (-3.968049847036248e-14+2.7485305698071727e-13j)
intensity 7.711874489050185e-26
finishing 4
starting: 5
some stuff:
tdelaylist (1+0j)
ESFGt (1.0861328194989937e-25-5.722405444269456e-26j)
ESFGw (-1.7361771742496757e-12-2.239968627248956e-12j)
intensity 8.03177063144516e-24
finishing 5
starting: 6
some stuff:
tdelaylist (1+0j)
ESFGt (1.473127272923424e-25+1.729501127243693e-25j)
ESFGw (1.0161056024360349e-12+1.1287550755190168e-12j)
intensity 2.3065586158118382e-24
finishing 6
starting: 7
some stuff:
tdelaylist (1+0j)
ESFGt (6.916797323520594e-27+1.824917564014214e-25j)
ESFGw (4.937437177859882e-13-4.4298592571934137e-13j)
intensity 4.400193892385514e-25
finishing 7
starting: 8
some stuff:
tdelaylist (1+0j)
ESFGt (-1.6655984632344901e-25+5.245625891042798e-26j)
ESFGw (9.24697818316389e-13+2.889136846428997e-12j)
intensity 9.202177772592777e-24
finishing 8
starting: 9
some stuff:
tdelaylist (1+0j)
ESFGt (-1.1866975675284429e-25-7.53989311260166e-26j)
ESFGw (5.067534933345108e-13-2.0537720829549855e-12j)
intensity 4.47477887173199e-24
finishing 9
starting: 10
some stuff:
tdelaylist (1+0j)
ESFGt (6.158341581627672e-26-1.3884113269730192e-25j)
ESFGw (-8.181985904770483e-13+5.071632133354931e-13j)
intensity 9.266634584194117e-25
finishing 10
Top-level running in PID 220984 (name=__main__)
MID-level running in PID 220984 (name=__main__)
/lustre06/project/6067427/ncosta/CPI_Project/two_interfaces/interfaces_jul21.py:382: RuntimeWarning: divide by zero encountered in divide
  waveList = 2 * np.pi * c / freqList * 1e-6
starting: 1
some stuff:
tdelaylist (1+0j)
ESFGt (2.2152481781435972e-27-1.1932163258895443e-26j)
ESFGw (4.9236656418649716e-14-1.824408679684808e-14j)
intensity 2.7570950383390867e-27
finishing 1
starting: 2
some stuff:
tdelaylist (1+0j)
ESFGt (1.7918554342466615e-26-2.5481397452811883e-26j)
ESFGw (3.1481761642027095e-14-1.1666882737682016e-14j)
intensity 1.127217468900231e-27
finishing 2
starting: 3
some stuff:
tdelaylist (1+0j)
ESFGt (1.0399849685559017e-26-9.582197897117553e-27j)
ESFGw (-7.306351704206016e-14+2.708120186434293e-14j)
intensity 6.071669016972707e-27
finishing 3
starting: 4
some stuff:
tdelaylist (1+0j)
ESFGt (-1.9242295268462516e-26+2.3897468876468026e-26j)
ESFGw (-4.1988981736018616e-15+1.5794657248768829e-15j)
intensity 2.012545784833791e-29
finishing 4
starting: 5
some stuff:
tdelaylist (1+0j)
ESFGt (-2.076243094978092e-26+2.910518539459055e-26j)
ESFGw (7.539108226595204e-15-2.7903027111086942e-15j)
intensity 6.462394207193602e-29
finishing 5
starting: 6
some stuff:
tdelaylist (1+0j)
ESFGt (3.6174323406125824e-28+7.625727470488948e-27j)
ESFGw (8.479892135704326e-14-3.1416709511677965e-14j)
intensity 8.177866699859163e-27
finishing 6
starting: 7
some stuff:
tdelaylist (1+0j)
ESFGt (6.646410099708385e-27-7.802254742517582e-27j)
ESFGw (-7.328751321089566e-14+2.7156228654678927e-14j)
intensity 6.1085203473824115e-27
finishing 7
starting: 8
some stuff:
tdelaylist (1+0j)
ESFGt (3.424605362236576e-27-1.523379379174357e-26j)
ESFGw (-4.367166350771612e-15+1.609823385706477e-15j)
intensity 2.1663673268479305e-29
finishing 8
starting: 9
some stuff:
tdelaylist (1+0j)
ESFGt (9.890481961194177e-27-1.5401028606156454e-26j)
ESFGw (-4.000445807950115e-14+1.4798058611820153e-14j)
intensity 1.819339204913429e-27
finishing 9
starting: 10
some stuff:
tdelaylist (1+0j)
ESFGt (1.758619834530066e-27+2.6942266965158665e-27j)
ESFGw (1.1216483471188088e-13-4.156223976092832e-14j)
intensity 1.4308369919888446e-26
finishing 10
MID-level running in PID 220984 (name=__main__)
/lustre06/project/6067427/ncosta/CPI_Project/two_interfaces/interfaces_jul21.py:382: RuntimeWarning: divide by zero encountered in divide
  waveList = 2 * np.pi * c / freqList * 1e-6
starting: 1
some stuff:
tdelaylist (1+0j)
ESFGt (1.9101011023325094e-28+4.0183527708848256e-29j)
ESFGw (7.19684728478498e-14-4.333117198385139e-12j)
intensity 1.878108411602513e-23
finishing 1
starting: 2
some stuff:
tdelaylist (1+0j)
ESFGt (2.406214938402139e-28-3.2607339100171436e-29j)
ESFGw (1.526053589051557e-13+8.816003482792212e-13j)
intensity 8.005075696526156e-25
finishing 2
starting: 3
some stuff:
tdelaylist (1+0j)
ESFGt (-1.4152997875199798e-29-3.006592181832642e-28j)
ESFGw (2.3489977324375744e-12+9.640899190088703e-14j)
intensity 5.527085040716212e-24
finishing 3
starting: 4
some stuff:
tdelaylist (1+0j)
ESFGt (-1.9925490799161333e-28-6.186978235546222e-28j)
ESFGw (-1.878027247603775e-12+5.0019120789723814e-12j)
intensity 2.854611078851203e-23
finishing 4
starting: 5
some stuff:
tdelaylist (1+0j)
ESFGt (-6.610383717363254e-29-6.00839887538173e-28j)
ESFGw (-1.5575665757161516e-12-5.014377801870751e-12j)
intensity 2.7569998377682275e-23
finishing 5
starting: 6
some stuff:
tdelaylist (1+0j)
ESFGt (1.9222580686702954e-28-4.740655515819906e-28j)
ESFGw (-4.498276751085939e-13+6.52216128327332e-13j)
intensity 6.277308153438975e-25
finishing 6
starting: 7
some stuff:
tdelaylist (1+0j)
ESFGt (3.1705419261135794e-28-6.800300045337472e-28j)
ESFGw (9.09816926658591e-13-2.1836239413874914e-12j)
intensity 5.595980357435126e-24
finishing 7
starting: 8
some stuff:
tdelaylist (1+0j)
ESFGt (1.2071035030017746e-28-8.975634509529633e-28j)
ESFGw (3.693748432120891e-12+5.451614853990705e-12j)
intensity 4.3363881996047627e-23
finishing 8
starting: 9
some stuff:
tdelaylist (1+0j)
ESFGt (2.7566510780088263e-28-9.350860496216348e-28j)
ESFGw (-2.118567474229671e-12-2.3816747185545495e-12j)
intensity 1.0160702607865781e-23
finishing 9
starting: 10
some stuff:
tdelaylist (1+0j)
ESFGt (5.516832938558257e-28-8.236697477572224e-28j)
ESFGw (3.1740452280382137e-13+1.2765049434149134e-13j)
intensity 1.1704027980194865e-25
finishing 10
MID-level running in PID 220984 (name=__main__)
/lustre06/project/6067427/ncosta/CPI_Project/two_interfaces/interfaces_jul21.py:382: RuntimeWarning: divide by zero encountered in divide
  waveList = 2 * np.pi * c / freqList * 1e-6
starting: 1
some stuff:
tdelaylist (1+0j)
ESFGt (1.4113224412582663e-28+1.410046113942426e-27j)
ESFGw (1.8192738981959167e-13+7.092021414578653e-12j)
intensity 5.032986532000877e-23
finishing 1
starting: 2
some stuff:
tdelaylist (1+0j)
ESFGt (-5.577918930019077e-29+8.554770540538627e-28j)
ESFGw (3.8882091990544154e-13+3.1115873766474067e-12j)
intensity 9.833157710267603e-24
finishing 2
starting: 3
some stuff:
tdelaylist (1+0j)
ESFGt (-3.6426526264524124e-28-7.811196185248015e-28j)
ESFGw (2.3769493318059887e-12-4.627666305712097e-12j)
intensity 2.7065183562995984e-23
finishing 3
starting: 4
some stuff:
tdelaylist (1+0j)
ESFGt (-3.836476993541419e-28-1.2903015832789632e-27j)
ESFGw (4.728110264418106e-13-6.7750145771316994e-12j)
intensity 4.612437278707199e-23
finishing 4
starting: 5
some stuff:
tdelaylist (1+0j)
ESFGt (-1.830651914281336e-28+3.2747452572495665e-28j)
ESFGw (-3.3241569219466527e-12+9.101192022242799e-13j)
intensity 1.1878336203983203e-23
finishing 5
starting: 6
some stuff:
tdelaylist (1+0j)
ESFGt (-1.1600034793801457e-28+1.9876909216314165e-27j)
ESFGw (6.769584892651892e-13+5.88263812661971e-12j)
intensity 3.506370412494807e-23
finishing 6
starting: 7
some stuff:
tdelaylist (1+0j)
ESFGt (-4.453732218079108e-28+1.2157050183447075e-27j)
ESFGw (-3.283609495419171e-12+5.276230841122498e-12j)
intensity 3.862070320721916e-23
finishing 7
starting: 8
some stuff:
tdelaylist (1+0j)
ESFGt (-7.682357904273597e-28-8.323898183822438e-28j)
ESFGw (2.978568780509505e-12-8.776382398600902e-13j)
intensity 9.6421208602906e-24
finishing 8
starting: 9
some stuff:
tdelaylist (1+0j)
ESFGt (-7.50353395476775e-28-1.1170636887227153e-27j)
ESFGw (1.9733173428626571e-13-8.918144001057726e-12j)
intensity 7.957223223695832e-23
finishing 9
starting: 10
some stuff:
tdelaylist (1+0j)
ESFGt (-5.627181472041699e-28+6.231275805403852e-28j)
ESFGw (1.1067357967575742e-12-1.1346834929981675e-12j)
intensity 2.512370753107145e-24
finishing 10
MID-level running in PID 220984 (name=__main__)
/lustre06/project/6067427/ncosta/CPI_Project/two_interfaces/interfaces_jul21.py:382: RuntimeWarning: divide by zero encountered in divide
  waveList = 2 * np.pi * c / freqList * 1e-6
starting: 1
some stuff:
tdelaylist (1+0j)
ESFGt (1.4095652558789283e-28+1.1046672765366555e-27j)
ESFGw (-1.780509767401739e-12+4.092684524614754e-12j)
intensity 1.9920281649834095e-23
finishing 1
starting: 2
some stuff:
tdelaylist (1+0j)
ESFGt (8.346339706341218e-29+9.695169843597905e-28j)
ESFGw (1.9877086088193607e-12+1.1398139376783689e-11j)
intensity 1.3386856676616144e-22
finishing 2
starting: 3
some stuff:
tdelaylist (1+0j)
ESFGt (-9.125448484732892e-29+2.281190893974105e-29j)
ESFGw (4.31643436271667e-13-4.883024540269787e-12j)
intensity 2.4030244716953386e-23
finishing 3
starting: 4
some stuff:
tdelaylist (1+0j)
ESFGt (-1.6580776036834438e-28-2.8948610036818986e-28j)
ESFGw (5.878466116659986e-12-3.114314361951642e-13j)
intensity 3.4653353424170126e-23
finishing 4
starting: 5
some stuff:
tdelaylist (1+0j)
ESFGt (2.966867394085586e-29+5.299932676967128e-28j)
ESFGw (-5.677291969874432e-12-1.5553051901928683e-11j)
intensity 2.7412906757528808e-22
finishing 5
starting: 6
some stuff:
tdelaylist (1+0j)
ESFGt (1.62383596105755e-28+1.4861622913934247e-27j)
ESFGw (2.039304489165339e-12+4.904396333493821e-12j)
intensity 2.8211866195517546e-23
finishing 6
starting: 7
some stuff:
tdelaylist (1+0j)
ESFGt (1.105807269077292e-28+1.4895518092295574e-27j)
ESFGw (-4.492345731521574e-12-1.6518036938251157e-12j)
intensity 2.2909625614454408e-23
finishing 7
starting: 8
some stuff:
tdelaylist (1+0j)
ESFGt (-9.681162705575654e-29+5.504087201894777e-28j)
ESFGw (-1.9743928714177628e-13+1.7791719486570656e-11j)
intensity 3.16584264560925e-22
finishing 8
starting: 9
some stuff:
tdelaylist (1+0j)
ESFGt (-2.777828167804003e-28-5.0089789730304115e-29j)
ESFGw (1.6178516859532976e-12-1.2610641697552438e-12j)
intensity 4.207726917982409e-24
finishing 9
starting: 10
some stuff:
tdelaylist (1+0j)
ESFGt (-9.594209451230639e-29+4.992951292814859e-28j)
ESFGw (-1.4216002507116965e-12+1.1081782193278489e-12j)
intensity 3.2490062386162e-24
finishing 10
MID-level running in PID 220984 (name=__main__)
/lustre06/project/6067427/ncosta/CPI_Project/two_interfaces/interfaces_jul21.py:382: RuntimeWarning: divide by zero encountered in divide
  waveList = 2 * np.pi * c / freqList * 1e-6
starting: 1
some stuff:
tdelaylist (1+0j)
ESFGt (3.51581740663906e-21-4.452289126904186e-22j)
ESFGw (-1.0281470119721803e-10-3.28929106174769e-10j)
intensity 1.1876521967120569e-19
finishing 1
starting: 2
some stuff:
tdelaylist (1+0j)
ESFGt (3.912804992298177e-21+1.962857079501779e-21j)
ESFGw (3.341732446315859e-11+9.259382149906514e-11j)
intensity 9.690333354076755e-21
finishing 2
starting: 3
some stuff:
tdelaylist (1+0j)
ESFGt (1.675604818376368e-21+1.8672954908419707e-21j)
ESFGw (-2.9032887205460156e-12+1.0358372493080026e-10j)
intensity 1.0738017155934542e-20
finishing 3
starting: 4
some stuff:
tdelaylist (1+0j)
ESFGt (9.486183925681445e-22-1.1583759955147655e-21j)
ESFGw (-4.377470608218914e-11-4.4946421584590723e-11j)
intensity 3.93640570584181e-21
finishing 4
starting: 5
some stuff:
tdelaylist (1+0j)
ESFGt (9.514228767299094e-22-1.553646975607504e-21j)
ESFGw (-2.4406990317693555e-11-9.113485660572351e-11j)
intensity 8.901263264913774e-21
finishing 5
starting: 6
some stuff:
tdelaylist (1+0j)
ESFGt (-7.380494586797226e-22-2.2528584968629338e-22j)
ESFGw (-7.400996482331834e-12-6.694439447230138e-11j)
intensity 4.536326700194583e-21
finishing 6
starting: 7
some stuff:
tdelaylist (1+0j)
ESFGt (2.6461268784868023e-23-9.046992242487892e-23j)
ESFGw (4.3847009356667854e-12-2.4909622975410883e-12j)
intensity 2.543049546300836e-23
finishing 7
starting: 8
some stuff:
tdelaylist (1+0j)
ESFGt (6.903410727162813e-22+4.410501111501423e-22j)
ESFGw (8.90647451623483e-12+4.655812887999211e-11j)
intensity 2.246984653114296e-21
finishing 8
starting: 9
some stuff:
tdelaylist (1+0j)
ESFGt (5.82548895110897e-22+8.3105922360366885e-22j)
ESFGw (5.15267516154605e-12+4.284543032861965e-11j)
intensity 1.8622809613650144e-21
finishing 9
starting: 10
some stuff:
tdelaylist (1+0j)
ESFGt (9.269278443242926e-22+2.5511552748638233e-21j)
ESFGw (-1.99239583165145e-12+7.719797023852948e-13j)
intensity 4.5655938108769624e-24
finishing 10
MID-level running in PID 220984 (name=__main__)
/lustre06/project/6067427/ncosta/CPI_Project/two_interfaces/interfaces_jul21.py:382: RuntimeWarning: divide by zero encountered in divide
  waveList = 2 * np.pi * c / freqList * 1e-6
starting: 1
some stuff:
tdelaylist (1+0j)
ESFGt (-6.181368589468132e-23+2.531927839639878e-24j)
ESFGw (3.9956753183911786e-14-1.4528742792174754e-14j)
intensity 1.807626492121215e-27
finishing 1
starting: 2
some stuff:
tdelaylist (1+0j)
ESFGt (-3.3098685510821056e-23+5.9074662101368695e-24j)
ESFGw (1.2435798918408736e-15-6.509549843602969e-16j)
intensity 1.9702333390544735e-30
finishing 2
starting: 3
some stuff:
tdelaylist (1+0j)
ESFGt (3.7936702353960815e-23-4.859410411867872e-24j)
ESFGw (-1.8556120182089408e-14+6.880346986593011e-15j)
intensity 3.916687708680655e-28
finishing 3
starting: 4
some stuff:
tdelaylist (1+0j)
ESFGt (4.7248731348834797e-23-8.549654123668802e-24j)
ESFGw (-3.764241522652423e-14+1.385436904088877e-14j)
intensity 1.6088949656072008e-27
finishing 4
starting: 5
some stuff:
tdelaylist (1+0j)
ESFGt (-1.926162416232328e-23+2.705303788885533e-24j)
ESFGw (4.7523183305253625e-14-1.732945384413931e-14j)
intensity 2.558762922000891e-27
finishing 5
starting: 6
some stuff:
tdelaylist (1+0j)
ESFGt (-6.980848337451791e-23+2.5519318362804255e-24j)
ESFGw (2.9173712057239953e-15-1.2117043479697998e-15j)
intensity 9.979282178876394e-30
finishing 6
starting: 7
some stuff:
tdelaylist (1+0j)
ESFGt (-2.9430353527697193e-23-1.5952700613820889e-24j)
ESFGw (9.955686448848144e-15-3.885346905319054e-15j)
intensity 1.1421161324245092e-28
finishing 7
starting: 8
some stuff:
tdelaylist (1+0j)
ESFGt (4.1262059357878905e-23-4.047794589092243e-24j)
ESFGw (-6.310208432169784e-14+2.3629535828018078e-14j)
intensity 4.5402280091902526e-27
finishing 8
starting: 9
some stuff:
tdelaylist (1+0j)
ESFGt (3.273598727962878e-23-9.576608703482445e-24j)
ESFGw (4.004912720900755e-14-1.488349374301201e-14j)
intensity 1.825450976201547e-27
finishing 9
starting: 10
some stuff:
tdelaylist (1+0j)
ESFGt (-4.063945129475395e-23-1.9264942406132246e-24j)
ESFGw (1.3491811834409617e-15-4.833373284940379e-16j)
intensity 2.0539048388669078e-30
finishing 10
MID-level running in PID 220984 (name=__main__)
/lustre06/project/6067427/ncosta/CPI_Project/two_interfaces/interfaces_jul21.py:382: RuntimeWarning: divide by zero encountered in divide
  waveList = 2 * np.pi * c / freqList * 1e-6
starting: 1
some stuff:
tdelaylist (1+0j)
ESFGt (9.095888094804321e-27+3.2665870420022716e-25j)
ESFGw (2.0242869880338077e-12+2.4239343171528205e-12j)
intensity 9.973195383794095e-24
finishing 1
starting: 2
some stuff:
tdelaylist (1+0j)
ESFGt (-3.5792326446153457e-26+7.66601483676081e-27j)
ESFGw (-1.1447266745623352e-12-1.4157702787898074e-12j)
intensity 3.3148046417591116e-24
finishing 2
starting: 3
some stuff:
tdelaylist (1+0j)
ESFGt (-4.67757422021358e-25-4.293289646779006e-25j)
ESFGw (-9.802449650597733e-13+1.7489568820971968e-13j)
intensity 9.914686932793877e-25
finishing 3
starting: 4
some stuff:
tdelaylist (1+0j)
ESFGt (-9.163604450804907e-25-3.7584678165215956e-25j)
ESFGw (-2.1866883304078044e-13-1.895237439208941e-12j)
intensity 3.63974100952268e-24
finishing 4
starting: 5
some stuff:
tdelaylist (1+0j)
ESFGt (-8.782272950430194e-25-1.4768844923745483e-25j)
ESFGw (2.139665181144501e-12+3.553816962931222e-12j)
intensity 1.7207782093419824e-23
finishing 5
starting: 6
some stuff:
tdelaylist (1+0j)
ESFGt (-4.47034063757289e-25-8.803925698767847e-26j)
ESFGw (2.78090918348628e-13-1.947227101783966e-12j)
intensity 3.869027944789968e-24
finishing 6
starting: 7
some stuff:
tdelaylist (1+0j)
ESFGt (9.723450472260148e-26-2.4770233353055208e-25j)
ESFGw (-1.824043520393115e-12+1.3465704246096166e-13j)
intensity 3.345267283372442e-24
finishing 7
starting: 8
some stuff:
tdelaylist (1+0j)
ESFGt (4.454902519391642e-25-5.653731591328071e-25j)
ESFGw (-4.889196686397312e-13-1.802197280298401e-12j)
intensity 3.486957479497738e-24
finishing 8
starting: 9
some stuff:
tdelaylist (1+0j)
ESFGt (4.0604543555248655e-25-6.846788079191193e-25j)
ESFGw (-4.4951715960639405e-13+3.242617979681839e-12j)
intensity 1.0716637038936534e-23
finishing 9
starting: 10
some stuff:
tdelaylist (1+0j)
ESFGt (3.38972287511823e-25-4.398197689341594e-25j)
ESFGw (2.949185166911672e-12-4.914992024485088e-13j)
intensity 8.939264614739345e-24
finishing 10
MID-level running in PID 220984 (name=__main__)
/lustre06/project/6067427/ncosta/CPI_Project/two_interfaces/interfaces_jul21.py:382: RuntimeWarning: divide by zero encountered in divide
  waveList = 2 * np.pi * c / freqList * 1e-6
starting: 1
some stuff:
tdelaylist (1+0j)
ESFGt (-1.8565791209658066e-25-7.355458214978074e-26j)
ESFGw (3.659421290297393e-12+5.039710836152178e-12j)
intensity 3.8790049491911525e-23
finishing 1
starting: 2
some stuff:
tdelaylist (1+0j)
ESFGt (-1.1912054735105876e-25+2.371656878692356e-25j)
ESFGw (1.0231789374093303e-12-8.46009026722605e-13j)
intensity 1.7626264112542153e-24
finishing 2
starting: 3
some stuff:
tdelaylist (1+0j)
ESFGt (4.231679774094915e-25+4.105909168560061e-25j)
ESFGw (-3.813972141580857e-12-4.672785595960516e-13j)
intensity 1.476473274901303e-23
finishing 3
starting: 4
some stuff:
tdelaylist (1+0j)
ESFGt (9.723380362649544e-25+3.4388617136658206e-27j)
ESFGw (-8.926978080359138e-13-5.711801691343776e-12j)
intensity 3.3421587937709744e-23
finishing 4
starting: 5
some stuff:
tdelaylist (1+0j)
ESFGt (8.61003007403743e-25-1.3910166447673027e-25j)
ESFGw (-3.4641213508823654e-13+6.056362009121408e-12j)
intensity 3.679952215286548e-23
finishing 5
starting: 6
some stuff:
tdelaylist (1+0j)
ESFGt (2.8589845183037525e-25+2.891053898003981e-25j)
ESFGw (4.905760693507677e-12-8.412775684418783e-13j)
intensity 2.4774235929128397e-23
finishing 6
starting: 7
some stuff:
tdelaylist (1+0j)
ESFGt (-1.356993552830923e-25+6.575397424208528e-25j)
ESFGw (-7.721024340712201e-13+3.3600583253245997e-12j)
intensity 1.1886134118281853e-23
finishing 7
starting: 8
some stuff:
tdelaylist (1+0j)
ESFGt (-5.182498621780588e-25+6.082012177412335e-25j)
ESFGw (-1.7787312421579937e-13-7.408855647039747e-12j)
intensity 5.492278084699104e-23
finishing 8
starting: 9
some stuff:
tdelaylist (1+0j)
ESFGt (-5.751789967194231e-25+5.167657899801e-25j)
ESFGw (-2.9148254990229994e-12+1.706910654486471e-12j)
intensity 1.1409751672154108e-23
finishing 9
starting: 10
some stuff:
tdelaylist (1+0j)
ESFGt (-2.8155112894971682e-25+5.131161034989032e-25j)
ESFGw (-1.6041139770661683e-12-1.4206084225643067e-14j)
intensity 2.5733834642480653e-24
finishing 10
MID-level running in PID 220984 (name=__main__)
/lustre06/project/6067427/ncosta/CPI_Project/two_interfaces/interfaces_jul21.py:382: RuntimeWarning: divide by zero encountered in divide
  waveList = 2 * np.pi * c / freqList * 1e-6
starting: 1
some stuff:
tdelaylist (1+0j)
ESFGt (-7.681023464426981e-25+9.75464239113206e-25j)
ESFGw (4.432731959269631e-12-3.101685575046531e-13j)
intensity 1.9745317156794904e-23
finishing 1
starting: 2
some stuff:
tdelaylist (1+0j)
ESFGt (-5.945800480334628e-25+8.542741562535805e-25j)
ESFGw (6.302958155401939e-12+5.2265206051949065e-12j)
intensity 6.704379914527475e-23
finishing 2
starting: 3
some stuff:
tdelaylist (1+0j)
ESFGt (-1.7332419855320707e-26-1.5816625493117857e-25j)
ESFGw (-6.353436873829388e-12-3.624670008584019e-13j)
intensity 4.049754243644623e-23
finishing 3
starting: 4
some stuff:
tdelaylist (1+0j)
ESFGt (1.0347296789352512e-25-7.207869699787751e-25j)
ESFGw (-7.121213341232391e-14+5.862602070472178e-13j)
intensity 3.487721983121813e-25
finishing 4
starting: 5
some stuff:
tdelaylist (1+0j)
ESFGt (3.5304603505264603e-25-1.5343397835551592e-25j)
ESFGw (-6.856321066450732e-12-8.903967840812044e-12j)
intensity 1.262897818764712e-22
finishing 5
starting: 6
some stuff:
tdelaylist (1+0j)
ESFGt (5.425310134809581e-25+6.575236507690004e-25j)
ESFGw (4.705381917435858e-12+3.877308196731377e-12j)
intensity 3.7174137841372675e-23
finishing 6
starting: 7
some stuff:
tdelaylist (1+0j)
ESFGt (7.59239357694331e-26+6.921481055716716e-25j)
ESFGw (1.898993115534431e-12-1.8599635720484287e-12j)
intensity 7.065639342194314e-24
finishing 7
starting: 8
some stuff:
tdelaylist (1+0j)
ESFGt (-5.211848771839585e-25+1.8983638985550714e-25j)
ESFGw (3.2284522277770122e-12+1.1493500595705086e-11j)
intensity 1.4252345973051155e-22
finishing 8
starting: 9
some stuff:
tdelaylist (1+0j)
ESFGt (-3.873862230294928e-25-2.3661098453378853e-25j)
ESFGw (1.5279409681934197e-12-7.403869184408052e-12j)
intensity 5.715188250211101e-23
finishing 9
starting: 10
some stuff:
tdelaylist (1+0j)
ESFGt (2.0211202671461165e-25-4.7860326453694e-25j)
ESFGw (-3.764690382351832e-12+2.0309630713311044e-12j)
intensity 1.8297704672083052e-23
finishing 10
MID-level running in PID 220984 (name=__main__)
/lustre06/project/6067427/ncosta/CPI_Project/two_interfaces/interfaces_jul21.py:382: RuntimeWarning: divide by zero encountered in divide
  waveList = 2 * np.pi * c / freqList * 1e-6
starting: 1
some stuff:
tdelaylist (1+0j)
ESFGt (3.537357532274568e-27-4.939306140345818e-27j)
ESFGw (1.3079815008865125e-14-6.391588647236546e-15j)
intensity 2.1193396610161645e-28
finishing 1
starting: 2
some stuff:
tdelaylist (1+0j)
ESFGt (5.909757071330218e-27-1.1110385565028129e-26j)
ESFGw (8.2947971408176e-15-3.318309169109135e-15j)
intensity 7.981483534910958e-29
finishing 2
starting: 3
some stuff:
tdelaylist (1+0j)
ESFGt (9.616831913363062e-28-4.3248092108573056e-27j)
ESFGw (-2.050356412430787e-14+4.913062144618063e-15j)
intensity 4.445343214364838e-28
finishing 3
starting: 4
some stuff:
tdelaylist (1+0j)
ESFGt (-8.369274889091411e-27+8.295560780743775e-27j)
ESFGw (-4.839336396889049e-16+3.614946883501169e-15j)
intensity 1.3302032738157364e-29
finishing 4
starting: 5
some stuff:
tdelaylist (1+0j)
ESFGt (-7.95789619617041e-27+1.1679797139378141e-26j)
ESFGw (2.605337820482667e-15-9.95297594341693e-16j)
intensity 7.778402460139736e-30
finishing 5
starting: 6
some stuff:
tdelaylist (1+0j)
ESFGt (5.473488011892025e-28+5.339381752796317e-27j)
ESFGw (2.2551405187698492e-14-8.342285195972465e-15j)
intensity 5.781595982306957e-28
finishing 6
starting: 7
some stuff:
tdelaylist (1+0j)
ESFGt (4.3082607443265425e-27-1.7295359601890267e-27j)
ESFGw (-2.0313882954231532e-14+4.4748276264994225e-15j)
intensity 4.326779229651009e-28
finishing 7
starting: 8
some stuff:
tdelaylist (1+0j)
ESFGt (2.6925644399225608e-27-7.360848526758837e-27j)
ESFGw (-1.4118480690106239e-15+2.274222477005594e-15j)
intensity 7.165402844886486e-30
finishing 8
starting: 9
some stuff:
tdelaylist (1+0j)
ESFGt (2.0645568569329572e-27-8.195479569001432e-27j)
ESFGw (-9.656988750328388e-15+4.930951480464074e-15j)
intensity 1.1757171422665989e-28
finishing 9
starting: 10
some stuff:
tdelaylist (1+0j)
ESFGt (-1.7781588971155357e-27-1.812343538985923e-28j)
ESFGw (2.991270425800607e-14-1.0699394929064576e-14j)
intensity 1.0092469278750274e-27
finishing 10
MID-level running in PID 220984 (name=__main__)
/lustre06/project/6067427/ncosta/CPI_Project/two_interfaces/interfaces_jul21.py:382: RuntimeWarning: divide by zero encountered in divide
  waveList = 2 * np.pi * c / freqList * 1e-6
starting: 1
some stuff:
tdelaylist (1+0j)
ESFGt (2.763700207300199e-29-1.3260102710665475e-29j)
ESFGw (-7.547391531192993e-14-1.1052174800352255e-12j)
intensity 1.227201990067926e-24
finishing 1
starting: 2
some stuff:
tdelaylist (1+0j)
ESFGt (1.1330324479892292e-29-2.7780060017615706e-29j)
ESFGw (6.831557888831163e-14+2.664431175691817e-13j)
intensity 7.56589532188299e-26
finishing 2
starting: 3
some stuff:
tdelaylist (1+0j)
ESFGt (-3.288553535481896e-29-8.904120972874194e-29j)
ESFGw (4.803377747636395e-13-5.6366153064479896e-14j)
intensity 2.3390152107617323e-25
finishing 3
starting: 4
some stuff:
tdelaylist (1+0j)
ESFGt (-7.788891612523084e-29-1.7867746109255939e-28j)
ESFGw (-3.4935032297567226e-13+1.3008101540368244e-12j)
intensity 1.8141527050085134e-24
finishing 4
starting: 5
some stuff:
tdelaylist (1+0j)
ESFGt (-5.15827876443513e-29-1.8497384057112873e-28j)
ESFGw (-4.380246165780477e-13-1.3512403002069462e-12j)
intensity 2.0177159136317038e-24
finishing 5
starting: 6
some stuff:
tdelaylist (1+0j)
ESFGt (-5.111545966189093e-31-1.4441896545117774e-28j)
ESFGw (-9.056384114858318e-14+3.210279264642679e-13j)
intensity 1.1126073889353324e-25
finishing 6
starting: 7
some stuff:
tdelaylist (1+0j)
ESFGt (6.999505035632339e-29-1.776784635509707e-28j)
ESFGw (1.268089366152081e-13-6.107735844862461e-13j)
intensity 3.8912487791165735e-25
finishing 7
starting: 8
some stuff:
tdelaylist (1+0j)
ESFGt (-1.1649280672016161e-30-2.5221827148022855e-28j)
ESFGw (1.031881177726568e-12+1.4456257371731063e-12j)
intensity 3.1546125369236562e-24
finishing 8
starting: 9
some stuff:
tdelaylist (1+0j)
ESFGt (4.5225439388035034e-29-2.7516193965394253e-28j)
ESFGw (-5.052824478268825e-13-7.491802317405316e-13j)
intensity 8.165813717127227e-25
finishing 9
starting: 10
some stuff:
tdelaylist (1+0j)
ESFGt (1.3476613357005013e-28-2.250406982087087e-28j)
ESFGw (1.0274604517884756e-13+3.7874434491436126e-14j)
intensity 1.1991222587939868e-26
finishing 10
MID-level running in PID 220984 (name=__main__)
/lustre06/project/6067427/ncosta/CPI_Project/two_interfaces/interfaces_jul21.py:382: RuntimeWarning: divide by zero encountered in divide
  waveList = 2 * np.pi * c / freqList * 1e-6
starting: 1
some stuff:
tdelaylist (1+0j)
ESFGt (5.47563625132804e-29+3.808491106155686e-28j)
ESFGw (1.8894261155644188e-13+1.814463509997033e-12j)
intensity 3.32797713957252e-24
finishing 1
starting: 2
some stuff:
tdelaylist (1+0j)
ESFGt (-3.852844106684528e-29+2.519182326597518e-28j)
ESFGw (1.0528904137441231e-13+9.140535550677953e-13j)
intensity 8.465796837656181e-25
finishing 2
starting: 3
some stuff:
tdelaylist (1+0j)
ESFGt (-1.0952010807147944e-28-1.7251404159193246e-28j)
ESFGw (9.740073331210297e-13-1.3278943916672503e-12j)
intensity 2.711993800394877e-24
finishing 3
starting: 4
some stuff:
tdelaylist (1+0j)
ESFGt (-6.621272810540571e-29-3.1656536027630296e-28j)
ESFGw (-1.2589668890727879e-13-1.7368459101496647e-12j)
intensity 3.0324836918814333e-24
finishing 4
starting: 5
some stuff:
tdelaylist (1+0j)
ESFGt (-2.3173606294539913e-30+9.875982227374157e-29j)
ESFGw (-9.19242112984442e-13+1.128958038165706e-13j)
intensity 8.577515248034909e-25
finishing 5
starting: 6
some stuff:
tdelaylist (1+0j)
ESFGt (-2.988573075948661e-30+5.318082580577723e-28j)
ESFGw (-1.1746940226098346e-13+1.6318422307870506e-12j)
intensity 2.6767081266476104e-24
finishing 6
starting: 7
some stuff:
tdelaylist (1+0j)
ESFGt (-1.4128520885471043e-28+3.168407179471921e-28j)
ESFGw (-5.356493243749427e-13+1.3957398604935722e-12j)
intensity 2.235009956873949e-24
finishing 7
starting: 8
some stuff:
tdelaylist (1+0j)
ESFGt (-2.3084134341363234e-28-2.02968083433036e-28j)
ESFGw (7.859546347077639e-13-1.8230209009040266e-13j)
intensity 6.50958739869944e-25
finishing 8
starting: 9
some stuff:
tdelaylist (1+0j)
ESFGt (-1.561251746328175e-28-2.7968732562070285e-28j)
ESFGw (3.329662934259403e-13-2.293228107408396e-12j)
intensity 5.369761705165703e-24
finishing 9
starting: 10
some stuff:
tdelaylist (1+0j)
ESFGt (-7.866745656620982e-29+1.660889150131345e-28j)
ESFGw (-1.6928949561623163e-14-3.2932098888160954e-13j)
intensity 1.0873890305122116e-25
finishing 10
MID-level running in PID 220984 (name=__main__)
/lustre06/project/6067427/ncosta/CPI_Project/two_interfaces/interfaces_jul21.py:382: RuntimeWarning: divide by zero encountered in divide
  waveList = 2 * np.pi * c / freqList * 1e-6
starting: 1
some stuff:
tdelaylist (1+0j)
ESFGt (7.589181996609341e-29+2.8298823053142064e-28j)
ESFGw (-4.3081814157797105e-13+9.553824745212047e-13j)
intensity 1.0983599437349571e-24
finishing 1
starting: 2
some stuff:
tdelaylist (1+0j)
ESFGt (2.0252537627379313e-29+2.4731755653843006e-28j)
ESFGw (4.590689807459913e-13+3.206473281336386e-12j)
intensity 1.0492215233007293e-23
finishing 2
starting: 3
some stuff:
tdelaylist (1+0j)
ESFGt (-3.25862306070544e-29+7.094123453540196e-30j)
ESFGw (5.090710838984158e-13-1.446283847891805e-12j)
intensity 2.350890337134234e-24
finishing 3
starting: 4
some stuff:
tdelaylist (1+0j)
ESFGt (-2.500378272605832e-29-7.621150308392382e-29j)
ESFGw (1.6408458793082392e-12-1.5686237031520278e-14j)
intensity 2.692621257675038e-24
finishing 4
starting: 5
some stuff:
tdelaylist (1+0j)
ESFGt (5.373770515781262e-29+1.244956760802208e-28j)
ESFGw (-1.5103170450392334e-12-4.233219677574063e-12j)
intensity 2.0201206415136293e-23
finishing 5
starting: 6
some stuff:
tdelaylist (1+0j)
ESFGt (5.863888230398985e-29+3.815672082655029e-28j)
ESFGw (2.372004502537717e-13+1.2848645758456456e-12j)
intensity 1.7071410318636025e-24
finishing 6
starting: 7
some stuff:
tdelaylist (1+0j)
ESFGt (1.9672721371293845e-29+4.058722511945172e-28j)
ESFGw (-1.4880752879919967e-12-3.7099706987064884e-13j)
intensity 2.352006888585071e-24
finishing 7
starting: 8
some stuff:
tdelaylist (1+0j)
ESFGt (-4.4432412789443465e-29+1.4951711567182396e-28j)
ESFGw (7.538240864857215e-14+4.639341862067159e-12j)
intensity 2.1529175420662437e-23
finishing 8
starting: 9
some stuff:
tdelaylist (1+0j)
ESFGt (-8.076042383467094e-29-1.3120228098793334e-29j)
ESFGw (4.4265632825890577e-13-2.574850055392375e-13j)
intensity 2.6224315302519734e-25
finishing 9
starting: 10
some stuff:
tdelaylist (1+0j)
ESFGt (-1.7500009459448651e-29+1.2360991155845812e-28j)
ESFGw (2.1924172546872178e-13+3.0805501378960987e-13j)
intensity 1.4296482570741912e-25
finishing 10
MID-level running in PID 220984 (name=__main__)
/lustre06/project/6067427/ncosta/CPI_Project/two_interfaces/interfaces_jul21.py:382: RuntimeWarning: divide by zero encountered in divide
  waveList = 2 * np.pi * c / freqList * 1e-6
starting: 1
some stuff:
tdelaylist (1+0j)
ESFGt (1.2258287761908397e-21-3.028116850477747e-22j)
ESFGw (-3.5654867946988134e-11-8.671058315812274e-11j)
intensity 8.789994839938883e-21
finishing 1
starting: 2
some stuff:
tdelaylist (1+0j)
ESFGt (1.0909069403105692e-21+2.786109555112778e-22j)
ESFGw (8.374342885808517e-12+2.69475136649433e-11j)
intensity 7.962981114913978e-22
finishing 2
starting: 3
some stuff:
tdelaylist (1+0j)
ESFGt (9.429098117210698e-23+3.693758038042351e-22j)
ESFGw (-6.7127067793215645e-12+3.188690977928843e-11j)
intensity 1.06183544757763e-21
finishing 3
starting: 4
some stuff:
tdelaylist (1+0j)
ESFGt (-2.7856860242506395e-23-3.3295492472304616e-22j)
ESFGw (-1.6434707761359135e-11-1.0672424749502696e-11j)
intensity 3.840002692350759e-22
finishing 4
starting: 5
some stuff:
tdelaylist (1+0j)
ESFGt (6.510515728036547e-22-8.336452715862072e-22j)
ESFGw (-8.017489450118376e-12-2.4732597914134402e-11j)
intensity 6.759815366650048e-22
finishing 5
starting: 6
some stuff:
tdelaylist (1+0j)
ESFGt (-3.38748792516831e-22-9.616014794984452e-23j)
ESFGw (-8.017683739147685e-13-1.8539616022938965e-11j)
intensity 3.44360194803425e-22
finishing 6
starting: 7
some stuff:
tdelaylist (1+0j)
ESFGt (2.1216091118430003e-23+6.2290013243454675e-22j)
ESFGw (3.2598420490748126e-12-1.0110245973748988e-12j)
intensity 1.1648740921413352e-23
finishing 7
starting: 8
some stuff:
tdelaylist (1+0j)
ESFGt (3.161638187088152e-22+1.6210642064215814e-22j)
ESFGw (3.3739712412828027e-12+1.2559195003425394e-11j)
intensity 1.691170610710688e-22
finishing 8
starting: 9
some stuff:
tdelaylist (1+0j)
ESFGt (-2.52222103873248e-22+3.8528867873607505e-22j)
ESFGw (6.51692241837587e-13+1.179734348405459e-11j)
intensity 1.396020160588366e-22
finishing 9
starting: 10
some stuff:
tdelaylist (1+0j)
ESFGt (-3.7826493446565043e-22+9.193617294515098e-22j)
ESFGw (-1.9547957003096528e-12+4.2476742609376394e-13j)
intensity 4.0016535962194285e-24
finishing 10
MID-level running in PID 220984 (name=__main__)
/lustre06/project/6067427/ncosta/CPI_Project/two_interfaces/interfaces_jul21.py:382: RuntimeWarning: divide by zero encountered in divide
  waveList = 2 * np.pi * c / freqList * 1e-6
starting: 1
some stuff:
tdelaylist (1+0j)
ESFGt (-1.6261499696131034e-23+1.9973290038209647e-24j)
ESFGw (1.1289905642308806e-14-2.7574513852823834e-15j)
intensity 1.3506550755443193e-28
finishing 1
starting: 2
some stuff:
tdelaylist (1+0j)
ESFGt (-8.897878500799238e-24+8.089046662801462e-25j)
ESFGw (-2.955535122195485e-16-2.3469724427793714e-15j)
intensity 5.595631525751081e-30
finishing 2
starting: 3
some stuff:
tdelaylist (1+0j)
ESFGt (9.51434370910259e-24-1.7048410430100286e-24j)
ESFGw (-5.1236684166233726e-15+2.401616232272641e-15j)
intensity 3.201973857061929e-29
finishing 3
starting: 4
some stuff:
tdelaylist (1+0j)
ESFGt (1.2300893127030968e-23-5.452392348976386e-25j)
ESFGw (-9.979376266316953e-15+3.764241522652423e-15j)
intensity 1.1375746490559071e-28
finishing 4
starting: 5
some stuff:
tdelaylist (1+0j)
ESFGt (-4.9840499911955845e-24+3.32564011956401e-24j)
ESFGw (1.3250360010597095e-14-2.984483320200848e-15j)
intensity 1.8447918109898771e-28
finishing 5
starting: 6
some stuff:
tdelaylist (1+0j)
ESFGt (-1.8461652195869322e-23+1.646805982669872e-24j)
ESFGw (6.591407107625624e-16-1.95514177764311e-15j)
intensity 4.257045847270036e-30
finishing 6
starting: 7
some stuff:
tdelaylist (1+0j)
ESFGt (-7.918754489204858e-24-1.3593065833750735e-24j)
ESFGw (2.133791190614409e-15-1.2744254436480862e-15j)
intensity 6.177225056561279e-30
finishing 7
starting: 8
some stuff:
tdelaylist (1+0j)
ESFGt (1.0545730052167424e-23-1.2314244893820764e-24j)
ESFGw (-1.6805458934177064e-14+6.1794102820811325e-15j)
intensity 3.2060856142260182e-28
finishing 8
starting: 9
some stuff:
tdelaylist (1+0j)
ESFGt (8.423302853493788e-24-4.3463037476984385e-25j)
ESFGw (1.1013596718650875e-14-2.318891606511997e-15j)
intensity 1.2667657096382912e-28
finishing 9
starting: 10
some stuff:
tdelaylist (1+0j)
ESFGt (-1.0531195138607107e-23+1.896773628574521e-24j)
ESFGw (7.86886831735667e-16-7.062492951570576e-16j)
intensity 1.1179789528688362e-30
finishing 10
MID-level running in PID 220984 (name=__main__)
/lustre06/project/6067427/ncosta/CPI_Project/two_interfaces/interfaces_jul21.py:382: RuntimeWarning: divide by zero encountered in divide
  waveList = 2 * np.pi * c / freqList * 1e-6
starting: 1
some stuff:
tdelaylist (1+0j)
ESFGt (-5.037140972127551e-27+9.143669449825805e-26j)
ESFGw (5.944858320894308e-13+5.699811282677825e-13j)
intensity 6.782918911364772e-25
finishing 1
starting: 2
some stuff:
tdelaylist (1+0j)
ESFGt (-2.3461446484662833e-26+1.1937889289132128e-26j)
ESFGw (-2.8931848236601887e-13-3.880454985116799e-13j)
intensity 2.3428449315375455e-25
finishing 2
starting: 3
some stuff:
tdelaylist (1+0j)
ESFGt (-1.2925494825279352e-25-9.184244997061868e-26j)
ESFGw (-2.6703227302971033e-13+4.645155787796895e-14j)
intensity 7.346398206870405e-26
finishing 3
starting: 4
some stuff:
tdelaylist (1+0j)
ESFGt (-2.315765580205124e-25-8.907940571544442e-26j)
ESFGw (-8.371515286542675e-14-4.133043733645092e-13j)
intensity 1.7782873186151144e-25
finishing 4
starting: 5
some stuff:
tdelaylist (1+0j)
ESFGt (-2.248453547830488e-25-4.77480190410837e-26j)
ESFGw (5.470129557649805e-13+8.864575740119562e-13j)
intensity 1.0850302042979033e-24
finishing 5
starting: 6
some stuff:
tdelaylist (1+0j)
ESFGt (-1.193229552884057e-25-4.133008013463013e-26j)
ESFGw (1.701369080342463e-13-5.36283257385195e-13j)
intensity 3.1654629962712885e-25
finishing 6
starting: 7
some stuff:
tdelaylist (1+0j)
ESFGt (1.9384199809679073e-26-8.279522530129784e-26j)
ESFGw (-5.512272496094317e-13-1.0041013159822754e-14j)
intensity 3.039523026572544e-25
finishing 7
starting: 8
some stuff:
tdelaylist (1+0j)
ESFGt (1.1932093576537775e-25-1.5958757204455216e-25j)
ESFGw (-1.259699809741388e-13-4.0311330662401446e-13j)
intensity 1.783687740839716e-25
finishing 8
starting: 9
some stuff:
tdelaylist (1+0j)
ESFGt (1.1331992686451851e-25-1.8009775832035195e-25j)
ESFGw (-1.9004676304890111e-13+8.748171458072829e-13j)
intensity 8.01422810743766e-25
finishing 9
starting: 10
some stuff:
tdelaylist (1+0j)
ESFGt (8.804551129902953e-26-1.2330503921106992e-25j)
ESFGw (9.099424772701648e-13-1.33266986855618e-13j)
intensity 8.457554017261401e-25
finishing 10
MID-level running in PID 220984 (name=__main__)
/lustre06/project/6067427/ncosta/CPI_Project/two_interfaces/interfaces_jul21.py:382: RuntimeWarning: divide by zero encountered in divide
  waveList = 2 * np.pi * c / freqList * 1e-6
starting: 1
some stuff:
tdelaylist (1+0j)
ESFGt (-2.56872964441642e-26-2.5537589992969107e-26j)
ESFGw (1.1036625172794468e-12+1.2002243816866542e-12j)
intensity 2.6586095184427166e-24
finishing 1
starting: 2
some stuff:
tdelaylist (1+0j)
ESFGt (-8.503969370614895e-27+4.7161163583702925e-26j)
ESFGw (2.625543012169107e-13-2.5117429837406835e-13j)
intensity 1.320232892512058e-25
finishing 2
starting: 3
some stuff:
tdelaylist (1+0j)
ESFGt (1.1997362790181044e-25+8.164622682789519e-26j)
ESFGw (-8.727225756302581e-13-2.2345027304165876e-13j)
intensity 8.115747185371032e-25
finishing 3
starting: 4
some stuff:
tdelaylist (1+0j)
ESFGt (2.501873342380982e-25-9.661662160695696e-27j)
ESFGw (-4.3054839207745665e-13-1.340555704637536e-12j)
intensity 1.982461515156725e-24
finishing 4
starting: 5
some stuff:
tdelaylist (1+0j)
ESFGt (2.3255662099599267e-25-2.5562573275967063e-26j)
ESFGw (-6.201679794703985e-14+1.621418277419906e-12j)
intensity 2.632843313578938e-24
finishing 5
starting: 6
some stuff:
tdelaylist (1+0j)
ESFGt (8.854338346821355e-26+8.823873055689744e-26j)
ESFGw (1.2556660355586557e-12-2.2996253339069295e-13j)
intensity 1.629579959619057e-24
finishing 6
starting: 7
some stuff:
tdelaylist (1+0j)
ESFGt (-3.433342666520964e-26+1.828883679689563e-25j)
ESFGw (1.873024305099058e-14+8.11063347559704e-13j)
intensity 6.581745757595023e-25
finishing 7
starting: 8
some stuff:
tdelaylist (1+0j)
ESFGt (-1.5218038099312861e-25+1.7197023844716653e-25j)
ESFGw (-1.6315215237844294e-13-2.0386874697089774e-12j)
intensity 4.182865223974113e-24
finishing 8
starting: 9
some stuff:
tdelaylist (1+0j)
ESFGt (-1.644215752508399e-25+1.37547507974234e-25j)
ESFGw (-7.651884768172801e-13+5.328619490096997e-13j)
intensity 8.694552617563654e-25
finishing 9
starting: 10
some stuff:
tdelaylist (1+0j)
ESFGt (-7.680991971174548e-26+1.4092771821688299e-25j)
ESFGw (-6.399218177924326e-13-3.789720273705832e-15j)
intensity 4.0951429486652428e-25
finishing 10
MID-level running in PID 220984 (name=__main__)
/lustre06/project/6067427/ncosta/CPI_Project/two_interfaces/interfaces_jul21.py:382: RuntimeWarning: divide by zero encountered in divide
  waveList = 2 * np.pi * c / freqList * 1e-6
starting: 1
some stuff:
tdelaylist (1+0j)
ESFGt (-1.9650712557196993e-25+2.616843783600655e-25j)
ESFGw (1.2164401430592164e-12-2.4177361501731554e-13j)
intensity 1.5381811025644684e-24
finishing 1
starting: 2
some stuff:
tdelaylist (1+0j)
ESFGt (-1.8004157536467167e-25+2.0980801341589276e-25j)
ESFGw (1.5879988296552128e-12+1.3749383576122653e-12j)
intensity 4.412195770219839e-24
finishing 2
starting: 3
some stuff:
tdelaylist (1+0j)
ESFGt (-3.089504870267524e-26-5.635016326415506e-26j)
ESFGw (-1.5089761037923033e-12-3.7749794609687193e-13j)
intensity 2.419513581123556e-24
finishing 3
starting: 4
some stuff:
tdelaylist (1+0j)
ESFGt (2.0526271093465412e-26-1.986123906105223e-25j)
ESFGw (-3.968049847036248e-14+2.7485305698071727e-13j)
intensity 7.711874489050185e-26
finishing 4
starting: 5
some stuff:
tdelaylist (1+0j)
ESFGt (1.0861328194989937e-25-5.722405444269456e-26j)
ESFGw (-1.7361771742496757e-12-2.239968627248956e-12j)
intensity 8.03177063144516e-24
finishing 5
starting: 6
some stuff:
tdelaylist (1+0j)
ESFGt (1.473127272923424e-25+1.729501127243693e-25j)
ESFGw (1.0161056024360349e-12+1.1287550755190168e-12j)
intensity 2.3065586158118382e-24
finishing 6
starting: 7
some stuff:
tdelaylist (1+0j)
ESFGt (6.916797323520594e-27+1.824917564014214e-25j)
ESFGw (4.937437177859882e-13-4.4298592571934137e-13j)
intensity 4.400193892385514e-25
finishing 7
starting: 8
some stuff:
tdelaylist (1+0j)
ESFGt (-1.6655984632344901e-25+5.245625891042798e-26j)
ESFGw (9.24697818316389e-13+2.889136846428997e-12j)
intensity 9.202177772592777e-24
finishing 8
starting: 9
some stuff:
tdelaylist (1+0j)
ESFGt (-1.1866975675284429e-25-7.53989311260166e-26j)
ESFGw (5.067534933345108e-13-2.0537720829549855e-12j)
intensity 4.47477887173199e-24
finishing 9
starting: 10
some stuff:
tdelaylist (1+0j)
ESFGt (6.158341581627672e-26-1.3884113269730192e-25j)
ESFGw (-8.181985904770483e-13+5.071632133354931e-13j)
intensity 9.266634584194117e-25
finishing 10
Top-level running in PID 254817 (name=__main__)
MID-level running in PID 254817 (name=__main__)
/lustre06/project/6067427/ncosta/CPI_Project/two_interfaces/interfaces_jul21.py:382: RuntimeWarning: divide by zero encountered in divide
  waveList = 2 * np.pi * c / freqList * 1e-6
starting: 1
some stuff:
tdelaylist (1+0j)
ESFGt (2.2152481781435972e-27-1.1932163258895443e-26j)
ESFGw (4.9236656418649716e-14-1.824408679684808e-14j)
intensity 2.7570950383390867e-27
finishing 1
starting: 2
some stuff:
tdelaylist (1+0j)
ESFGt (1.7918554342466615e-26-2.5481397452811883e-26j)
ESFGw (3.1481761642027095e-14-1.1666882737682016e-14j)
intensity 1.127217468900231e-27
finishing 2
starting: 3
some stuff:
tdelaylist (1+0j)
ESFGt (1.0399849685559017e-26-9.582197897117553e-27j)
ESFGw (-7.306351704206016e-14+2.708120186434293e-14j)
intensity 6.071669016972707e-27
finishing 3
starting: 4
some stuff:
tdelaylist (1+0j)
ESFGt (-1.9242295268462516e-26+2.3897468876468026e-26j)
ESFGw (-4.1988981736018616e-15+1.5794657248768829e-15j)
intensity 2.012545784833791e-29
finishing 4
starting: 5
some stuff:
tdelaylist (1+0j)
ESFGt (-2.076243094978092e-26+2.910518539459055e-26j)
ESFGw (7.539108226595204e-15-2.7903027111086942e-15j)
intensity 6.462394207193602e-29
finishing 5
starting: 6
some stuff:
tdelaylist (1+0j)
ESFGt (3.6174323406125824e-28+7.625727470488948e-27j)
ESFGw (8.479892135704326e-14-3.1416709511677965e-14j)
intensity 8.177866699859163e-27
finishing 6
starting: 7
some stuff:
tdelaylist (1+0j)
ESFGt (6.646410099708385e-27-7.802254742517582e-27j)
ESFGw (-7.328751321089566e-14+2.7156228654678927e-14j)
intensity 6.1085203473824115e-27
finishing 7
starting: 8
some stuff:
tdelaylist (1+0j)
ESFGt (3.424605362236576e-27-1.523379379174357e-26j)
ESFGw (-4.367166350771612e-15+1.609823385706477e-15j)
intensity 2.1663673268479305e-29
finishing 8
starting: 9
some stuff:
tdelaylist (1+0j)
ESFGt (9.890481961194177e-27-1.5401028606156454e-26j)
ESFGw (-4.000445807950115e-14+1.4798058611820153e-14j)
intensity 1.819339204913429e-27
finishing 9
starting: 10
some stuff:
tdelaylist (1+0j)
ESFGt (1.758619834530066e-27+2.6942266965158665e-27j)
ESFGw (1.1216483471188088e-13-4.156223976092832e-14j)
intensity 1.4308369919888446e-26
finishing 10
MID-level running in PID 254817 (name=__main__)
/lustre06/project/6067427/ncosta/CPI_Project/two_interfaces/interfaces_jul21.py:382: RuntimeWarning: divide by zero encountered in divide
  waveList = 2 * np.pi * c / freqList * 1e-6
starting: 1
some stuff:
tdelaylist (1+0j)
ESFGt (1.9101011023325094e-28+4.0183527708848256e-29j)
ESFGw (7.19684728478498e-14-4.333117198385139e-12j)
intensity 1.878108411602513e-23
finishing 1
starting: 2
some stuff:
tdelaylist (1+0j)
ESFGt (2.406214938402139e-28-3.2607339100171436e-29j)
ESFGw (1.526053589051557e-13+8.816003482792212e-13j)
intensity 8.005075696526156e-25
finishing 2
starting: 3
some stuff:
tdelaylist (1+0j)
ESFGt (-1.4152997875199798e-29-3.006592181832642e-28j)
ESFGw (2.3489977324375744e-12+9.640899190088703e-14j)
intensity 5.527085040716212e-24
finishing 3
starting: 4
some stuff:
tdelaylist (1+0j)
ESFGt (-1.9925490799161333e-28-6.186978235546222e-28j)
ESFGw (-1.878027247603775e-12+5.0019120789723814e-12j)
intensity 2.854611078851203e-23
finishing 4
starting: 5
some stuff:
tdelaylist (1+0j)
ESFGt (-6.610383717363254e-29-6.00839887538173e-28j)
ESFGw (-1.5575665757161516e-12-5.014377801870751e-12j)
intensity 2.7569998377682275e-23
finishing 5
starting: 6
some stuff:
tdelaylist (1+0j)
ESFGt (1.9222580686702954e-28-4.740655515819906e-28j)
ESFGw (-4.498276751085939e-13+6.52216128327332e-13j)
intensity 6.277308153438975e-25
finishing 6
starting: 7
some stuff:
tdelaylist (1+0j)
ESFGt (3.1705419261135794e-28-6.800300045337472e-28j)
ESFGw (9.09816926658591e-13-2.1836239413874914e-12j)
intensity 5.595980357435126e-24
finishing 7
starting: 8
some stuff:
tdelaylist (1+0j)
ESFGt (1.2071035030017746e-28-8.975634509529633e-28j)
ESFGw (3.693748432120891e-12+5.451614853990705e-12j)
intensity 4.3363881996047627e-23
finishing 8
starting: 9
some stuff:
tdelaylist (1+0j)
ESFGt (2.7566510780088263e-28-9.350860496216348e-28j)
ESFGw (-2.118567474229671e-12-2.3816747185545495e-12j)
intensity 1.0160702607865781e-23
finishing 9
starting: 10
some stuff:
tdelaylist (1+0j)
ESFGt (5.516832938558257e-28-8.236697477572224e-28j)
ESFGw (3.1740452280382137e-13+1.2765049434149134e-13j)
intensity 1.1704027980194865e-25
finishing 10
MID-level running in PID 254817 (name=__main__)
/lustre06/project/6067427/ncosta/CPI_Project/two_interfaces/interfaces_jul21.py:382: RuntimeWarning: divide by zero encountered in divide
  waveList = 2 * np.pi * c / freqList * 1e-6
starting: 1
some stuff:
tdelaylist (1+0j)
ESFGt (1.4113224412582663e-28+1.410046113942426e-27j)
ESFGw (1.8192738981959167e-13+7.092021414578653e-12j)
intensity 5.032986532000877e-23
finishing 1
starting: 2
some stuff:
tdelaylist (1+0j)
ESFGt (-5.577918930019077e-29+8.554770540538627e-28j)
ESFGw (3.8882091990544154e-13+3.1115873766474067e-12j)
intensity 9.833157710267603e-24
finishing 2
starting: 3
some stuff:
tdelaylist (1+0j)
ESFGt (-3.6426526264524124e-28-7.811196185248015e-28j)
ESFGw (2.3769493318059887e-12-4.627666305712097e-12j)
intensity 2.7065183562995984e-23
finishing 3
starting: 4
some stuff:
tdelaylist (1+0j)
ESFGt (-3.836476993541419e-28-1.2903015832789632e-27j)
ESFGw (4.728110264418106e-13-6.7750145771316994e-12j)
intensity 4.612437278707199e-23
finishing 4
starting: 5
some stuff:
tdelaylist (1+0j)
ESFGt (-1.830651914281336e-28+3.2747452572495665e-28j)
ESFGw (-3.3241569219466527e-12+9.101192022242799e-13j)
intensity 1.1878336203983203e-23
finishing 5
starting: 6
some stuff:
tdelaylist (1+0j)
ESFGt (-1.1600034793801457e-28+1.9876909216314165e-27j)
ESFGw (6.769584892651892e-13+5.88263812661971e-12j)
intensity 3.506370412494807e-23
finishing 6
starting: 7
some stuff:
tdelaylist (1+0j)
ESFGt (-4.453732218079108e-28+1.2157050183447075e-27j)
ESFGw (-3.283609495419171e-12+5.276230841122498e-12j)
intensity 3.862070320721916e-23
finishing 7
starting: 8
some stuff:
tdelaylist (1+0j)
ESFGt (-7.682357904273597e-28-8.323898183822438e-28j)
ESFGw (2.978568780509505e-12-8.776382398600902e-13j)
intensity 9.6421208602906e-24
finishing 8
starting: 9
some stuff:
tdelaylist (1+0j)
ESFGt (-7.50353395476775e-28-1.1170636887227153e-27j)
ESFGw (1.9733173428626571e-13-8.918144001057726e-12j)
intensity 7.957223223695832e-23
finishing 9
starting: 10
some stuff:
tdelaylist (1+0j)
ESFGt (-5.627181472041699e-28+6.231275805403852e-28j)
ESFGw (1.1067357967575742e-12-1.1346834929981675e-12j)
intensity 2.512370753107145e-24
finishing 10
MID-level running in PID 254817 (name=__main__)
/lustre06/project/6067427/ncosta/CPI_Project/two_interfaces/interfaces_jul21.py:382: RuntimeWarning: divide by zero encountered in divide
  waveList = 2 * np.pi * c / freqList * 1e-6
starting: 1
some stuff:
tdelaylist (1+0j)
ESFGt (1.4095652558789283e-28+1.1046672765366555e-27j)
ESFGw (-1.780509767401739e-12+4.092684524614754e-12j)
intensity 1.9920281649834095e-23
finishing 1
starting: 2
some stuff:
tdelaylist (1+0j)
ESFGt (8.346339706341218e-29+9.695169843597905e-28j)
ESFGw (1.9877086088193607e-12+1.1398139376783689e-11j)
intensity 1.3386856676616144e-22
finishing 2
starting: 3
some stuff:
tdelaylist (1+0j)
ESFGt (-9.125448484732892e-29+2.281190893974105e-29j)
ESFGw (4.31643436271667e-13-4.883024540269787e-12j)
intensity 2.4030244716953386e-23
finishing 3
starting: 4
some stuff:
tdelaylist (1+0j)
ESFGt (-1.6580776036834438e-28-2.8948610036818986e-28j)
ESFGw (5.878466116659986e-12-3.114314361951642e-13j)
intensity 3.4653353424170126e-23
finishing 4
starting: 5
some stuff:
tdelaylist (1+0j)
ESFGt (2.966867394085586e-29+5.299932676967128e-28j)
ESFGw (-5.677291969874432e-12-1.5553051901928683e-11j)
intensity 2.7412906757528808e-22
finishing 5
starting: 6
some stuff:
tdelaylist (1+0j)
ESFGt (1.62383596105755e-28+1.4861622913934247e-27j)
ESFGw (2.039304489165339e-12+4.904396333493821e-12j)
intensity 2.8211866195517546e-23
finishing 6
starting: 7
some stuff:
tdelaylist (1+0j)
ESFGt (1.105807269077292e-28+1.4895518092295574e-27j)
ESFGw (-4.492345731521574e-12-1.6518036938251157e-12j)
intensity 2.2909625614454408e-23
finishing 7
starting: 8
some stuff:
tdelaylist (1+0j)
ESFGt (-9.681162705575654e-29+5.504087201894777e-28j)
ESFGw (-1.9743928714177628e-13+1.7791719486570656e-11j)
intensity 3.16584264560925e-22
finishing 8
starting: 9
some stuff:
tdelaylist (1+0j)
ESFGt (-2.777828167804003e-28-5.0089789730304115e-29j)
ESFGw (1.6178516859532976e-12-1.2610641697552438e-12j)
intensity 4.207726917982409e-24
finishing 9
starting: 10
some stuff:
tdelaylist (1+0j)
ESFGt (-9.594209451230639e-29+4.992951292814859e-28j)
ESFGw (-1.4216002507116965e-12+1.1081782193278489e-12j)
intensity 3.2490062386162e-24
finishing 10
MID-level running in PID 254817 (name=__main__)
/lustre06/project/6067427/ncosta/CPI_Project/two_interfaces/interfaces_jul21.py:382: RuntimeWarning: divide by zero encountered in divide
  waveList = 2 * np.pi * c / freqList * 1e-6
starting: 1
some stuff:
tdelaylist (1+0j)
ESFGt (3.51581740663906e-21-4.452289126904186e-22j)
ESFGw (-1.0281470119721803e-10-3.28929106174769e-10j)
intensity 1.1876521967120569e-19
finishing 1
starting: 2
some stuff:
tdelaylist (1+0j)
ESFGt (3.912804992298177e-21+1.962857079501779e-21j)
ESFGw (3.341732446315859e-11+9.259382149906514e-11j)
intensity 9.690333354076755e-21
finishing 2
starting: 3
some stuff:
tdelaylist (1+0j)
ESFGt (1.675604818376368e-21+1.8672954908419707e-21j)
ESFGw (-2.9032887205460156e-12+1.0358372493080026e-10j)
intensity 1.0738017155934542e-20
finishing 3
starting: 4
some stuff:
tdelaylist (1+0j)
ESFGt (9.486183925681445e-22-1.1583759955147655e-21j)
ESFGw (-4.377470608218914e-11-4.4946421584590723e-11j)
intensity 3.93640570584181e-21
finishing 4
starting: 5
some stuff:
tdelaylist (1+0j)
ESFGt (9.514228767299094e-22-1.553646975607504e-21j)
ESFGw (-2.4406990317693555e-11-9.113485660572351e-11j)
intensity 8.901263264913774e-21
finishing 5
starting: 6
some stuff:
tdelaylist (1+0j)
ESFGt (-7.380494586797226e-22-2.2528584968629338e-22j)
ESFGw (-7.400996482331834e-12-6.694439447230138e-11j)
intensity 4.536326700194583e-21
finishing 6
starting: 7
some stuff:
tdelaylist (1+0j)
ESFGt (2.6461268784868023e-23-9.046992242487892e-23j)
ESFGw (4.3847009356667854e-12-2.4909622975410883e-12j)
intensity 2.543049546300836e-23
finishing 7
starting: 8
some stuff:
tdelaylist (1+0j)
ESFGt (6.903410727162813e-22+4.410501111501423e-22j)
ESFGw (8.90647451623483e-12+4.655812887999211e-11j)
intensity 2.246984653114296e-21
finishing 8
starting: 9
some stuff:
tdelaylist (1+0j)
ESFGt (5.82548895110897e-22+8.3105922360366885e-22j)
ESFGw (5.15267516154605e-12+4.284543032861965e-11j)
intensity 1.8622809613650144e-21
finishing 9
starting: 10
some stuff:
tdelaylist (1+0j)
ESFGt (9.269278443242926e-22+2.5511552748638233e-21j)
ESFGw (-1.99239583165145e-12+7.719797023852948e-13j)
intensity 4.5655938108769624e-24
finishing 10
MID-level running in PID 254817 (name=__main__)
/lustre06/project/6067427/ncosta/CPI_Project/two_interfaces/interfaces_jul21.py:382: RuntimeWarning: divide by zero encountered in divide
  waveList = 2 * np.pi * c / freqList * 1e-6
starting: 1
some stuff:
tdelaylist (1+0j)
ESFGt (-6.181368589468132e-23+2.531927839639878e-24j)
ESFGw (3.9956753183911786e-14-1.4528742792174754e-14j)
intensity 1.807626492121215e-27
finishing 1
starting: 2
some stuff:
tdelaylist (1+0j)
ESFGt (-3.3098685510821056e-23+5.9074662101368695e-24j)
ESFGw (1.2435798918408736e-15-6.509549843602969e-16j)
intensity 1.9702333390544735e-30
finishing 2
starting: 3
some stuff:
tdelaylist (1+0j)
ESFGt (3.7936702353960815e-23-4.859410411867872e-24j)
ESFGw (-1.8556120182089408e-14+6.880346986593011e-15j)
intensity 3.916687708680655e-28
finishing 3
starting: 4
some stuff:
tdelaylist (1+0j)
ESFGt (4.7248731348834797e-23-8.549654123668802e-24j)
ESFGw (-3.764241522652423e-14+1.385436904088877e-14j)
intensity 1.6088949656072008e-27
finishing 4
starting: 5
some stuff:
tdelaylist (1+0j)
ESFGt (-1.926162416232328e-23+2.705303788885533e-24j)
ESFGw (4.7523183305253625e-14-1.732945384413931e-14j)
intensity 2.558762922000891e-27
finishing 5
starting: 6
some stuff:
tdelaylist (1+0j)
ESFGt (-6.980848337451791e-23+2.5519318362804255e-24j)
ESFGw (2.9173712057239953e-15-1.2117043479697998e-15j)
intensity 9.979282178876394e-30
finishing 6
starting: 7
some stuff:
tdelaylist (1+0j)
ESFGt (-2.9430353527697193e-23-1.5952700613820889e-24j)
ESFGw (9.955686448848144e-15-3.885346905319054e-15j)
intensity 1.1421161324245092e-28
finishing 7
starting: 8
some stuff:
tdelaylist (1+0j)
ESFGt (4.1262059357878905e-23-4.047794589092243e-24j)
ESFGw (-6.310208432169784e-14+2.3629535828018078e-14j)
intensity 4.5402280091902526e-27
finishing 8
starting: 9
some stuff:
tdelaylist (1+0j)
ESFGt (3.273598727962878e-23-9.576608703482445e-24j)
ESFGw (4.004912720900755e-14-1.488349374301201e-14j)
intensity 1.825450976201547e-27
finishing 9
starting: 10
some stuff:
tdelaylist (1+0j)
ESFGt (-4.063945129475395e-23-1.9264942406132246e-24j)
ESFGw (1.3491811834409617e-15-4.833373284940379e-16j)
intensity 2.0539048388669078e-30
finishing 10
MID-level running in PID 254817 (name=__main__)
/lustre06/project/6067427/ncosta/CPI_Project/two_interfaces/interfaces_jul21.py:382: RuntimeWarning: divide by zero encountered in divide
  waveList = 2 * np.pi * c / freqList * 1e-6
starting: 1
some stuff:
tdelaylist (1+0j)
ESFGt (9.095888094804321e-27+3.2665870420022716e-25j)
ESFGw (2.0242869880338077e-12+2.4239343171528205e-12j)
intensity 9.973195383794095e-24
finishing 1
starting: 2
some stuff:
tdelaylist (1+0j)
ESFGt (-3.5792326446153457e-26+7.66601483676081e-27j)
ESFGw (-1.1447266745623352e-12-1.4157702787898074e-12j)
intensity 3.3148046417591116e-24
finishing 2
starting: 3
some stuff:
tdelaylist (1+0j)
ESFGt (-4.67757422021358e-25-4.293289646779006e-25j)
ESFGw (-9.802449650597733e-13+1.7489568820971968e-13j)
intensity 9.914686932793877e-25
finishing 3
starting: 4
some stuff:
tdelaylist (1+0j)
ESFGt (-9.163604450804907e-25-3.7584678165215956e-25j)
ESFGw (-2.1866883304078044e-13-1.895237439208941e-12j)
intensity 3.63974100952268e-24
finishing 4
starting: 5
some stuff:
tdelaylist (1+0j)
ESFGt (-8.782272950430194e-25-1.4768844923745483e-25j)
ESFGw (2.139665181144501e-12+3.553816962931222e-12j)
intensity 1.7207782093419824e-23
finishing 5
starting: 6
some stuff:
tdelaylist (1+0j)
ESFGt (-4.47034063757289e-25-8.803925698767847e-26j)
ESFGw (2.78090918348628e-13-1.947227101783966e-12j)
intensity 3.869027944789968e-24
finishing 6
starting: 7
some stuff:
tdelaylist (1+0j)
ESFGt (9.723450472260148e-26-2.4770233353055208e-25j)
ESFGw (-1.824043520393115e-12+1.3465704246096166e-13j)
intensity 3.345267283372442e-24
finishing 7
starting: 8
some stuff:
tdelaylist (1+0j)
ESFGt (4.454902519391642e-25-5.653731591328071e-25j)
ESFGw (-4.889196686397312e-13-1.802197280298401e-12j)
intensity 3.486957479497738e-24
finishing 8
starting: 9
some stuff:
tdelaylist (1+0j)
ESFGt (4.0604543555248655e-25-6.846788079191193e-25j)
ESFGw (-4.4951715960639405e-13+3.242617979681839e-12j)
intensity 1.0716637038936534e-23
finishing 9
starting: 10
some stuff:
tdelaylist (1+0j)
ESFGt (3.38972287511823e-25-4.398197689341594e-25j)
ESFGw (2.949185166911672e-12-4.914992024485088e-13j)
intensity 8.939264614739345e-24
finishing 10
MID-level running in PID 254817 (name=__main__)
/lustre06/project/6067427/ncosta/CPI_Project/two_interfaces/interfaces_jul21.py:382: RuntimeWarning: divide by zero encountered in divide
  waveList = 2 * np.pi * c / freqList * 1e-6
starting: 1
some stuff:
tdelaylist (1+0j)
ESFGt (-1.8565791209658066e-25-7.355458214978074e-26j)
ESFGw (3.659421290297393e-12+5.039710836152178e-12j)
intensity 3.8790049491911525e-23
finishing 1
starting: 2
some stuff:
tdelaylist (1+0j)
ESFGt (-1.1912054735105876e-25+2.371656878692356e-25j)
ESFGw (1.0231789374093303e-12-8.46009026722605e-13j)
intensity 1.7626264112542153e-24
finishing 2
starting: 3
some stuff:
tdelaylist (1+0j)
ESFGt (4.231679774094915e-25+4.105909168560061e-25j)
ESFGw (-3.813972141580857e-12-4.672785595960516e-13j)
intensity 1.476473274901303e-23
finishing 3
starting: 4
some stuff:
tdelaylist (1+0j)
ESFGt (9.723380362649544e-25+3.4388617136658206e-27j)
ESFGw (-8.926978080359138e-13-5.711801691343776e-12j)
intensity 3.3421587937709744e-23
finishing 4
starting: 5
some stuff:
tdelaylist (1+0j)
ESFGt (8.61003007403743e-25-1.3910166447673027e-25j)
ESFGw (-3.4641213508823654e-13+6.056362009121408e-12j)
intensity 3.679952215286548e-23
finishing 5
starting: 6
some stuff:
tdelaylist (1+0j)
ESFGt (2.8589845183037525e-25+2.891053898003981e-25j)
ESFGw (4.905760693507677e-12-8.412775684418783e-13j)
intensity 2.4774235929128397e-23
finishing 6
starting: 7
some stuff:
tdelaylist (1+0j)
ESFGt (-1.356993552830923e-25+6.575397424208528e-25j)
ESFGw (-7.721024340712201e-13+3.3600583253245997e-12j)
intensity 1.1886134118281853e-23
finishing 7
starting: 8
some stuff:
tdelaylist (1+0j)
ESFGt (-5.182498621780588e-25+6.082012177412335e-25j)
ESFGw (-1.7787312421579937e-13-7.408855647039747e-12j)
intensity 5.492278084699104e-23
finishing 8
starting: 9
some stuff:
tdelaylist (1+0j)
ESFGt (-5.751789967194231e-25+5.167657899801e-25j)
ESFGw (-2.9148254990229994e-12+1.706910654486471e-12j)
intensity 1.1409751672154108e-23
finishing 9
starting: 10
some stuff:
tdelaylist (1+0j)
ESFGt (-2.8155112894971682e-25+5.131161034989032e-25j)
ESFGw (-1.6041139770661683e-12-1.4206084225643067e-14j)
intensity 2.5733834642480653e-24
finishing 10
MID-level running in PID 254817 (name=__main__)
/lustre06/project/6067427/ncosta/CPI_Project/two_interfaces/interfaces_jul21.py:382: RuntimeWarning: divide by zero encountered in divide
  waveList = 2 * np.pi * c / freqList * 1e-6
starting: 1
some stuff:
tdelaylist (1+0j)
ESFGt (-7.681023464426981e-25+9.75464239113206e-25j)
ESFGw (4.432731959269631e-12-3.101685575046531e-13j)
intensity 1.9745317156794904e-23
finishing 1
starting: 2
some stuff:
tdelaylist (1+0j)
ESFGt (-5.945800480334628e-25+8.542741562535805e-25j)
ESFGw (6.302958155401939e-12+5.2265206051949065e-12j)
intensity 6.704379914527475e-23
finishing 2
starting: 3
some stuff:
tdelaylist (1+0j)
ESFGt (-1.7332419855320707e-26-1.5816625493117857e-25j)
ESFGw (-6.353436873829388e-12-3.624670008584019e-13j)
intensity 4.049754243644623e-23
finishing 3
starting: 4
some stuff:
tdelaylist (1+0j)
ESFGt (1.0347296789352512e-25-7.207869699787751e-25j)
ESFGw (-7.121213341232391e-14+5.862602070472178e-13j)
intensity 3.487721983121813e-25
finishing 4
starting: 5
some stuff:
tdelaylist (1+0j)
ESFGt (3.5304603505264603e-25-1.5343397835551592e-25j)
ESFGw (-6.856321066450732e-12-8.903967840812044e-12j)
intensity 1.262897818764712e-22
finishing 5
starting: 6
some stuff:
tdelaylist (1+0j)
ESFGt (5.425310134809581e-25+6.575236507690004e-25j)
ESFGw (4.705381917435858e-12+3.877308196731377e-12j)
intensity 3.7174137841372675e-23
finishing 6
starting: 7
some stuff:
tdelaylist (1+0j)
ESFGt (7.59239357694331e-26+6.921481055716716e-25j)
ESFGw (1.898993115534431e-12-1.8599635720484287e-12j)
intensity 7.065639342194314e-24
finishing 7
starting: 8
some stuff:
tdelaylist (1+0j)
ESFGt (-5.211848771839585e-25+1.8983638985550714e-25j)
ESFGw (3.2284522277770122e-12+1.1493500595705086e-11j)
intensity 1.4252345973051155e-22
finishing 8
starting: 9
some stuff:
tdelaylist (1+0j)
ESFGt (-3.873862230294928e-25-2.3661098453378853e-25j)
ESFGw (1.5279409681934197e-12-7.403869184408052e-12j)
intensity 5.715188250211101e-23
finishing 9
starting: 10
some stuff:
tdelaylist (1+0j)
ESFGt (2.0211202671461165e-25-4.7860326453694e-25j)
ESFGw (-3.764690382351832e-12+2.0309630713311044e-12j)
intensity 1.8297704672083052e-23
finishing 10
MID-level running in PID 254817 (name=__main__)
/lustre06/project/6067427/ncosta/CPI_Project/two_interfaces/interfaces_jul21.py:382: RuntimeWarning: divide by zero encountered in divide
  waveList = 2 * np.pi * c / freqList * 1e-6
starting: 1
some stuff:
tdelaylist (1+0j)
ESFGt (3.537357532274568e-27-4.939306140345818e-27j)
ESFGw (1.3079815008865125e-14-6.391588647236546e-15j)
intensity 2.1193396610161645e-28
finishing 1
starting: 2
some stuff:
tdelaylist (1+0j)
ESFGt (5.909757071330218e-27-1.1110385565028129e-26j)
ESFGw (8.2947971408176e-15-3.318309169109135e-15j)
intensity 7.981483534910958e-29
finishing 2
starting: 3
some stuff:
tdelaylist (1+0j)
ESFGt (9.616831913363062e-28-4.3248092108573056e-27j)
ESFGw (-2.050356412430787e-14+4.913062144618063e-15j)
intensity 4.445343214364838e-28
finishing 3
starting: 4
some stuff:
tdelaylist (1+0j)
ESFGt (-8.369274889091411e-27+8.295560780743775e-27j)
ESFGw (-4.839336396889049e-16+3.614946883501169e-15j)
intensity 1.3302032738157364e-29
finishing 4
starting: 5
some stuff:
tdelaylist (1+0j)
ESFGt (-7.95789619617041e-27+1.1679797139378141e-26j)
ESFGw (2.605337820482667e-15-9.95297594341693e-16j)
intensity 7.778402460139736e-30
finishing 5
starting: 6
some stuff:
tdelaylist (1+0j)
ESFGt (5.473488011892025e-28+5.339381752796317e-27j)
ESFGw (2.2551405187698492e-14-8.342285195972465e-15j)
intensity 5.781595982306957e-28
finishing 6
starting: 7
some stuff:
tdelaylist (1+0j)
ESFGt (4.3082607443265425e-27-1.7295359601890267e-27j)
ESFGw (-2.0313882954231532e-14+4.4748276264994225e-15j)
intensity 4.326779229651009e-28
finishing 7
starting: 8
some stuff:
tdelaylist (1+0j)
ESFGt (2.6925644399225608e-27-7.360848526758837e-27j)
ESFGw (-1.4118480690106239e-15+2.274222477005594e-15j)
intensity 7.165402844886486e-30
finishing 8
starting: 9
some stuff:
tdelaylist (1+0j)
ESFGt (2.0645568569329572e-27-8.195479569001432e-27j)
ESFGw (-9.656988750328388e-15+4.930951480464074e-15j)
intensity 1.1757171422665989e-28
finishing 9
starting: 10
some stuff:
tdelaylist (1+0j)
ESFGt (-1.7781588971155357e-27-1.812343538985923e-28j)
ESFGw (2.991270425800607e-14-1.0699394929064576e-14j)
intensity 1.0092469278750274e-27
finishing 10
MID-level running in PID 254817 (name=__main__)
/lustre06/project/6067427/ncosta/CPI_Project/two_interfaces/interfaces_jul21.py:382: RuntimeWarning: divide by zero encountered in divide
  waveList = 2 * np.pi * c / freqList * 1e-6
starting: 1
some stuff:
tdelaylist (1+0j)
ESFGt (2.763700207300199e-29-1.3260102710665475e-29j)
ESFGw (-7.547391531192993e-14-1.1052174800352255e-12j)
intensity 1.227201990067926e-24
finishing 1
starting: 2
some stuff:
tdelaylist (1+0j)
ESFGt (1.1330324479892292e-29-2.7780060017615706e-29j)
ESFGw (6.831557888831163e-14+2.664431175691817e-13j)
intensity 7.56589532188299e-26
finishing 2
starting: 3
some stuff:
tdelaylist (1+0j)
ESFGt (-3.288553535481896e-29-8.904120972874194e-29j)
ESFGw (4.803377747636395e-13-5.6366153064479896e-14j)
intensity 2.3390152107617323e-25
finishing 3
starting: 4
some stuff:
tdelaylist (1+0j)
ESFGt (-7.788891612523084e-29-1.7867746109255939e-28j)
ESFGw (-3.4935032297567226e-13+1.3008101540368244e-12j)
intensity 1.8141527050085134e-24
finishing 4
starting: 5
some stuff:
tdelaylist (1+0j)
ESFGt (-5.15827876443513e-29-1.8497384057112873e-28j)
ESFGw (-4.380246165780477e-13-1.3512403002069462e-12j)
intensity 2.0177159136317038e-24
finishing 5
starting: 6
some stuff:
tdelaylist (1+0j)
ESFGt (-5.111545966189093e-31-1.4441896545117774e-28j)
ESFGw (-9.056384114858318e-14+3.210279264642679e-13j)
intensity 1.1126073889353324e-25
finishing 6
starting: 7
some stuff:
tdelaylist (1+0j)
ESFGt (6.999505035632339e-29-1.776784635509707e-28j)
ESFGw (1.268089366152081e-13-6.107735844862461e-13j)
intensity 3.8912487791165735e-25
finishing 7
starting: 8
some stuff:
tdelaylist (1+0j)
ESFGt (-1.1649280672016161e-30-2.5221827148022855e-28j)
ESFGw (1.031881177726568e-12+1.4456257371731063e-12j)
intensity 3.1546125369236562e-24
finishing 8
starting: 9
some stuff:
tdelaylist (1+0j)
ESFGt (4.5225439388035034e-29-2.7516193965394253e-28j)
ESFGw (-5.052824478268825e-13-7.491802317405316e-13j)
intensity 8.165813717127227e-25
finishing 9
starting: 10
some stuff:
tdelaylist (1+0j)
ESFGt (1.3476613357005013e-28-2.250406982087087e-28j)
ESFGw (1.0274604517884756e-13+3.7874434491436126e-14j)
intensity 1.1991222587939868e-26
finishing 10
MID-level running in PID 254817 (name=__main__)
/lustre06/project/6067427/ncosta/CPI_Project/two_interfaces/interfaces_jul21.py:382: RuntimeWarning: divide by zero encountered in divide
  waveList = 2 * np.pi * c / freqList * 1e-6
starting: 1
some stuff:
tdelaylist (1+0j)
ESFGt (5.47563625132804e-29+3.808491106155686e-28j)
ESFGw (1.8894261155644188e-13+1.814463509997033e-12j)
intensity 3.32797713957252e-24
finishing 1
starting: 2
some stuff:
tdelaylist (1+0j)
ESFGt (-3.852844106684528e-29+2.519182326597518e-28j)
ESFGw (1.0528904137441231e-13+9.140535550677953e-13j)
intensity 8.465796837656181e-25
finishing 2
starting: 3
some stuff:
tdelaylist (1+0j)
ESFGt (-1.0952010807147944e-28-1.7251404159193246e-28j)
ESFGw (9.740073331210297e-13-1.3278943916672503e-12j)
intensity 2.711993800394877e-24
finishing 3
starting: 4
some stuff:
tdelaylist (1+0j)
ESFGt (-6.621272810540571e-29-3.1656536027630296e-28j)
ESFGw (-1.2589668890727879e-13-1.7368459101496647e-12j)
intensity 3.0324836918814333e-24
finishing 4
starting: 5
some stuff:
tdelaylist (1+0j)
ESFGt (-2.3173606294539913e-30+9.875982227374157e-29j)
ESFGw (-9.19242112984442e-13+1.128958038165706e-13j)
intensity 8.577515248034909e-25
finishing 5
starting: 6
some stuff:
tdelaylist (1+0j)
ESFGt (-2.988573075948661e-30+5.318082580577723e-28j)
ESFGw (-1.1746940226098346e-13+1.6318422307870506e-12j)
intensity 2.6767081266476104e-24
finishing 6
starting: 7
some stuff:
tdelaylist (1+0j)
ESFGt (-1.4128520885471043e-28+3.168407179471921e-28j)
ESFGw (-5.356493243749427e-13+1.3957398604935722e-12j)
intensity 2.235009956873949e-24
finishing 7
starting: 8
some stuff:
tdelaylist (1+0j)
ESFGt (-2.3084134341363234e-28-2.02968083433036e-28j)
ESFGw (7.859546347077639e-13-1.8230209009040266e-13j)
intensity 6.50958739869944e-25
finishing 8
starting: 9
some stuff:
tdelaylist (1+0j)
ESFGt (-1.561251746328175e-28-2.7968732562070285e-28j)
ESFGw (3.329662934259403e-13-2.293228107408396e-12j)
intensity 5.369761705165703e-24
finishing 9
starting: 10
some stuff:
tdelaylist (1+0j)
ESFGt (-7.866745656620982e-29+1.660889150131345e-28j)
ESFGw (-1.6928949561623163e-14-3.2932098888160954e-13j)
intensity 1.0873890305122116e-25
finishing 10
MID-level running in PID 254817 (name=__main__)
/lustre06/project/6067427/ncosta/CPI_Project/two_interfaces/interfaces_jul21.py:382: RuntimeWarning: divide by zero encountered in divide
  waveList = 2 * np.pi * c / freqList * 1e-6
starting: 1
some stuff:
tdelaylist (1+0j)
ESFGt (7.589181996609341e-29+2.8298823053142064e-28j)
ESFGw (-4.3081814157797105e-13+9.553824745212047e-13j)
intensity 1.0983599437349571e-24
finishing 1
starting: 2
some stuff:
tdelaylist (1+0j)
ESFGt (2.0252537627379313e-29+2.4731755653843006e-28j)
ESFGw (4.590689807459913e-13+3.206473281336386e-12j)
intensity 1.0492215233007293e-23
finishing 2
starting: 3
some stuff:
tdelaylist (1+0j)
ESFGt (-3.25862306070544e-29+7.094123453540196e-30j)
ESFGw (5.090710838984158e-13-1.446283847891805e-12j)
intensity 2.350890337134234e-24
finishing 3
starting: 4
some stuff:
tdelaylist (1+0j)
ESFGt (-2.500378272605832e-29-7.621150308392382e-29j)
ESFGw (1.6408458793082392e-12-1.5686237031520278e-14j)
intensity 2.692621257675038e-24
finishing 4
starting: 5
some stuff:
tdelaylist (1+0j)
ESFGt (5.373770515781262e-29+1.244956760802208e-28j)
ESFGw (-1.5103170450392334e-12-4.233219677574063e-12j)
intensity 2.0201206415136293e-23
finishing 5
starting: 6
some stuff:
tdelaylist (1+0j)
ESFGt (5.863888230398985e-29+3.815672082655029e-28j)
ESFGw (2.372004502537717e-13+1.2848645758456456e-12j)
intensity 1.7071410318636025e-24
finishing 6
starting: 7
some stuff:
tdelaylist (1+0j)
ESFGt (1.9672721371293845e-29+4.058722511945172e-28j)
ESFGw (-1.4880752879919967e-12-3.7099706987064884e-13j)
intensity 2.352006888585071e-24
finishing 7
starting: 8
some stuff:
tdelaylist (1+0j)
ESFGt (-4.4432412789443465e-29+1.4951711567182396e-28j)
ESFGw (7.538240864857215e-14+4.639341862067159e-12j)
intensity 2.1529175420662437e-23
finishing 8
starting: 9
some stuff:
tdelaylist (1+0j)
ESFGt (-8.076042383467094e-29-1.3120228098793334e-29j)
ESFGw (4.4265632825890577e-13-2.574850055392375e-13j)
intensity 2.6224315302519734e-25
finishing 9
starting: 10
some stuff:
tdelaylist (1+0j)
ESFGt (-1.7500009459448651e-29+1.2360991155845812e-28j)
ESFGw (2.1924172546872178e-13+3.0805501378960987e-13j)
intensity 1.4296482570741912e-25
finishing 10
MID-level running in PID 254817 (name=__main__)
/lustre06/project/6067427/ncosta/CPI_Project/two_interfaces/interfaces_jul21.py:382: RuntimeWarning: divide by zero encountered in divide
  waveList = 2 * np.pi * c / freqList * 1e-6
starting: 1
some stuff:
tdelaylist (1+0j)
ESFGt (1.2258287761908397e-21-3.028116850477747e-22j)
ESFGw (-3.5654867946988134e-11-8.671058315812274e-11j)
intensity 8.789994839938883e-21
finishing 1
starting: 2
some stuff:
tdelaylist (1+0j)
ESFGt (1.0909069403105692e-21+2.786109555112778e-22j)
ESFGw (8.374342885808517e-12+2.69475136649433e-11j)
intensity 7.962981114913978e-22
finishing 2
starting: 3
some stuff:
tdelaylist (1+0j)
ESFGt (9.429098117210698e-23+3.693758038042351e-22j)
ESFGw (-6.7127067793215645e-12+3.188690977928843e-11j)
intensity 1.06183544757763e-21
finishing 3
starting: 4
some stuff:
tdelaylist (1+0j)
ESFGt (-2.7856860242506395e-23-3.3295492472304616e-22j)
ESFGw (-1.6434707761359135e-11-1.0672424749502696e-11j)
intensity 3.840002692350759e-22
finishing 4
starting: 5
some stuff:
tdelaylist (1+0j)
ESFGt (6.510515728036547e-22-8.336452715862072e-22j)
ESFGw (-8.017489450118376e-12-2.4732597914134402e-11j)
intensity 6.759815366650048e-22
finishing 5
starting: 6
some stuff:
tdelaylist (1+0j)
ESFGt (-3.38748792516831e-22-9.616014794984452e-23j)
ESFGw (-8.017683739147685e-13-1.8539616022938965e-11j)
intensity 3.44360194803425e-22
finishing 6
starting: 7
some stuff:
tdelaylist (1+0j)
ESFGt (2.1216091118430003e-23+6.2290013243454675e-22j)
ESFGw (3.2598420490748126e-12-1.0110245973748988e-12j)
intensity 1.1648740921413352e-23
finishing 7
starting: 8
some stuff:
tdelaylist (1+0j)
ESFGt (3.161638187088152e-22+1.6210642064215814e-22j)
ESFGw (3.3739712412828027e-12+1.2559195003425394e-11j)
intensity 1.691170610710688e-22
finishing 8
starting: 9
some stuff:
tdelaylist (1+0j)
ESFGt (-2.52222103873248e-22+3.8528867873607505e-22j)
ESFGw (6.51692241837587e-13+1.179734348405459e-11j)
intensity 1.396020160588366e-22
finishing 9
starting: 10
some stuff:
tdelaylist (1+0j)
ESFGt (-3.7826493446565043e-22+9.193617294515098e-22j)
ESFGw (-1.9547957003096528e-12+4.2476742609376394e-13j)
intensity 4.0016535962194285e-24
finishing 10
MID-level running in PID 254817 (name=__main__)
/lustre06/project/6067427/ncosta/CPI_Project/two_interfaces/interfaces_jul21.py:382: RuntimeWarning: divide by zero encountered in divide
  waveList = 2 * np.pi * c / freqList * 1e-6
starting: 1
some stuff:
tdelaylist (1+0j)
ESFGt (-1.6261499696131034e-23+1.9973290038209647e-24j)
ESFGw (1.1289905642308806e-14-2.7574513852823834e-15j)
intensity 1.3506550755443193e-28
finishing 1
starting: 2
some stuff:
tdelaylist (1+0j)
ESFGt (-8.897878500799238e-24+8.089046662801462e-25j)
ESFGw (-2.955535122195485e-16-2.3469724427793714e-15j)
intensity 5.595631525751081e-30
finishing 2
starting: 3
some stuff:
tdelaylist (1+0j)
ESFGt (9.51434370910259e-24-1.7048410430100286e-24j)
ESFGw (-5.1236684166233726e-15+2.401616232272641e-15j)
intensity 3.201973857061929e-29
finishing 3
starting: 4
some stuff:
tdelaylist (1+0j)
ESFGt (1.2300893127030968e-23-5.452392348976386e-25j)
ESFGw (-9.979376266316953e-15+3.764241522652423e-15j)
intensity 1.1375746490559071e-28
finishing 4
starting: 5
some stuff:
tdelaylist (1+0j)
ESFGt (-4.9840499911955845e-24+3.32564011956401e-24j)
ESFGw (1.3250360010597095e-14-2.984483320200848e-15j)
intensity 1.8447918109898771e-28
finishing 5
starting: 6
some stuff:
tdelaylist (1+0j)
ESFGt (-1.8461652195869322e-23+1.646805982669872e-24j)
ESFGw (6.591407107625624e-16-1.95514177764311e-15j)
intensity 4.257045847270036e-30
finishing 6
starting: 7
some stuff:
tdelaylist (1+0j)
ESFGt (-7.918754489204858e-24-1.3593065833750735e-24j)
ESFGw (2.133791190614409e-15-1.2744254436480862e-15j)
intensity 6.177225056561279e-30
finishing 7
starting: 8
some stuff:
tdelaylist (1+0j)
ESFGt (1.0545730052167424e-23-1.2314244893820764e-24j)
ESFGw (-1.6805458934177064e-14+6.1794102820811325e-15j)
intensity 3.2060856142260182e-28
finishing 8
starting: 9
some stuff:
tdelaylist (1+0j)
ESFGt (8.423302853493788e-24-4.3463037476984385e-25j)
ESFGw (1.1013596718650875e-14-2.318891606511997e-15j)
intensity 1.2667657096382912e-28
finishing 9
starting: 10
some stuff:
tdelaylist (1+0j)
ESFGt (-1.0531195138607107e-23+1.896773628574521e-24j)
ESFGw (7.86886831735667e-16-7.062492951570576e-16j)
intensity 1.1179789528688362e-30
finishing 10
MID-level running in PID 254817 (name=__main__)
/lustre06/project/6067427/ncosta/CPI_Project/two_interfaces/interfaces_jul21.py:382: RuntimeWarning: divide by zero encountered in divide
  waveList = 2 * np.pi * c / freqList * 1e-6
starting: 1
some stuff:
tdelaylist (1+0j)
ESFGt (-5.037140972127551e-27+9.143669449825805e-26j)
ESFGw (5.944858320894308e-13+5.699811282677825e-13j)
intensity 6.782918911364772e-25
finishing 1
starting: 2
some stuff:
tdelaylist (1+0j)
ESFGt (-2.3461446484662833e-26+1.1937889289132128e-26j)
ESFGw (-2.8931848236601887e-13-3.880454985116799e-13j)
intensity 2.3428449315375455e-25
finishing 2
starting: 3
some stuff:
tdelaylist (1+0j)
ESFGt (-1.2925494825279352e-25-9.184244997061868e-26j)
ESFGw (-2.6703227302971033e-13+4.645155787796895e-14j)
intensity 7.346398206870405e-26
finishing 3
starting: 4
some stuff:
tdelaylist (1+0j)
ESFGt (-2.315765580205124e-25-8.907940571544442e-26j)
ESFGw (-8.371515286542675e-14-4.133043733645092e-13j)
intensity 1.7782873186151144e-25
finishing 4
starting: 5
some stuff:
tdelaylist (1+0j)
ESFGt (-2.248453547830488e-25-4.77480190410837e-26j)
ESFGw (5.470129557649805e-13+8.864575740119562e-13j)
intensity 1.0850302042979033e-24
finishing 5
starting: 6
some stuff:
tdelaylist (1+0j)
ESFGt (-1.193229552884057e-25-4.133008013463013e-26j)
ESFGw (1.701369080342463e-13-5.36283257385195e-13j)
intensity 3.1654629962712885e-25
finishing 6
starting: 7
some stuff:
tdelaylist (1+0j)
ESFGt (1.9384199809679073e-26-8.279522530129784e-26j)
ESFGw (-5.512272496094317e-13-1.0041013159822754e-14j)
intensity 3.039523026572544e-25
finishing 7
starting: 8
some stuff:
tdelaylist (1+0j)
ESFGt (1.1932093576537775e-25-1.5958757204455216e-25j)
ESFGw (-1.259699809741388e-13-4.0311330662401446e-13j)
intensity 1.783687740839716e-25
finishing 8
starting: 9
some stuff:
tdelaylist (1+0j)
ESFGt (1.1331992686451851e-25-1.8009775832035195e-25j)
ESFGw (-1.9004676304890111e-13+8.748171458072829e-13j)
intensity 8.01422810743766e-25
finishing 9
starting: 10
some stuff:
tdelaylist (1+0j)
ESFGt (8.804551129902953e-26-1.2330503921106992e-25j)
ESFGw (9.099424772701648e-13-1.33266986855618e-13j)
intensity 8.457554017261401e-25
finishing 10
MID-level running in PID 254817 (name=__main__)
/lustre06/project/6067427/ncosta/CPI_Project/two_interfaces/interfaces_jul21.py:382: RuntimeWarning: divide by zero encountered in divide
  waveList = 2 * np.pi * c / freqList * 1e-6
starting: 1
some stuff:
tdelaylist (1+0j)
ESFGt (-2.56872964441642e-26-2.5537589992969107e-26j)
ESFGw (1.1036625172794468e-12+1.2002243816866542e-12j)
intensity 2.6586095184427166e-24
finishing 1
starting: 2
some stuff:
tdelaylist (1+0j)
ESFGt (-8.503969370614895e-27+4.7161163583702925e-26j)
ESFGw (2.625543012169107e-13-2.5117429837406835e-13j)
intensity 1.320232892512058e-25
finishing 2
starting: 3
some stuff:
tdelaylist (1+0j)
ESFGt (1.1997362790181044e-25+8.164622682789519e-26j)
ESFGw (-8.727225756302581e-13-2.2345027304165876e-13j)
intensity 8.115747185371032e-25
finishing 3
starting: 4
some stuff:
tdelaylist (1+0j)
ESFGt (2.501873342380982e-25-9.661662160695696e-27j)
ESFGw (-4.3054839207745665e-13-1.340555704637536e-12j)
intensity 1.982461515156725e-24
finishing 4
starting: 5
some stuff:
tdelaylist (1+0j)
ESFGt (2.3255662099599267e-25-2.5562573275967063e-26j)
ESFGw (-6.201679794703985e-14+1.621418277419906e-12j)
intensity 2.632843313578938e-24
finishing 5
starting: 6
some stuff:
tdelaylist (1+0j)
ESFGt (8.854338346821355e-26+8.823873055689744e-26j)
ESFGw (1.2556660355586557e-12-2.2996253339069295e-13j)
intensity 1.629579959619057e-24
finishing 6
starting: 7
some stuff:
tdelaylist (1+0j)
ESFGt (-3.433342666520964e-26+1.828883679689563e-25j)
ESFGw (1.873024305099058e-14+8.11063347559704e-13j)
intensity 6.581745757595023e-25
finishing 7
starting: 8
some stuff:
tdelaylist (1+0j)
ESFGt (-1.5218038099312861e-25+1.7197023844716653e-25j)
ESFGw (-1.6315215237844294e-13-2.0386874697089774e-12j)
intensity 4.182865223974113e-24
finishing 8
starting: 9
some stuff:
tdelaylist (1+0j)
ESFGt (-1.644215752508399e-25+1.37547507974234e-25j)
ESFGw (-7.651884768172801e-13+5.328619490096997e-13j)
intensity 8.694552617563654e-25
finishing 9
starting: 10
some stuff:
tdelaylist (1+0j)
ESFGt (-7.680991971174548e-26+1.4092771821688299e-25j)
ESFGw (-6.399218177924326e-13-3.789720273705832e-15j)
intensity 4.0951429486652428e-25
finishing 10
MID-level running in PID 254817 (name=__main__)
/lustre06/project/6067427/ncosta/CPI_Project/two_interfaces/interfaces_jul21.py:382: RuntimeWarning: divide by zero encountered in divide
  waveList = 2 * np.pi * c / freqList * 1e-6
starting: 1
some stuff:
tdelaylist (1+0j)
ESFGt (-1.9650712557196993e-25+2.616843783600655e-25j)
ESFGw (1.2164401430592164e-12-2.4177361501731554e-13j)
intensity 1.5381811025644684e-24
finishing 1
starting: 2
some stuff:
tdelaylist (1+0j)
ESFGt (-1.8004157536467167e-25+2.0980801341589276e-25j)
ESFGw (1.5879988296552128e-12+1.3749383576122653e-12j)
intensity 4.412195770219839e-24
finishing 2
starting: 3
some stuff:
tdelaylist (1+0j)
ESFGt (-3.089504870267524e-26-5.635016326415506e-26j)
ESFGw (-1.5089761037923033e-12-3.7749794609687193e-13j)
intensity 2.419513581123556e-24
finishing 3
starting: 4
some stuff:
tdelaylist (1+0j)
ESFGt (2.0526271093465412e-26-1.986123906105223e-25j)
ESFGw (-3.968049847036248e-14+2.7485305698071727e-13j)
intensity 7.711874489050185e-26
finishing 4
starting: 5
some stuff:
tdelaylist (1+0j)
ESFGt (1.0861328194989937e-25-5.722405444269456e-26j)
ESFGw (-1.7361771742496757e-12-2.239968627248956e-12j)
intensity 8.03177063144516e-24
finishing 5
starting: 6
some stuff:
tdelaylist (1+0j)
ESFGt (1.473127272923424e-25+1.729501127243693e-25j)
ESFGw (1.0161056024360349e-12+1.1287550755190168e-12j)
intensity 2.3065586158118382e-24
finishing 6
starting: 7
some stuff:
tdelaylist (1+0j)
ESFGt (6.916797323520594e-27+1.824917564014214e-25j)
ESFGw (4.937437177859882e-13-4.4298592571934137e-13j)
intensity 4.400193892385514e-25
finishing 7
starting: 8
some stuff:
tdelaylist (1+0j)
ESFGt (-1.6655984632344901e-25+5.245625891042798e-26j)
ESFGw (9.24697818316389e-13+2.889136846428997e-12j)
intensity 9.202177772592777e-24
finishing 8
starting: 9
some stuff:
tdelaylist (1+0j)
ESFGt (-1.1866975675284429e-25-7.53989311260166e-26j)
ESFGw (5.067534933345108e-13-2.0537720829549855e-12j)
intensity 4.47477887173199e-24
finishing 9
starting: 10
some stuff:
tdelaylist (1+0j)
ESFGt (6.158341581627672e-26-1.3884113269730192e-25j)
ESFGw (-8.181985904770483e-13+5.071632133354931e-13j)
intensity 9.266634584194117e-25
finishing 10
Top-level running in PID 288639 (name=__main__)
MID-level running in PID 288639 (name=__main__)
/lustre06/project/6067427/ncosta/CPI_Project/two_interfaces/interfaces_jul21.py:382: RuntimeWarning: divide by zero encountered in divide
  waveList = 2 * np.pi * c / freqList * 1e-6
starting: 1
some stuff:
tdelaylist (1+0j)
ESFGt (2.2152481781435972e-27-1.1932163258895443e-26j)
ESFGw (4.9236656418649716e-14-1.824408679684808e-14j)
intensity 2.7570950383390867e-27
finishing 1
starting: 2
some stuff:
tdelaylist (1+0j)
ESFGt (1.7918554342466615e-26-2.5481397452811883e-26j)
ESFGw (3.1481761642027095e-14-1.1666882737682016e-14j)
intensity 1.127217468900231e-27
finishing 2
starting: 3
some stuff:
tdelaylist (1+0j)
ESFGt (1.0399849685559017e-26-9.582197897117553e-27j)
ESFGw (-7.306351704206016e-14+2.708120186434293e-14j)
intensity 6.071669016972707e-27
finishing 3
starting: 4
some stuff:
tdelaylist (1+0j)
ESFGt (-1.9242295268462516e-26+2.3897468876468026e-26j)
ESFGw (-4.1988981736018616e-15+1.5794657248768829e-15j)
intensity 2.012545784833791e-29
finishing 4
starting: 5
some stuff:
tdelaylist (1+0j)
ESFGt (-2.076243094978092e-26+2.910518539459055e-26j)
ESFGw (7.539108226595204e-15-2.7903027111086942e-15j)
intensity 6.462394207193602e-29
finishing 5
starting: 6
some stuff:
tdelaylist (1+0j)
ESFGt (3.6174323406125824e-28+7.625727470488948e-27j)
ESFGw (8.479892135704326e-14-3.1416709511677965e-14j)
intensity 8.177866699859163e-27
finishing 6
starting: 7
some stuff:
tdelaylist (1+0j)
ESFGt (6.646410099708385e-27-7.802254742517582e-27j)
ESFGw (-7.328751321089566e-14+2.7156228654678927e-14j)
intensity 6.1085203473824115e-27
finishing 7
starting: 8
some stuff:
tdelaylist (1+0j)
ESFGt (3.424605362236576e-27-1.523379379174357e-26j)
ESFGw (-4.367166350771612e-15+1.609823385706477e-15j)
intensity 2.1663673268479305e-29
finishing 8
starting: 9
some stuff:
tdelaylist (1+0j)
ESFGt (9.890481961194177e-27-1.5401028606156454e-26j)
ESFGw (-4.000445807950115e-14+1.4798058611820153e-14j)
intensity 1.819339204913429e-27
finishing 9
starting: 10
some stuff:
tdelaylist (1+0j)
ESFGt (1.758619834530066e-27+2.6942266965158665e-27j)
ESFGw (1.1216483471188088e-13-4.156223976092832e-14j)
intensity 1.4308369919888446e-26
finishing 10
MID-level running in PID 288639 (name=__main__)
/lustre06/project/6067427/ncosta/CPI_Project/two_interfaces/interfaces_jul21.py:382: RuntimeWarning: divide by zero encountered in divide
  waveList = 2 * np.pi * c / freqList * 1e-6
starting: 1
some stuff:
tdelaylist (1+0j)
ESFGt (1.9101011023325094e-28+4.0183527708848256e-29j)
ESFGw (7.19684728478498e-14-4.333117198385139e-12j)
intensity 1.878108411602513e-23
finishing 1
starting: 2
some stuff:
tdelaylist (1+0j)
ESFGt (2.406214938402139e-28-3.2607339100171436e-29j)
ESFGw (1.526053589051557e-13+8.816003482792212e-13j)
intensity 8.005075696526156e-25
finishing 2
starting: 3
some stuff:
tdelaylist (1+0j)
ESFGt (-1.4152997875199798e-29-3.006592181832642e-28j)
ESFGw (2.3489977324375744e-12+9.640899190088703e-14j)
intensity 5.527085040716212e-24
finishing 3
starting: 4
some stuff:
tdelaylist (1+0j)
ESFGt (-1.9925490799161333e-28-6.186978235546222e-28j)
ESFGw (-1.878027247603775e-12+5.0019120789723814e-12j)
intensity 2.854611078851203e-23
finishing 4
starting: 5
some stuff:
tdelaylist (1+0j)
ESFGt (-6.610383717363254e-29-6.00839887538173e-28j)
ESFGw (-1.5575665757161516e-12-5.014377801870751e-12j)
intensity 2.7569998377682275e-23
finishing 5
starting: 6
some stuff:
tdelaylist (1+0j)
ESFGt (1.9222580686702954e-28-4.740655515819906e-28j)
ESFGw (-4.498276751085939e-13+6.52216128327332e-13j)
intensity 6.277308153438975e-25
finishing 6
starting: 7
some stuff:
tdelaylist (1+0j)
ESFGt (3.1705419261135794e-28-6.800300045337472e-28j)
ESFGw (9.09816926658591e-13-2.1836239413874914e-12j)
intensity 5.595980357435126e-24
finishing 7
starting: 8
some stuff:
tdelaylist (1+0j)
ESFGt (1.2071035030017746e-28-8.975634509529633e-28j)
ESFGw (3.693748432120891e-12+5.451614853990705e-12j)
intensity 4.3363881996047627e-23
finishing 8
starting: 9
some stuff:
tdelaylist (1+0j)
ESFGt (2.7566510780088263e-28-9.350860496216348e-28j)
ESFGw (-2.118567474229671e-12-2.3816747185545495e-12j)
intensity 1.0160702607865781e-23
finishing 9
starting: 10
some stuff:
tdelaylist (1+0j)
ESFGt (5.516832938558257e-28-8.236697477572224e-28j)
ESFGw (3.1740452280382137e-13+1.2765049434149134e-13j)
intensity 1.1704027980194865e-25
finishing 10
MID-level running in PID 288639 (name=__main__)
/lustre06/project/6067427/ncosta/CPI_Project/two_interfaces/interfaces_jul21.py:382: RuntimeWarning: divide by zero encountered in divide
  waveList = 2 * np.pi * c / freqList * 1e-6
starting: 1
some stuff:
tdelaylist (1+0j)
ESFGt (1.4113224412582663e-28+1.410046113942426e-27j)
ESFGw (1.8192738981959167e-13+7.092021414578653e-12j)
intensity 5.032986532000877e-23
finishing 1
starting: 2
some stuff:
tdelaylist (1+0j)
ESFGt (-5.577918930019077e-29+8.554770540538627e-28j)
ESFGw (3.8882091990544154e-13+3.1115873766474067e-12j)
intensity 9.833157710267603e-24
finishing 2
starting: 3
some stuff:
tdelaylist (1+0j)
ESFGt (-3.6426526264524124e-28-7.811196185248015e-28j)
ESFGw (2.3769493318059887e-12-4.627666305712097e-12j)
intensity 2.7065183562995984e-23
finishing 3
starting: 4
some stuff:
tdelaylist (1+0j)
ESFGt (-3.836476993541419e-28-1.2903015832789632e-27j)
ESFGw (4.728110264418106e-13-6.7750145771316994e-12j)
intensity 4.612437278707199e-23
finishing 4
starting: 5
some stuff:
tdelaylist (1+0j)
ESFGt (-1.830651914281336e-28+3.2747452572495665e-28j)
ESFGw (-3.3241569219466527e-12+9.101192022242799e-13j)
intensity 1.1878336203983203e-23
finishing 5
starting: 6
some stuff:
tdelaylist (1+0j)
ESFGt (-1.1600034793801457e-28+1.9876909216314165e-27j)
ESFGw (6.769584892651892e-13+5.88263812661971e-12j)
intensity 3.506370412494807e-23
finishing 6
starting: 7
some stuff:
tdelaylist (1+0j)
ESFGt (-4.453732218079108e-28+1.2157050183447075e-27j)
ESFGw (-3.283609495419171e-12+5.276230841122498e-12j)
intensity 3.862070320721916e-23
finishing 7
starting: 8
some stuff:
tdelaylist (1+0j)
ESFGt (-7.682357904273597e-28-8.323898183822438e-28j)
ESFGw (2.978568780509505e-12-8.776382398600902e-13j)
intensity 9.6421208602906e-24
finishing 8
starting: 9
some stuff:
tdelaylist (1+0j)
ESFGt (-7.50353395476775e-28-1.1170636887227153e-27j)
ESFGw (1.9733173428626571e-13-8.918144001057726e-12j)
intensity 7.957223223695832e-23
finishing 9
starting: 10
some stuff:
tdelaylist (1+0j)
ESFGt (-5.627181472041699e-28+6.231275805403852e-28j)
ESFGw (1.1067357967575742e-12-1.1346834929981675e-12j)
intensity 2.512370753107145e-24
finishing 10
MID-level running in PID 288639 (name=__main__)
/lustre06/project/6067427/ncosta/CPI_Project/two_interfaces/interfaces_jul21.py:382: RuntimeWarning: divide by zero encountered in divide
  waveList = 2 * np.pi * c / freqList * 1e-6
starting: 1
some stuff:
tdelaylist (1+0j)
ESFGt (1.4095652558789283e-28+1.1046672765366555e-27j)
ESFGw (-1.780509767401739e-12+4.092684524614754e-12j)
intensity 1.9920281649834095e-23
finishing 1
starting: 2
some stuff:
tdelaylist (1+0j)
ESFGt (8.346339706341218e-29+9.695169843597905e-28j)
ESFGw (1.9877086088193607e-12+1.1398139376783689e-11j)
intensity 1.3386856676616144e-22
finishing 2
starting: 3
some stuff:
tdelaylist (1+0j)
ESFGt (-9.125448484732892e-29+2.281190893974105e-29j)
ESFGw (4.31643436271667e-13-4.883024540269787e-12j)
intensity 2.4030244716953386e-23
finishing 3
starting: 4
some stuff:
tdelaylist (1+0j)
ESFGt (-1.6580776036834438e-28-2.8948610036818986e-28j)
ESFGw (5.878466116659986e-12-3.114314361951642e-13j)
intensity 3.4653353424170126e-23
finishing 4
starting: 5
some stuff:
tdelaylist (1+0j)
ESFGt (2.966867394085586e-29+5.299932676967128e-28j)
ESFGw (-5.677291969874432e-12-1.5553051901928683e-11j)
intensity 2.7412906757528808e-22
finishing 5
starting: 6
some stuff:
tdelaylist (1+0j)
ESFGt (1.62383596105755e-28+1.4861622913934247e-27j)
ESFGw (2.039304489165339e-12+4.904396333493821e-12j)
intensity 2.8211866195517546e-23
finishing 6
starting: 7
some stuff:
tdelaylist (1+0j)
ESFGt (1.105807269077292e-28+1.4895518092295574e-27j)
ESFGw (-4.492345731521574e-12-1.6518036938251157e-12j)
intensity 2.2909625614454408e-23
finishing 7
starting: 8
some stuff:
tdelaylist (1+0j)
ESFGt (-9.681162705575654e-29+5.504087201894777e-28j)
ESFGw (-1.9743928714177628e-13+1.7791719486570656e-11j)
intensity 3.16584264560925e-22
finishing 8
starting: 9
some stuff:
tdelaylist (1+0j)
ESFGt (-2.777828167804003e-28-5.0089789730304115e-29j)
ESFGw (1.6178516859532976e-12-1.2610641697552438e-12j)
intensity 4.207726917982409e-24
finishing 9
starting: 10
some stuff:
tdelaylist (1+0j)
ESFGt (-9.594209451230639e-29+4.992951292814859e-28j)
ESFGw (-1.4216002507116965e-12+1.1081782193278489e-12j)
intensity 3.2490062386162e-24
finishing 10
MID-level running in PID 288639 (name=__main__)
/lustre06/project/6067427/ncosta/CPI_Project/two_interfaces/interfaces_jul21.py:382: RuntimeWarning: divide by zero encountered in divide
  waveList = 2 * np.pi * c / freqList * 1e-6
starting: 1
some stuff:
tdelaylist (1+0j)
ESFGt (3.51581740663906e-21-4.452289126904186e-22j)
ESFGw (-1.0281470119721803e-10-3.28929106174769e-10j)
intensity 1.1876521967120569e-19
finishing 1
starting: 2
some stuff:
tdelaylist (1+0j)
ESFGt (3.912804992298177e-21+1.962857079501779e-21j)
ESFGw (3.341732446315859e-11+9.259382149906514e-11j)
intensity 9.690333354076755e-21
finishing 2
starting: 3
some stuff:
tdelaylist (1+0j)
ESFGt (1.675604818376368e-21+1.8672954908419707e-21j)
ESFGw (-2.9032887205460156e-12+1.0358372493080026e-10j)
intensity 1.0738017155934542e-20
finishing 3
starting: 4
some stuff:
tdelaylist (1+0j)
ESFGt (9.486183925681445e-22-1.1583759955147655e-21j)
ESFGw (-4.377470608218914e-11-4.4946421584590723e-11j)
intensity 3.93640570584181e-21
finishing 4
starting: 5
some stuff:
tdelaylist (1+0j)
ESFGt (9.514228767299094e-22-1.553646975607504e-21j)
ESFGw (-2.4406990317693555e-11-9.113485660572351e-11j)
intensity 8.901263264913774e-21
finishing 5
starting: 6
some stuff:
tdelaylist (1+0j)
ESFGt (-7.380494586797226e-22-2.2528584968629338e-22j)
ESFGw (-7.400996482331834e-12-6.694439447230138e-11j)
intensity 4.536326700194583e-21
finishing 6
starting: 7
some stuff:
tdelaylist (1+0j)
ESFGt (2.6461268784868023e-23-9.046992242487892e-23j)
ESFGw (4.3847009356667854e-12-2.4909622975410883e-12j)
intensity 2.543049546300836e-23
finishing 7
starting: 8
some stuff:
tdelaylist (1+0j)
ESFGt (6.903410727162813e-22+4.410501111501423e-22j)
ESFGw (8.90647451623483e-12+4.655812887999211e-11j)
intensity 2.246984653114296e-21
finishing 8
starting: 9
some stuff:
tdelaylist (1+0j)
ESFGt (5.82548895110897e-22+8.3105922360366885e-22j)
ESFGw (5.15267516154605e-12+4.284543032861965e-11j)
intensity 1.8622809613650144e-21
finishing 9
starting: 10
some stuff:
tdelaylist (1+0j)
ESFGt (9.269278443242926e-22+2.5511552748638233e-21j)
ESFGw (-1.99239583165145e-12+7.719797023852948e-13j)
intensity 4.5655938108769624e-24
finishing 10
MID-level running in PID 288639 (name=__main__)
/lustre06/project/6067427/ncosta/CPI_Project/two_interfaces/interfaces_jul21.py:382: RuntimeWarning: divide by zero encountered in divide
  waveList = 2 * np.pi * c / freqList * 1e-6
starting: 1
some stuff:
tdelaylist (1+0j)
ESFGt (-6.181368589468132e-23+2.531927839639878e-24j)
ESFGw (3.9956753183911786e-14-1.4528742792174754e-14j)
intensity 1.807626492121215e-27
finishing 1
starting: 2
some stuff:
tdelaylist (1+0j)
ESFGt (-3.3098685510821056e-23+5.9074662101368695e-24j)
ESFGw (1.2435798918408736e-15-6.509549843602969e-16j)
intensity 1.9702333390544735e-30
finishing 2
starting: 3
some stuff:
tdelaylist (1+0j)
ESFGt (3.7936702353960815e-23-4.859410411867872e-24j)
ESFGw (-1.8556120182089408e-14+6.880346986593011e-15j)
intensity 3.916687708680655e-28
finishing 3
starting: 4
some stuff:
tdelaylist (1+0j)
ESFGt (4.7248731348834797e-23-8.549654123668802e-24j)
ESFGw (-3.764241522652423e-14+1.385436904088877e-14j)
intensity 1.6088949656072008e-27
finishing 4
starting: 5
some stuff:
tdelaylist (1+0j)
ESFGt (-1.926162416232328e-23+2.705303788885533e-24j)
ESFGw (4.7523183305253625e-14-1.732945384413931e-14j)
intensity 2.558762922000891e-27
finishing 5
starting: 6
some stuff:
tdelaylist (1+0j)
ESFGt (-6.980848337451791e-23+2.5519318362804255e-24j)
ESFGw (2.9173712057239953e-15-1.2117043479697998e-15j)
intensity 9.979282178876394e-30
finishing 6
starting: 7
some stuff:
tdelaylist (1+0j)
ESFGt (-2.9430353527697193e-23-1.5952700613820889e-24j)
ESFGw (9.955686448848144e-15-3.885346905319054e-15j)
intensity 1.1421161324245092e-28
finishing 7
starting: 8
some stuff:
tdelaylist (1+0j)
ESFGt (4.1262059357878905e-23-4.047794589092243e-24j)
ESFGw (-6.310208432169784e-14+2.3629535828018078e-14j)
intensity 4.5402280091902526e-27
finishing 8
starting: 9
some stuff:
tdelaylist (1+0j)
ESFGt (3.273598727962878e-23-9.576608703482445e-24j)
ESFGw (4.004912720900755e-14-1.488349374301201e-14j)
intensity 1.825450976201547e-27
finishing 9
starting: 10
some stuff:
tdelaylist (1+0j)
ESFGt (-4.063945129475395e-23-1.9264942406132246e-24j)
ESFGw (1.3491811834409617e-15-4.833373284940379e-16j)
intensity 2.0539048388669078e-30
finishing 10
MID-level running in PID 288639 (name=__main__)
/lustre06/project/6067427/ncosta/CPI_Project/two_interfaces/interfaces_jul21.py:382: RuntimeWarning: divide by zero encountered in divide
  waveList = 2 * np.pi * c / freqList * 1e-6
starting: 1
some stuff:
tdelaylist (1+0j)
ESFGt (9.095888094804321e-27+3.2665870420022716e-25j)
ESFGw (2.0242869880338077e-12+2.4239343171528205e-12j)
intensity 9.973195383794095e-24
finishing 1
starting: 2
some stuff:
tdelaylist (1+0j)
ESFGt (-3.5792326446153457e-26+7.66601483676081e-27j)
ESFGw (-1.1447266745623352e-12-1.4157702787898074e-12j)
intensity 3.3148046417591116e-24
finishing 2
starting: 3
some stuff:
tdelaylist (1+0j)
ESFGt (-4.67757422021358e-25-4.293289646779006e-25j)
ESFGw (-9.802449650597733e-13+1.7489568820971968e-13j)
intensity 9.914686932793877e-25
finishing 3
starting: 4
some stuff:
tdelaylist (1+0j)
ESFGt (-9.163604450804907e-25-3.7584678165215956e-25j)
ESFGw (-2.1866883304078044e-13-1.895237439208941e-12j)
intensity 3.63974100952268e-24
finishing 4
starting: 5
some stuff:
tdelaylist (1+0j)
ESFGt (-8.782272950430194e-25-1.4768844923745483e-25j)
ESFGw (2.139665181144501e-12+3.553816962931222e-12j)
intensity 1.7207782093419824e-23
finishing 5
starting: 6
some stuff:
tdelaylist (1+0j)
ESFGt (-4.47034063757289e-25-8.803925698767847e-26j)
ESFGw (2.78090918348628e-13-1.947227101783966e-12j)
intensity 3.869027944789968e-24
finishing 6
starting: 7
some stuff:
tdelaylist (1+0j)
ESFGt (9.723450472260148e-26-2.4770233353055208e-25j)
ESFGw (-1.824043520393115e-12+1.3465704246096166e-13j)
intensity 3.345267283372442e-24
finishing 7
starting: 8
some stuff:
tdelaylist (1+0j)
ESFGt (4.454902519391642e-25-5.653731591328071e-25j)
ESFGw (-4.889196686397312e-13-1.802197280298401e-12j)
intensity 3.486957479497738e-24
finishing 8
starting: 9
some stuff:
tdelaylist (1+0j)
ESFGt (4.0604543555248655e-25-6.846788079191193e-25j)
ESFGw (-4.4951715960639405e-13+3.242617979681839e-12j)
intensity 1.0716637038936534e-23
finishing 9
starting: 10
some stuff:
tdelaylist (1+0j)
ESFGt (3.38972287511823e-25-4.398197689341594e-25j)
ESFGw (2.949185166911672e-12-4.914992024485088e-13j)
intensity 8.939264614739345e-24
finishing 10
MID-level running in PID 288639 (name=__main__)
/lustre06/project/6067427/ncosta/CPI_Project/two_interfaces/interfaces_jul21.py:382: RuntimeWarning: divide by zero encountered in divide
  waveList = 2 * np.pi * c / freqList * 1e-6
starting: 1
some stuff:
tdelaylist (1+0j)
ESFGt (-1.8565791209658066e-25-7.355458214978074e-26j)
ESFGw (3.659421290297393e-12+5.039710836152178e-12j)
intensity 3.8790049491911525e-23
finishing 1
starting: 2
some stuff:
tdelaylist (1+0j)
ESFGt (-1.1912054735105876e-25+2.371656878692356e-25j)
ESFGw (1.0231789374093303e-12-8.46009026722605e-13j)
intensity 1.7626264112542153e-24
finishing 2
starting: 3
some stuff:
tdelaylist (1+0j)
ESFGt (4.231679774094915e-25+4.105909168560061e-25j)
ESFGw (-3.813972141580857e-12-4.672785595960516e-13j)
intensity 1.476473274901303e-23
finishing 3
starting: 4
some stuff:
tdelaylist (1+0j)
ESFGt (9.723380362649544e-25+3.4388617136658206e-27j)
ESFGw (-8.926978080359138e-13-5.711801691343776e-12j)
intensity 3.3421587937709744e-23
finishing 4
starting: 5
some stuff:
tdelaylist (1+0j)
ESFGt (8.61003007403743e-25-1.3910166447673027e-25j)
ESFGw (-3.4641213508823654e-13+6.056362009121408e-12j)
intensity 3.679952215286548e-23
finishing 5
starting: 6
some stuff:
tdelaylist (1+0j)
ESFGt (2.8589845183037525e-25+2.891053898003981e-25j)
ESFGw (4.905760693507677e-12-8.412775684418783e-13j)
intensity 2.4774235929128397e-23
finishing 6
starting: 7
some stuff:
tdelaylist (1+0j)
ESFGt (-1.356993552830923e-25+6.575397424208528e-25j)
ESFGw (-7.721024340712201e-13+3.3600583253245997e-12j)
intensity 1.1886134118281853e-23
finishing 7
starting: 8
some stuff:
tdelaylist (1+0j)
ESFGt (-5.182498621780588e-25+6.082012177412335e-25j)
ESFGw (-1.7787312421579937e-13-7.408855647039747e-12j)
intensity 5.492278084699104e-23
finishing 8
starting: 9
some stuff:
tdelaylist (1+0j)
ESFGt (-5.751789967194231e-25+5.167657899801e-25j)
ESFGw (-2.9148254990229994e-12+1.706910654486471e-12j)
intensity 1.1409751672154108e-23
finishing 9
starting: 10
some stuff:
tdelaylist (1+0j)
ESFGt (-2.8155112894971682e-25+5.131161034989032e-25j)
ESFGw (-1.6041139770661683e-12-1.4206084225643067e-14j)
intensity 2.5733834642480653e-24
finishing 10
MID-level running in PID 288639 (name=__main__)
/lustre06/project/6067427/ncosta/CPI_Project/two_interfaces/interfaces_jul21.py:382: RuntimeWarning: divide by zero encountered in divide
  waveList = 2 * np.pi * c / freqList * 1e-6
starting: 1
some stuff:
tdelaylist (1+0j)
ESFGt (-7.681023464426981e-25+9.75464239113206e-25j)
ESFGw (4.432731959269631e-12-3.101685575046531e-13j)
intensity 1.9745317156794904e-23
finishing 1
starting: 2
some stuff:
tdelaylist (1+0j)
ESFGt (-5.945800480334628e-25+8.542741562535805e-25j)
ESFGw (6.302958155401939e-12+5.2265206051949065e-12j)
intensity 6.704379914527475e-23
finishing 2
starting: 3
some stuff:
tdelaylist (1+0j)
ESFGt (-1.7332419855320707e-26-1.5816625493117857e-25j)
ESFGw (-6.353436873829388e-12-3.624670008584019e-13j)
intensity 4.049754243644623e-23
finishing 3
starting: 4
some stuff:
tdelaylist (1+0j)
ESFGt (1.0347296789352512e-25-7.207869699787751e-25j)
ESFGw (-7.121213341232391e-14+5.862602070472178e-13j)
intensity 3.487721983121813e-25
finishing 4
starting: 5
some stuff:
tdelaylist (1+0j)
ESFGt (3.5304603505264603e-25-1.5343397835551592e-25j)
ESFGw (-6.856321066450732e-12-8.903967840812044e-12j)
intensity 1.262897818764712e-22
finishing 5
starting: 6
some stuff:
tdelaylist (1+0j)
ESFGt (5.425310134809581e-25+6.575236507690004e-25j)
ESFGw (4.705381917435858e-12+3.877308196731377e-12j)
intensity 3.7174137841372675e-23
finishing 6
starting: 7
some stuff:
tdelaylist (1+0j)
ESFGt (7.59239357694331e-26+6.921481055716716e-25j)
ESFGw (1.898993115534431e-12-1.8599635720484287e-12j)
intensity 7.065639342194314e-24
finishing 7
starting: 8
some stuff:
tdelaylist (1+0j)
ESFGt (-5.211848771839585e-25+1.8983638985550714e-25j)
ESFGw (3.2284522277770122e-12+1.1493500595705086e-11j)
intensity 1.4252345973051155e-22
finishing 8
starting: 9
some stuff:
tdelaylist (1+0j)
ESFGt (-3.873862230294928e-25-2.3661098453378853e-25j)
ESFGw (1.5279409681934197e-12-7.403869184408052e-12j)
intensity 5.715188250211101e-23
finishing 9
starting: 10
some stuff:
tdelaylist (1+0j)
ESFGt (2.0211202671461165e-25-4.7860326453694e-25j)
ESFGw (-3.764690382351832e-12+2.0309630713311044e-12j)
intensity 1.8297704672083052e-23
finishing 10
MID-level running in PID 288639 (name=__main__)
/lustre06/project/6067427/ncosta/CPI_Project/two_interfaces/interfaces_jul21.py:382: RuntimeWarning: divide by zero encountered in divide
  waveList = 2 * np.pi * c / freqList * 1e-6
starting: 1
some stuff:
tdelaylist (1+0j)
ESFGt (3.537357532274568e-27-4.939306140345818e-27j)
ESFGw (1.3079815008865125e-14-6.391588647236546e-15j)
intensity 2.1193396610161645e-28
finishing 1
starting: 2
some stuff:
tdelaylist (1+0j)
ESFGt (5.909757071330218e-27-1.1110385565028129e-26j)
ESFGw (8.2947971408176e-15-3.318309169109135e-15j)
intensity 7.981483534910958e-29
finishing 2
starting: 3
some stuff:
tdelaylist (1+0j)
ESFGt (9.616831913363062e-28-4.3248092108573056e-27j)
ESFGw (-2.050356412430787e-14+4.913062144618063e-15j)
intensity 4.445343214364838e-28
finishing 3
starting: 4
some stuff:
tdelaylist (1+0j)
ESFGt (-8.369274889091411e-27+8.295560780743775e-27j)
ESFGw (-4.839336396889049e-16+3.614946883501169e-15j)
intensity 1.3302032738157364e-29
finishing 4
starting: 5
some stuff:
tdelaylist (1+0j)
ESFGt (-7.95789619617041e-27+1.1679797139378141e-26j)
ESFGw (2.605337820482667e-15-9.95297594341693e-16j)
intensity 7.778402460139736e-30
finishing 5
starting: 6
some stuff:
tdelaylist (1+0j)
ESFGt (5.473488011892025e-28+5.339381752796317e-27j)
ESFGw (2.2551405187698492e-14-8.342285195972465e-15j)
intensity 5.781595982306957e-28
finishing 6
starting: 7
some stuff:
tdelaylist (1+0j)
ESFGt (4.3082607443265425e-27-1.7295359601890267e-27j)
ESFGw (-2.0313882954231532e-14+4.4748276264994225e-15j)
intensity 4.326779229651009e-28
finishing 7
starting: 8
some stuff:
tdelaylist (1+0j)
ESFGt (2.6925644399225608e-27-7.360848526758837e-27j)
ESFGw (-1.4118480690106239e-15+2.274222477005594e-15j)
intensity 7.165402844886486e-30
finishing 8
starting: 9
some stuff:
tdelaylist (1+0j)
ESFGt (2.0645568569329572e-27-8.195479569001432e-27j)
ESFGw (-9.656988750328388e-15+4.930951480464074e-15j)
intensity 1.1757171422665989e-28
finishing 9
starting: 10
some stuff:
tdelaylist (1+0j)
ESFGt (-1.7781588971155357e-27-1.812343538985923e-28j)
ESFGw (2.991270425800607e-14-1.0699394929064576e-14j)
intensity 1.0092469278750274e-27
finishing 10
MID-level running in PID 288639 (name=__main__)
/lustre06/project/6067427/ncosta/CPI_Project/two_interfaces/interfaces_jul21.py:382: RuntimeWarning: divide by zero encountered in divide
  waveList = 2 * np.pi * c / freqList * 1e-6
starting: 1
some stuff:
tdelaylist (1+0j)
ESFGt (2.763700207300199e-29-1.3260102710665475e-29j)
ESFGw (-7.547391531192993e-14-1.1052174800352255e-12j)
intensity 1.227201990067926e-24
finishing 1
starting: 2
some stuff:
tdelaylist (1+0j)
ESFGt (1.1330324479892292e-29-2.7780060017615706e-29j)
ESFGw (6.831557888831163e-14+2.664431175691817e-13j)
intensity 7.56589532188299e-26
finishing 2
starting: 3
some stuff:
tdelaylist (1+0j)
ESFGt (-3.288553535481896e-29-8.904120972874194e-29j)
ESFGw (4.803377747636395e-13-5.6366153064479896e-14j)
intensity 2.3390152107617323e-25
finishing 3
starting: 4
some stuff:
tdelaylist (1+0j)
ESFGt (-7.788891612523084e-29-1.7867746109255939e-28j)
ESFGw (-3.4935032297567226e-13+1.3008101540368244e-12j)
intensity 1.8141527050085134e-24
finishing 4
starting: 5
some stuff:
tdelaylist (1+0j)
ESFGt (-5.15827876443513e-29-1.8497384057112873e-28j)
ESFGw (-4.380246165780477e-13-1.3512403002069462e-12j)
intensity 2.0177159136317038e-24
finishing 5
starting: 6
some stuff:
tdelaylist (1+0j)
ESFGt (-5.111545966189093e-31-1.4441896545117774e-28j)
ESFGw (-9.056384114858318e-14+3.210279264642679e-13j)
intensity 1.1126073889353324e-25
finishing 6
starting: 7
some stuff:
tdelaylist (1+0j)
ESFGt (6.999505035632339e-29-1.776784635509707e-28j)
ESFGw (1.268089366152081e-13-6.107735844862461e-13j)
intensity 3.8912487791165735e-25
finishing 7
starting: 8
some stuff:
tdelaylist (1+0j)
ESFGt (-1.1649280672016161e-30-2.5221827148022855e-28j)
ESFGw (1.031881177726568e-12+1.4456257371731063e-12j)
intensity 3.1546125369236562e-24
finishing 8
starting: 9
some stuff:
tdelaylist (1+0j)
ESFGt (4.5225439388035034e-29-2.7516193965394253e-28j)
ESFGw (-5.052824478268825e-13-7.491802317405316e-13j)
intensity 8.165813717127227e-25
finishing 9
starting: 10
some stuff:
tdelaylist (1+0j)
ESFGt (1.3476613357005013e-28-2.250406982087087e-28j)
ESFGw (1.0274604517884756e-13+3.7874434491436126e-14j)
intensity 1.1991222587939868e-26
finishing 10
MID-level running in PID 288639 (name=__main__)
/lustre06/project/6067427/ncosta/CPI_Project/two_interfaces/interfaces_jul21.py:382: RuntimeWarning: divide by zero encountered in divide
  waveList = 2 * np.pi * c / freqList * 1e-6
starting: 1
some stuff:
tdelaylist (1+0j)
ESFGt (5.47563625132804e-29+3.808491106155686e-28j)
ESFGw (1.8894261155644188e-13+1.814463509997033e-12j)
intensity 3.32797713957252e-24
finishing 1
starting: 2
some stuff:
tdelaylist (1+0j)
ESFGt (-3.852844106684528e-29+2.519182326597518e-28j)
ESFGw (1.0528904137441231e-13+9.140535550677953e-13j)
intensity 8.465796837656181e-25
finishing 2
starting: 3
some stuff:
tdelaylist (1+0j)
ESFGt (-1.0952010807147944e-28-1.7251404159193246e-28j)
ESFGw (9.740073331210297e-13-1.3278943916672503e-12j)
intensity 2.711993800394877e-24
finishing 3
starting: 4
some stuff:
tdelaylist (1+0j)
ESFGt (-6.621272810540571e-29-3.1656536027630296e-28j)
ESFGw (-1.2589668890727879e-13-1.7368459101496647e-12j)
intensity 3.0324836918814333e-24
finishing 4
starting: 5
some stuff:
tdelaylist (1+0j)
ESFGt (-2.3173606294539913e-30+9.875982227374157e-29j)
ESFGw (-9.19242112984442e-13+1.128958038165706e-13j)
intensity 8.577515248034909e-25
finishing 5
starting: 6
some stuff:
tdelaylist (1+0j)
ESFGt (-2.988573075948661e-30+5.318082580577723e-28j)
ESFGw (-1.1746940226098346e-13+1.6318422307870506e-12j)
intensity 2.6767081266476104e-24
finishing 6
starting: 7
some stuff:
tdelaylist (1+0j)
ESFGt (-1.4128520885471043e-28+3.168407179471921e-28j)
ESFGw (-5.356493243749427e-13+1.3957398604935722e-12j)
intensity 2.235009956873949e-24
finishing 7
starting: 8
some stuff:
tdelaylist (1+0j)
ESFGt (-2.3084134341363234e-28-2.02968083433036e-28j)
ESFGw (7.859546347077639e-13-1.8230209009040266e-13j)
intensity 6.50958739869944e-25
finishing 8
starting: 9
some stuff:
tdelaylist (1+0j)
ESFGt (-1.561251746328175e-28-2.7968732562070285e-28j)
ESFGw (3.329662934259403e-13-2.293228107408396e-12j)
intensity 5.369761705165703e-24
finishing 9
starting: 10
some stuff:
tdelaylist (1+0j)
ESFGt (-7.866745656620982e-29+1.660889150131345e-28j)
ESFGw (-1.6928949561623163e-14-3.2932098888160954e-13j)
intensity 1.0873890305122116e-25
finishing 10
MID-level running in PID 288639 (name=__main__)
/lustre06/project/6067427/ncosta/CPI_Project/two_interfaces/interfaces_jul21.py:382: RuntimeWarning: divide by zero encountered in divide
  waveList = 2 * np.pi * c / freqList * 1e-6
starting: 1
some stuff:
tdelaylist (1+0j)
ESFGt (7.589181996609341e-29+2.8298823053142064e-28j)
ESFGw (-4.3081814157797105e-13+9.553824745212047e-13j)
intensity 1.0983599437349571e-24
finishing 1
starting: 2
some stuff:
tdelaylist (1+0j)
ESFGt (2.0252537627379313e-29+2.4731755653843006e-28j)
ESFGw (4.590689807459913e-13+3.206473281336386e-12j)
intensity 1.0492215233007293e-23
finishing 2
starting: 3
some stuff:
tdelaylist (1+0j)
ESFGt (-3.25862306070544e-29+7.094123453540196e-30j)
ESFGw (5.090710838984158e-13-1.446283847891805e-12j)
intensity 2.350890337134234e-24
finishing 3
starting: 4
some stuff:
tdelaylist (1+0j)
ESFGt (-2.500378272605832e-29-7.621150308392382e-29j)
ESFGw (1.6408458793082392e-12-1.5686237031520278e-14j)
intensity 2.692621257675038e-24
finishing 4
starting: 5
some stuff:
tdelaylist (1+0j)
ESFGt (5.373770515781262e-29+1.244956760802208e-28j)
ESFGw (-1.5103170450392334e-12-4.233219677574063e-12j)
intensity 2.0201206415136293e-23
finishing 5
starting: 6
some stuff:
tdelaylist (1+0j)
ESFGt (5.863888230398985e-29+3.815672082655029e-28j)
ESFGw (2.372004502537717e-13+1.2848645758456456e-12j)
intensity 1.7071410318636025e-24
finishing 6
starting: 7
some stuff:
tdelaylist (1+0j)
ESFGt (1.9672721371293845e-29+4.058722511945172e-28j)
ESFGw (-1.4880752879919967e-12-3.7099706987064884e-13j)
intensity 2.352006888585071e-24
finishing 7
starting: 8
some stuff:
tdelaylist (1+0j)
ESFGt (-4.4432412789443465e-29+1.4951711567182396e-28j)
ESFGw (7.538240864857215e-14+4.639341862067159e-12j)
intensity 2.1529175420662437e-23
finishing 8
starting: 9
some stuff:
tdelaylist (1+0j)
ESFGt (-8.076042383467094e-29-1.3120228098793334e-29j)
ESFGw (4.4265632825890577e-13-2.574850055392375e-13j)
intensity 2.6224315302519734e-25
finishing 9
starting: 10
some stuff:
tdelaylist (1+0j)
ESFGt (-1.7500009459448651e-29+1.2360991155845812e-28j)
ESFGw (2.1924172546872178e-13+3.0805501378960987e-13j)
intensity 1.4296482570741912e-25
finishing 10
MID-level running in PID 288639 (name=__main__)
/lustre06/project/6067427/ncosta/CPI_Project/two_interfaces/interfaces_jul21.py:382: RuntimeWarning: divide by zero encountered in divide
  waveList = 2 * np.pi * c / freqList * 1e-6
starting: 1
some stuff:
tdelaylist (1+0j)
ESFGt (1.2258287761908397e-21-3.028116850477747e-22j)
ESFGw (-3.5654867946988134e-11-8.671058315812274e-11j)
intensity 8.789994839938883e-21
finishing 1
starting: 2
some stuff:
tdelaylist (1+0j)
ESFGt (1.0909069403105692e-21+2.786109555112778e-22j)
ESFGw (8.374342885808517e-12+2.69475136649433e-11j)
intensity 7.962981114913978e-22
finishing 2
starting: 3
some stuff:
tdelaylist (1+0j)
ESFGt (9.429098117210698e-23+3.693758038042351e-22j)
ESFGw (-6.7127067793215645e-12+3.188690977928843e-11j)
intensity 1.06183544757763e-21
finishing 3
starting: 4
some stuff:
tdelaylist (1+0j)
ESFGt (-2.7856860242506395e-23-3.3295492472304616e-22j)
ESFGw (-1.6434707761359135e-11-1.0672424749502696e-11j)
intensity 3.840002692350759e-22
finishing 4
starting: 5
some stuff:
tdelaylist (1+0j)
ESFGt (6.510515728036547e-22-8.336452715862072e-22j)
ESFGw (-8.017489450118376e-12-2.4732597914134402e-11j)
intensity 6.759815366650048e-22
finishing 5
starting: 6
some stuff:
tdelaylist (1+0j)
ESFGt (-3.38748792516831e-22-9.616014794984452e-23j)
ESFGw (-8.017683739147685e-13-1.8539616022938965e-11j)
intensity 3.44360194803425e-22
finishing 6
starting: 7
some stuff:
tdelaylist (1+0j)
ESFGt (2.1216091118430003e-23+6.2290013243454675e-22j)
ESFGw (3.2598420490748126e-12-1.0110245973748988e-12j)
intensity 1.1648740921413352e-23
finishing 7
starting: 8
some stuff:
tdelaylist (1+0j)
ESFGt (3.161638187088152e-22+1.6210642064215814e-22j)
ESFGw (3.3739712412828027e-12+1.2559195003425394e-11j)
intensity 1.691170610710688e-22
finishing 8
starting: 9
some stuff:
tdelaylist (1+0j)
ESFGt (-2.52222103873248e-22+3.8528867873607505e-22j)
ESFGw (6.51692241837587e-13+1.179734348405459e-11j)
intensity 1.396020160588366e-22
finishing 9
starting: 10
some stuff:
tdelaylist (1+0j)
ESFGt (-3.7826493446565043e-22+9.193617294515098e-22j)
ESFGw (-1.9547957003096528e-12+4.2476742609376394e-13j)
intensity 4.0016535962194285e-24
finishing 10
MID-level running in PID 288639 (name=__main__)
/lustre06/project/6067427/ncosta/CPI_Project/two_interfaces/interfaces_jul21.py:382: RuntimeWarning: divide by zero encountered in divide
  waveList = 2 * np.pi * c / freqList * 1e-6
starting: 1
some stuff:
tdelaylist (1+0j)
ESFGt (-1.6261499696131034e-23+1.9973290038209647e-24j)
ESFGw (1.1289905642308806e-14-2.7574513852823834e-15j)
intensity 1.3506550755443193e-28
finishing 1
starting: 2
some stuff:
tdelaylist (1+0j)
ESFGt (-8.897878500799238e-24+8.089046662801462e-25j)
ESFGw (-2.955535122195485e-16-2.3469724427793714e-15j)
intensity 5.595631525751081e-30
finishing 2
starting: 3
some stuff:
tdelaylist (1+0j)
ESFGt (9.51434370910259e-24-1.7048410430100286e-24j)
ESFGw (-5.1236684166233726e-15+2.401616232272641e-15j)
intensity 3.201973857061929e-29
finishing 3
starting: 4
some stuff:
tdelaylist (1+0j)
ESFGt (1.2300893127030968e-23-5.452392348976386e-25j)
ESFGw (-9.979376266316953e-15+3.764241522652423e-15j)
intensity 1.1375746490559071e-28
finishing 4
starting: 5
some stuff:
tdelaylist (1+0j)
ESFGt (-4.9840499911955845e-24+3.32564011956401e-24j)
ESFGw (1.3250360010597095e-14-2.984483320200848e-15j)
intensity 1.8447918109898771e-28
finishing 5
starting: 6
some stuff:
tdelaylist (1+0j)
ESFGt (-1.8461652195869322e-23+1.646805982669872e-24j)
ESFGw (6.591407107625624e-16-1.95514177764311e-15j)
intensity 4.257045847270036e-30
finishing 6
starting: 7
some stuff:
tdelaylist (1+0j)
ESFGt (-7.918754489204858e-24-1.3593065833750735e-24j)
ESFGw (2.133791190614409e-15-1.2744254436480862e-15j)
intensity 6.177225056561279e-30
finishing 7
starting: 8
some stuff:
tdelaylist (1+0j)
ESFGt (1.0545730052167424e-23-1.2314244893820764e-24j)
ESFGw (-1.6805458934177064e-14+6.1794102820811325e-15j)
intensity 3.2060856142260182e-28
finishing 8
starting: 9
some stuff:
tdelaylist (1+0j)
ESFGt (8.423302853493788e-24-4.3463037476984385e-25j)
ESFGw (1.1013596718650875e-14-2.318891606511997e-15j)
intensity 1.2667657096382912e-28
finishing 9
starting: 10
some stuff:
tdelaylist (1+0j)
ESFGt (-1.0531195138607107e-23+1.896773628574521e-24j)
ESFGw (7.86886831735667e-16-7.062492951570576e-16j)
intensity 1.1179789528688362e-30
finishing 10
MID-level running in PID 288639 (name=__main__)
/lustre06/project/6067427/ncosta/CPI_Project/two_interfaces/interfaces_jul21.py:382: RuntimeWarning: divide by zero encountered in divide
  waveList = 2 * np.pi * c / freqList * 1e-6
starting: 1
some stuff:
tdelaylist (1+0j)
ESFGt (-5.037140972127551e-27+9.143669449825805e-26j)
ESFGw (5.944858320894308e-13+5.699811282677825e-13j)
intensity 6.782918911364772e-25
finishing 1
starting: 2
some stuff:
tdelaylist (1+0j)
ESFGt (-2.3461446484662833e-26+1.1937889289132128e-26j)
ESFGw (-2.8931848236601887e-13-3.880454985116799e-13j)
intensity 2.3428449315375455e-25
finishing 2
starting: 3
some stuff:
tdelaylist (1+0j)
ESFGt (-1.2925494825279352e-25-9.184244997061868e-26j)
ESFGw (-2.6703227302971033e-13+4.645155787796895e-14j)
intensity 7.346398206870405e-26
finishing 3
starting: 4
some stuff:
tdelaylist (1+0j)
ESFGt (-2.315765580205124e-25-8.907940571544442e-26j)
ESFGw (-8.371515286542675e-14-4.133043733645092e-13j)
intensity 1.7782873186151144e-25
finishing 4
starting: 5
some stuff:
tdelaylist (1+0j)
ESFGt (-2.248453547830488e-25-4.77480190410837e-26j)
ESFGw (5.470129557649805e-13+8.864575740119562e-13j)
intensity 1.0850302042979033e-24
finishing 5
starting: 6
some stuff:
tdelaylist (1+0j)
ESFGt (-1.193229552884057e-25-4.133008013463013e-26j)
ESFGw (1.701369080342463e-13-5.36283257385195e-13j)
intensity 3.1654629962712885e-25
finishing 6
starting: 7
some stuff:
tdelaylist (1+0j)
ESFGt (1.9384199809679073e-26-8.279522530129784e-26j)
ESFGw (-5.512272496094317e-13-1.0041013159822754e-14j)
intensity 3.039523026572544e-25
finishing 7
starting: 8
some stuff:
tdelaylist (1+0j)
ESFGt (1.1932093576537775e-25-1.5958757204455216e-25j)
ESFGw (-1.259699809741388e-13-4.0311330662401446e-13j)
intensity 1.783687740839716e-25
finishing 8
starting: 9
some stuff:
tdelaylist (1+0j)
ESFGt (1.1331992686451851e-25-1.8009775832035195e-25j)
ESFGw (-1.9004676304890111e-13+8.748171458072829e-13j)
intensity 8.01422810743766e-25
finishing 9
starting: 10
some stuff:
tdelaylist (1+0j)
ESFGt (8.804551129902953e-26-1.2330503921106992e-25j)
ESFGw (9.099424772701648e-13-1.33266986855618e-13j)
intensity 8.457554017261401e-25
finishing 10
MID-level running in PID 288639 (name=__main__)
/lustre06/project/6067427/ncosta/CPI_Project/two_interfaces/interfaces_jul21.py:382: RuntimeWarning: divide by zero encountered in divide
  waveList = 2 * np.pi * c / freqList * 1e-6
starting: 1
some stuff:
tdelaylist (1+0j)
ESFGt (-2.56872964441642e-26-2.5537589992969107e-26j)
ESFGw (1.1036625172794468e-12+1.2002243816866542e-12j)
intensity 2.6586095184427166e-24
finishing 1
starting: 2
some stuff:
tdelaylist (1+0j)
ESFGt (-8.503969370614895e-27+4.7161163583702925e-26j)
ESFGw (2.625543012169107e-13-2.5117429837406835e-13j)
intensity 1.320232892512058e-25
finishing 2
starting: 3
some stuff:
tdelaylist (1+0j)
ESFGt (1.1997362790181044e-25+8.164622682789519e-26j)
ESFGw (-8.727225756302581e-13-2.2345027304165876e-13j)
intensity 8.115747185371032e-25
finishing 3
starting: 4
some stuff:
tdelaylist (1+0j)
ESFGt (2.501873342380982e-25-9.661662160695696e-27j)
ESFGw (-4.3054839207745665e-13-1.340555704637536e-12j)
intensity 1.982461515156725e-24
finishing 4
starting: 5
some stuff:
tdelaylist (1+0j)
ESFGt (2.3255662099599267e-25-2.5562573275967063e-26j)
ESFGw (-6.201679794703985e-14+1.621418277419906e-12j)
intensity 2.632843313578938e-24
finishing 5
starting: 6
some stuff:
tdelaylist (1+0j)
ESFGt (8.854338346821355e-26+8.823873055689744e-26j)
ESFGw (1.2556660355586557e-12-2.2996253339069295e-13j)
intensity 1.629579959619057e-24
finishing 6
starting: 7
some stuff:
tdelaylist (1+0j)
ESFGt (-3.433342666520964e-26+1.828883679689563e-25j)
ESFGw (1.873024305099058e-14+8.11063347559704e-13j)
intensity 6.581745757595023e-25
finishing 7
starting: 8
some stuff:
tdelaylist (1+0j)
ESFGt (-1.5218038099312861e-25+1.7197023844716653e-25j)
ESFGw (-1.6315215237844294e-13-2.0386874697089774e-12j)
intensity 4.182865223974113e-24
finishing 8
starting: 9
some stuff:
tdelaylist (1+0j)
ESFGt (-1.644215752508399e-25+1.37547507974234e-25j)
ESFGw (-7.651884768172801e-13+5.328619490096997e-13j)
intensity 8.694552617563654e-25
finishing 9
starting: 10
some stuff:
tdelaylist (1+0j)
ESFGt (-7.680991971174548e-26+1.4092771821688299e-25j)
ESFGw (-6.399218177924326e-13-3.789720273705832e-15j)
intensity 4.0951429486652428e-25
finishing 10
MID-level running in PID 288639 (name=__main__)
/lustre06/project/6067427/ncosta/CPI_Project/two_interfaces/interfaces_jul21.py:382: RuntimeWarning: divide by zero encountered in divide
  waveList = 2 * np.pi * c / freqList * 1e-6
starting: 1
some stuff:
tdelaylist (1+0j)
ESFGt (-1.9650712557196993e-25+2.616843783600655e-25j)
ESFGw (1.2164401430592164e-12-2.4177361501731554e-13j)
intensity 1.5381811025644684e-24
finishing 1
starting: 2
some stuff:
tdelaylist (1+0j)
ESFGt (-1.8004157536467167e-25+2.0980801341589276e-25j)
ESFGw (1.5879988296552128e-12+1.3749383576122653e-12j)
intensity 4.412195770219839e-24
finishing 2
starting: 3
some stuff:
tdelaylist (1+0j)
ESFGt (-3.089504870267524e-26-5.635016326415506e-26j)
ESFGw (-1.5089761037923033e-12-3.7749794609687193e-13j)
intensity 2.419513581123556e-24
finishing 3
starting: 4
some stuff:
tdelaylist (1+0j)
ESFGt (2.0526271093465412e-26-1.986123906105223e-25j)
ESFGw (-3.968049847036248e-14+2.7485305698071727e-13j)
intensity 7.711874489050185e-26
finishing 4
starting: 5
some stuff:
tdelaylist (1+0j)
ESFGt (1.0861328194989937e-25-5.722405444269456e-26j)
ESFGw (-1.7361771742496757e-12-2.239968627248956e-12j)
intensity 8.03177063144516e-24
finishing 5
starting: 6
some stuff:
tdelaylist (1+0j)
ESFGt (1.473127272923424e-25+1.729501127243693e-25j)
ESFGw (1.0161056024360349e-12+1.1287550755190168e-12j)
intensity 2.3065586158118382e-24
finishing 6
starting: 7
some stuff:
tdelaylist (1+0j)
ESFGt (6.916797323520594e-27+1.824917564014214e-25j)
ESFGw (4.937437177859882e-13-4.4298592571934137e-13j)
intensity 4.400193892385514e-25
finishing 7
starting: 8
some stuff:
tdelaylist (1+0j)
ESFGt (-1.6655984632344901e-25+5.245625891042798e-26j)
ESFGw (9.24697818316389e-13+2.889136846428997e-12j)
intensity 9.202177772592777e-24
finishing 8
starting: 9
some stuff:
tdelaylist (1+0j)
ESFGt (-1.1866975675284429e-25-7.53989311260166e-26j)
ESFGw (5.067534933345108e-13-2.0537720829549855e-12j)
intensity 4.47477887173199e-24
finishing 9
starting: 10
some stuff:
tdelaylist (1+0j)
ESFGt (6.158341581627672e-26-1.3884113269730192e-25j)
ESFGw (-8.181985904770483e-13+5.071632133354931e-13j)
intensity 9.266634584194117e-25
finishing 10
Top-level running in PID 322001 (name=__main__)
MID-level running in PID 322001 (name=__main__)
/lustre06/project/6067427/ncosta/CPI_Project/two_interfaces/interfaces_jul21.py:382: RuntimeWarning: divide by zero encountered in divide
  waveList = 2 * np.pi * c / freqList * 1e-6
starting: 1
some stuff:
tdelaylist (1+0j)
ESFGt (2.2152481781435972e-27-1.1932163258895443e-26j)
ESFGw (4.9236656418649716e-14-1.824408679684808e-14j)
intensity 2.7570950383390867e-27
finishing 1
starting: 2
some stuff:
tdelaylist (1+0j)
ESFGt (1.7918554342466615e-26-2.5481397452811883e-26j)
ESFGw (3.1481761642027095e-14-1.1666882737682016e-14j)
intensity 1.127217468900231e-27
finishing 2
starting: 3
some stuff:
tdelaylist (1+0j)
ESFGt (1.0399849685559017e-26-9.582197897117553e-27j)
ESFGw (-7.306351704206016e-14+2.708120186434293e-14j)
intensity 6.071669016972707e-27
finishing 3
starting: 4
some stuff:
tdelaylist (1+0j)
ESFGt (-1.9242295268462516e-26+2.3897468876468026e-26j)
ESFGw (-4.1988981736018616e-15+1.5794657248768829e-15j)
intensity 2.012545784833791e-29
finishing 4
starting: 5
some stuff:
tdelaylist (1+0j)
ESFGt (-2.076243094978092e-26+2.910518539459055e-26j)
ESFGw (7.539108226595204e-15-2.7903027111086942e-15j)
intensity 6.462394207193602e-29
finishing 5
starting: 6
some stuff:
tdelaylist (1+0j)
ESFGt (3.6174323406125824e-28+7.625727470488948e-27j)
ESFGw (8.479892135704326e-14-3.1416709511677965e-14j)
intensity 8.177866699859163e-27
finishing 6
starting: 7
some stuff:
tdelaylist (1+0j)
ESFGt (6.646410099708385e-27-7.802254742517582e-27j)
ESFGw (-7.328751321089566e-14+2.7156228654678927e-14j)
intensity 6.1085203473824115e-27
finishing 7
starting: 8
some stuff:
tdelaylist (1+0j)
ESFGt (3.424605362236576e-27-1.523379379174357e-26j)
ESFGw (-4.367166350771612e-15+1.609823385706477e-15j)
intensity 2.1663673268479305e-29
finishing 8
starting: 9
some stuff:
tdelaylist (1+0j)
ESFGt (9.890481961194177e-27-1.5401028606156454e-26j)
ESFGw (-4.000445807950115e-14+1.4798058611820153e-14j)
intensity 1.819339204913429e-27
finishing 9
starting: 10
some stuff:
tdelaylist (1+0j)
ESFGt (1.758619834530066e-27+2.6942266965158665e-27j)
ESFGw (1.1216483471188088e-13-4.156223976092832e-14j)
intensity 1.4308369919888446e-26
finishing 10
MID-level running in PID 322001 (name=__main__)
/lustre06/project/6067427/ncosta/CPI_Project/two_interfaces/interfaces_jul21.py:382: RuntimeWarning: divide by zero encountered in divide
  waveList = 2 * np.pi * c / freqList * 1e-6
starting: 1
some stuff:
tdelaylist (1+0j)
ESFGt (1.9101011023325094e-28+4.0183527708848256e-29j)
ESFGw (7.19684728478498e-14-4.333117198385139e-12j)
intensity 1.878108411602513e-23
finishing 1
starting: 2
some stuff:
tdelaylist (1+0j)
ESFGt (2.406214938402139e-28-3.2607339100171436e-29j)
ESFGw (1.526053589051557e-13+8.816003482792212e-13j)
intensity 8.005075696526156e-25
finishing 2
starting: 3
some stuff:
tdelaylist (1+0j)
ESFGt (-1.4152997875199798e-29-3.006592181832642e-28j)
ESFGw (2.3489977324375744e-12+9.640899190088703e-14j)
intensity 5.527085040716212e-24
finishing 3
starting: 4
some stuff:
tdelaylist (1+0j)
ESFGt (-1.9925490799161333e-28-6.186978235546222e-28j)
ESFGw (-1.878027247603775e-12+5.0019120789723814e-12j)
intensity 2.854611078851203e-23
finishing 4
starting: 5
some stuff:
tdelaylist (1+0j)
ESFGt (-6.610383717363254e-29-6.00839887538173e-28j)
ESFGw (-1.5575665757161516e-12-5.014377801870751e-12j)
intensity 2.7569998377682275e-23
finishing 5
starting: 6
some stuff:
tdelaylist (1+0j)
ESFGt (1.9222580686702954e-28-4.740655515819906e-28j)
ESFGw (-4.498276751085939e-13+6.52216128327332e-13j)
intensity 6.277308153438975e-25
finishing 6
starting: 7
some stuff:
tdelaylist (1+0j)
ESFGt (3.1705419261135794e-28-6.800300045337472e-28j)
ESFGw (9.09816926658591e-13-2.1836239413874914e-12j)
intensity 5.595980357435126e-24
finishing 7
starting: 8
some stuff:
tdelaylist (1+0j)
ESFGt (1.2071035030017746e-28-8.975634509529633e-28j)
ESFGw (3.693748432120891e-12+5.451614853990705e-12j)
intensity 4.3363881996047627e-23
finishing 8
starting: 9
some stuff:
tdelaylist (1+0j)
ESFGt (2.7566510780088263e-28-9.350860496216348e-28j)
ESFGw (-2.118567474229671e-12-2.3816747185545495e-12j)
intensity 1.0160702607865781e-23
finishing 9
starting: 10
some stuff:
tdelaylist (1+0j)
ESFGt (5.516832938558257e-28-8.236697477572224e-28j)
ESFGw (3.1740452280382137e-13+1.2765049434149134e-13j)
intensity 1.1704027980194865e-25
finishing 10
MID-level running in PID 322001 (name=__main__)
/lustre06/project/6067427/ncosta/CPI_Project/two_interfaces/interfaces_jul21.py:382: RuntimeWarning: divide by zero encountered in divide
  waveList = 2 * np.pi * c / freqList * 1e-6
starting: 1
some stuff:
tdelaylist (1+0j)
ESFGt (1.4113224412582663e-28+1.410046113942426e-27j)
ESFGw (1.8192738981959167e-13+7.092021414578653e-12j)
intensity 5.032986532000877e-23
finishing 1
starting: 2
some stuff:
tdelaylist (1+0j)
ESFGt (-5.577918930019077e-29+8.554770540538627e-28j)
ESFGw (3.8882091990544154e-13+3.1115873766474067e-12j)
intensity 9.833157710267603e-24
finishing 2
starting: 3
some stuff:
tdelaylist (1+0j)
ESFGt (-3.6426526264524124e-28-7.811196185248015e-28j)
ESFGw (2.3769493318059887e-12-4.627666305712097e-12j)
intensity 2.7065183562995984e-23
finishing 3
starting: 4
some stuff:
tdelaylist (1+0j)
ESFGt (-3.836476993541419e-28-1.2903015832789632e-27j)
ESFGw (4.728110264418106e-13-6.7750145771316994e-12j)
intensity 4.612437278707199e-23
finishing 4
starting: 5
some stuff:
tdelaylist (1+0j)
ESFGt (-1.830651914281336e-28+3.2747452572495665e-28j)
ESFGw (-3.3241569219466527e-12+9.101192022242799e-13j)
intensity 1.1878336203983203e-23
finishing 5
starting: 6
some stuff:
tdelaylist (1+0j)
ESFGt (-1.1600034793801457e-28+1.9876909216314165e-27j)
ESFGw (6.769584892651892e-13+5.88263812661971e-12j)
intensity 3.506370412494807e-23
finishing 6
starting: 7
some stuff:
tdelaylist (1+0j)
ESFGt (-4.453732218079108e-28+1.2157050183447075e-27j)
ESFGw (-3.283609495419171e-12+5.276230841122498e-12j)
intensity 3.862070320721916e-23
finishing 7
starting: 8
some stuff:
tdelaylist (1+0j)
ESFGt (-7.682357904273597e-28-8.323898183822438e-28j)
ESFGw (2.978568780509505e-12-8.776382398600902e-13j)
intensity 9.6421208602906e-24
finishing 8
starting: 9
some stuff:
tdelaylist (1+0j)
ESFGt (-7.50353395476775e-28-1.1170636887227153e-27j)
ESFGw (1.9733173428626571e-13-8.918144001057726e-12j)
intensity 7.957223223695832e-23
finishing 9
starting: 10
some stuff:
tdelaylist (1+0j)
ESFGt (-5.627181472041699e-28+6.231275805403852e-28j)
ESFGw (1.1067357967575742e-12-1.1346834929981675e-12j)
intensity 2.512370753107145e-24
finishing 10
MID-level running in PID 322001 (name=__main__)
/lustre06/project/6067427/ncosta/CPI_Project/two_interfaces/interfaces_jul21.py:382: RuntimeWarning: divide by zero encountered in divide
  waveList = 2 * np.pi * c / freqList * 1e-6
starting: 1
some stuff:
tdelaylist (1+0j)
ESFGt (1.4095652558789283e-28+1.1046672765366555e-27j)
ESFGw (-1.780509767401739e-12+4.092684524614754e-12j)
intensity 1.9920281649834095e-23
finishing 1
starting: 2
some stuff:
tdelaylist (1+0j)
ESFGt (8.346339706341218e-29+9.695169843597905e-28j)
ESFGw (1.9877086088193607e-12+1.1398139376783689e-11j)
intensity 1.3386856676616144e-22
finishing 2
starting: 3
some stuff:
tdelaylist (1+0j)
ESFGt (-9.125448484732892e-29+2.281190893974105e-29j)
ESFGw (4.31643436271667e-13-4.883024540269787e-12j)
intensity 2.4030244716953386e-23
finishing 3
starting: 4
some stuff:
tdelaylist (1+0j)
ESFGt (-1.6580776036834438e-28-2.8948610036818986e-28j)
ESFGw (5.878466116659986e-12-3.114314361951642e-13j)
intensity 3.4653353424170126e-23
finishing 4
starting: 5
some stuff:
tdelaylist (1+0j)
ESFGt (2.966867394085586e-29+5.299932676967128e-28j)
ESFGw (-5.677291969874432e-12-1.5553051901928683e-11j)
intensity 2.7412906757528808e-22
finishing 5
starting: 6
some stuff:
tdelaylist (1+0j)
ESFGt (1.62383596105755e-28+1.4861622913934247e-27j)
ESFGw (2.039304489165339e-12+4.904396333493821e-12j)
intensity 2.8211866195517546e-23
finishing 6
starting: 7
some stuff:
tdelaylist (1+0j)
ESFGt (1.105807269077292e-28+1.4895518092295574e-27j)
ESFGw (-4.492345731521574e-12-1.6518036938251157e-12j)
intensity 2.2909625614454408e-23
finishing 7
starting: 8
some stuff:
tdelaylist (1+0j)
ESFGt (-9.681162705575654e-29+5.504087201894777e-28j)
ESFGw (-1.9743928714177628e-13+1.7791719486570656e-11j)
intensity 3.16584264560925e-22
finishing 8
starting: 9
some stuff:
tdelaylist (1+0j)
ESFGt (-2.777828167804003e-28-5.0089789730304115e-29j)
ESFGw (1.6178516859532976e-12-1.2610641697552438e-12j)
intensity 4.207726917982409e-24
finishing 9
starting: 10
some stuff:
tdelaylist (1+0j)
ESFGt (-9.594209451230639e-29+4.992951292814859e-28j)
ESFGw (-1.4216002507116965e-12+1.1081782193278489e-12j)
intensity 3.2490062386162e-24
finishing 10
MID-level running in PID 322001 (name=__main__)
/lustre06/project/6067427/ncosta/CPI_Project/two_interfaces/interfaces_jul21.py:382: RuntimeWarning: divide by zero encountered in divide
  waveList = 2 * np.pi * c / freqList * 1e-6
starting: 1
some stuff:
tdelaylist (1+0j)
ESFGt (3.51581740663906e-21-4.452289126904186e-22j)
ESFGw (-1.0281470119721803e-10-3.28929106174769e-10j)
intensity 1.1876521967120569e-19
finishing 1
starting: 2
some stuff:
tdelaylist (1+0j)
ESFGt (3.912804992298177e-21+1.962857079501779e-21j)
ESFGw (3.341732446315859e-11+9.259382149906514e-11j)
intensity 9.690333354076755e-21
finishing 2
starting: 3
some stuff:
tdelaylist (1+0j)
ESFGt (1.675604818376368e-21+1.8672954908419707e-21j)
ESFGw (-2.9032887205460156e-12+1.0358372493080026e-10j)
intensity 1.0738017155934542e-20
finishing 3
starting: 4
some stuff:
tdelaylist (1+0j)
ESFGt (9.486183925681445e-22-1.1583759955147655e-21j)
ESFGw (-4.377470608218914e-11-4.4946421584590723e-11j)
intensity 3.93640570584181e-21
finishing 4
starting: 5
some stuff:
tdelaylist (1+0j)
ESFGt (9.514228767299094e-22-1.553646975607504e-21j)
ESFGw (-2.4406990317693555e-11-9.113485660572351e-11j)
intensity 8.901263264913774e-21
finishing 5
starting: 6
some stuff:
tdelaylist (1+0j)
ESFGt (-7.380494586797226e-22-2.2528584968629338e-22j)
ESFGw (-7.400996482331834e-12-6.694439447230138e-11j)
intensity 4.536326700194583e-21
finishing 6
starting: 7
some stuff:
tdelaylist (1+0j)
ESFGt (2.6461268784868023e-23-9.046992242487892e-23j)
ESFGw (4.3847009356667854e-12-2.4909622975410883e-12j)
intensity 2.543049546300836e-23
finishing 7
starting: 8
some stuff:
tdelaylist (1+0j)
ESFGt (6.903410727162813e-22+4.410501111501423e-22j)
ESFGw (8.90647451623483e-12+4.655812887999211e-11j)
intensity 2.246984653114296e-21
finishing 8
starting: 9
some stuff:
tdelaylist (1+0j)
ESFGt (5.82548895110897e-22+8.3105922360366885e-22j)
ESFGw (5.15267516154605e-12+4.284543032861965e-11j)
intensity 1.8622809613650144e-21
finishing 9
starting: 10
some stuff:
tdelaylist (1+0j)
ESFGt (9.269278443242926e-22+2.5511552748638233e-21j)
ESFGw (-1.99239583165145e-12+7.719797023852948e-13j)
intensity 4.5655938108769624e-24
finishing 10
MID-level running in PID 322001 (name=__main__)
/lustre06/project/6067427/ncosta/CPI_Project/two_interfaces/interfaces_jul21.py:382: RuntimeWarning: divide by zero encountered in divide
  waveList = 2 * np.pi * c / freqList * 1e-6
starting: 1
some stuff:
tdelaylist (1+0j)
ESFGt (-6.181368589468132e-23+2.531927839639878e-24j)
ESFGw (3.9956753183911786e-14-1.4528742792174754e-14j)
intensity 1.807626492121215e-27
finishing 1
starting: 2
some stuff:
tdelaylist (1+0j)
ESFGt (-3.3098685510821056e-23+5.9074662101368695e-24j)
ESFGw (1.2435798918408736e-15-6.509549843602969e-16j)
intensity 1.9702333390544735e-30
finishing 2
starting: 3
some stuff:
tdelaylist (1+0j)
ESFGt (3.7936702353960815e-23-4.859410411867872e-24j)
ESFGw (-1.8556120182089408e-14+6.880346986593011e-15j)
intensity 3.916687708680655e-28
finishing 3
starting: 4
some stuff:
tdelaylist (1+0j)
ESFGt (4.7248731348834797e-23-8.549654123668802e-24j)
ESFGw (-3.764241522652423e-14+1.385436904088877e-14j)
intensity 1.6088949656072008e-27
finishing 4
starting: 5
some stuff:
tdelaylist (1+0j)
ESFGt (-1.926162416232328e-23+2.705303788885533e-24j)
ESFGw (4.7523183305253625e-14-1.732945384413931e-14j)
intensity 2.558762922000891e-27
finishing 5
starting: 6
some stuff:
tdelaylist (1+0j)
ESFGt (-6.980848337451791e-23+2.5519318362804255e-24j)
ESFGw (2.9173712057239953e-15-1.2117043479697998e-15j)
intensity 9.979282178876394e-30
finishing 6
starting: 7
some stuff:
tdelaylist (1+0j)
ESFGt (-2.9430353527697193e-23-1.5952700613820889e-24j)
ESFGw (9.955686448848144e-15-3.885346905319054e-15j)
intensity 1.1421161324245092e-28
finishing 7
starting: 8
some stuff:
tdelaylist (1+0j)
ESFGt (4.1262059357878905e-23-4.047794589092243e-24j)
ESFGw (-6.310208432169784e-14+2.3629535828018078e-14j)
intensity 4.5402280091902526e-27
finishing 8
starting: 9
some stuff:
tdelaylist (1+0j)
ESFGt (3.273598727962878e-23-9.576608703482445e-24j)
ESFGw (4.004912720900755e-14-1.488349374301201e-14j)
intensity 1.825450976201547e-27
finishing 9
starting: 10
some stuff:
tdelaylist (1+0j)
ESFGt (-4.063945129475395e-23-1.9264942406132246e-24j)
ESFGw (1.3491811834409617e-15-4.833373284940379e-16j)
intensity 2.0539048388669078e-30
finishing 10
MID-level running in PID 322001 (name=__main__)
/lustre06/project/6067427/ncosta/CPI_Project/two_interfaces/interfaces_jul21.py:382: RuntimeWarning: divide by zero encountered in divide
  waveList = 2 * np.pi * c / freqList * 1e-6
starting: 1
some stuff:
tdelaylist (1+0j)
ESFGt (9.095888094804321e-27+3.2665870420022716e-25j)
ESFGw (2.0242869880338077e-12+2.4239343171528205e-12j)
intensity 9.973195383794095e-24
slurmstepd: error: *** STEP 46748761.7 ON nc30319 CANCELLED AT 2025-07-24T06:52:28 DUE TO TIME LIMIT ***
slurmstepd: error: *** JOB 46748761 ON nc30319 CANCELLED AT 2025-07-24T06:52:28 DUE TO TIME LIMIT ***
srun: Job step aborted: Waiting up to 62 seconds for job step to finish.
