Top-level running in PID 166809 (name=__main__)
Running interfere() with b=830.0, sigma_s=10.0
MID-level running in PID 166809 (name=__main__)
E1_shared element:  0j
E1 element:  (-6.697632926213961e-10+8.765146732994227e-10j)
this thing psm_ef922282
ill try to just make an array with this now
testfreq element:  0.0
did it
disp entry 0 (-0.08332452033614668+0j)
starting: 0
some stuff:
tdelaylist (1+0j)
ESFGt (4.946912810181288e-32-1.4433565995328638e-32j)
ESFGw (8.698163717069107e-13-8.466903393677949e-14j)
intensity 7.637493657971622e-25
data entry 0 [2.75249600e-26 2.13761521e-26 1.59907213e-26 ... 5.04579375e-26
 4.20779780e-26 3.44299232e-26]
finishing 0
disp entry 800 (-0.27796535717647075+0.2050566582042932j)
starting: 800
some stuff:
tdelaylist (1+0j)
ESFGt (9.897985929969007e-31+1.2504807341335583e-30j)
ESFGw (2.28291691106719e-12+2.6865211444349058e-12j)
intensity 1.2429105482332397e-23
data entry 800 [4.32673110e-24 4.01595673e-24 3.73304090e-24 ... 5.42355237e-24
 5.03079276e-24 4.66514037e-24]
finishing 800
disp entry 1600 (-0.4928812110671021+0.021359994690023542j)
starting: 1600
some stuff:
tdelaylist (1+0j)
ESFGt (-3.669031961006899e-31+5.2527933673838995e-31j)
ESFGw (4.14847670104912e-12-4.656691698912141e-13j)
intensity 1.7426706714934554e-23
data entry 1600 [6.47642577e-25 5.05112814e-25 3.80123966e-25 ... 1.17817030e-24
 9.84443697e-25 8.07499396e-25]
finishing 1600
disp entry 2400 (-0.32062736491562593-0.20283166645248532j)
starting: 2400
some stuff:
tdelaylist (1+0j)
ESFGt (-2.3950518722862783e-30+3.1790182071095622e-31j)
ESFGw (4.148473231602168e-12-4.6567957823207e-13j)
intensity 1.742668762290213e-23
data entry 2400 [6.47652326e-25 5.05110829e-25 3.80123466e-25 ... 1.17821536e-24
 9.84464792e-25 8.07493831e-25]
finishing 2400
disp entry 3200 (-0.08776846410639105-0.04248822020746742j)
starting: 3200
some stuff:
tdelaylist (1+0j)
ESFGt (-1.5928760955337284e-29+1.537030521835767e-30j)
ESFGw (4.148480170496072e-12-4.65674374061642e-13j)
intensity 1.742674034765682e-23
data entry 3200 [6.47649765e-25 5.05130594e-25 3.80125744e-25 ... 1.17820598e-24
 9.84426120e-25 8.07511417e-25]
finishing 3200
disp entry 4000 (-0.23576625864575806+0.19840582548751706j)
starting: 4000
some stuff:
tdelaylist (1+0j)
ESFGt (4.25670390477959e-31-2.998003361828698e-30j)
ESFGw (4.1484871093899756e-12-4.656622309973102e-13j)
intensity 1.7426786610152193e-23
data entry 4000 [6.47651178e-25 5.05127995e-25 3.80132304e-25 ... 1.17820816e-24
 9.84442740e-25 8.07492719e-25]
finishing 4000
disp entry 4800 (-0.4840415430690601+0.06315542221883048j)
starting: 4800
some stuff:
tdelaylist (1+0j)
ESFGt (-3.931960518867752e-30+6.440934156630073e-30j)
ESFGw (4.14847670104912e-12-4.65672639338166e-13j)
intensity 1.7426709946175558e-23
data entry 4800 [6.47663362e-25 5.05133995e-25 3.80127300e-25 ... 1.17821693e-24
 9.84449135e-25 8.07528577e-25]
finishing 4800
disp entry 5600 (-0.3619056678810876-0.1918271584251852j)
starting: 5600
some stuff:
tdelaylist (1+0j)
ESFGt (5.965379171326947e-30-1.0505428748327048e-30j)
ESFGw (4.148469762155216e-12-4.656622309973102e-13j)
intensity 1.7426642680893545e-23
data entry 5600 [6.47648807e-25 5.05104478e-25 3.80128829e-25 ... 1.17819347e-24
 9.84467991e-25 8.07493626e-25]
finishing 5600
disp entry 6400 (-0.10090794045923898-0.08313734878120543j)
starting: 6400
some stuff:
tdelaylist (1+0j)
ESFGt (9.713397581861643e-31+5.7236787248882715e-30j)
ESFGw (4.148481905219548e-12-4.656674351677381e-13j)
intensity 1.7426748278109707e-23
data entry 6400 [6.47643396e-25 5.05124178e-25 3.80132387e-25 ... 1.17823335e-24
 9.84446899e-25 8.07515072e-25]
finishing 6400
disp entry 7200 (-0.19585664640014067+0.18316704787788468j)
starting: 7200
some stuff:
tdelaylist (1+0j)
ESFGt (-5.344202817369379e-30-3.329872688534769e-30j)
ESFGw (4.148473231602168e-12-4.656709046146901e-13j)
intensity 1.74266795447244e-23
data entry 7200 [6.47642438e-25 5.05113725e-25 3.80120491e-25 ... 1.17821316e-24
 9.84451052e-25 8.07507666e-25]
finishing 7200
disp entry 8000 (-0.46674482981831067+0.10221718361476176j)
starting: 8000
some stuff:
tdelaylist (1+0j)
ESFGt (8.542415624713744e-30-1.1273992157493542e-29j)
ESFGw (4.148481905219548e-12-4.656587615503582e-13j)
intensity 1.7426740200142618e-23
data entry 8000 [6.47652741e-25 5.05131724e-25 3.80122993e-25 ... 1.17822731e-24
 9.84429956e-25 8.07503998e-25]
finishing 8000
disp entry 8800 (-0.4000135453943324-0.17251946140905j)
starting: 8800
some stuff:
tdelaylist (1+0j)
ESFGt (-3.574939750794199e-30-9.186706147269497e-30j)
ESFGw (4.148481905219548e-12-4.656622309973102e-13j)
intensity 1.74267434313114e-23
data entry 8800 [6.47642236e-25 5.05107659e-25 3.80128023e-25 ... 1.17822619e-24
 9.84467030e-25 8.07486935e-25]
finishing 8800
disp entry 9600 (-0.12217421055568767-0.12018789869367334j)
starting: 9600
some stuff:
tdelaylist (1+0j)
ESFGt (2.966826618537545e-30-2.2301185420410473e-30j)
ESFGw (4.148483639943024e-12-4.656657004442621e-13j)
intensity 1.7426761055445167e-23
data entry 9600 [6.47666350e-25 5.05126361e-25 3.80136751e-25 ... 1.17822456e-24
 9.84464473e-25 8.07530762e-25]
finishing 9600
disp entry 10400 (-0.1599639976939711+0.15999993192688947j)
starting: 10400
some stuff:
tdelaylist (1+0j)
ESFGt (6.075480674202366e-30+1.2578628386567223e-29j)
ESFGw (4.148474966325644e-12-4.656657004442621e-13j)
intensity 1.7426689090800793e-23
data entry 10400 [6.47659854e-25 5.05130452e-25 3.80138223e-25 ... 1.17822593e-24
 9.84482693e-25 8.07509768e-25]
finishing 10400
disp entry 11200 (-0.44173975507885027+0.13685450062843046j)
starting: 11200
some stuff:
tdelaylist (1+0j)
ESFGt (1.2886480012697293e-30-1.524673048135177e-29j)
ESFGw (4.148473231602168e-12-4.656691698912141e-13j)
intensity 1.7426677929106905e-23
data entry 11200 [6.47644469e-25 5.05124178e-25 3.80133443e-25 ... 1.17824164e-24
 9.84478540e-25 8.07494738e-25]
finishing 11200
disp entry 12000 (-0.43330150782337373-0.14574430408077105j)
starting: 12000
some stuff:
tdelaylist (1+0j)
ESFGt (-1.8682348008579167e-30-6.530502688422617e-30j)
ESFGw (4.148480170496072e-12-4.656691698912141e-13j)
intensity 1.7426735500786285e-23
data entry 12000 [6.47649753e-25 5.05108284e-25 3.80151035e-25 ... 1.17820267e-24
 9.84446258e-25 8.07514549e-25]
finishing 12000
disp entry 12800 (-0.15064676938931237-0.1520361464648941j)
starting: 12800
some stuff:
tdelaylist (1+0j)
ESFGt (1.4823264377880474e-29-1.2949020073742961e-31j)
ESFGw (4.148480170496072e-12-4.656639657207862e-13j)
intensity 1.7426730653969925e-23
data entry 12800 [6.47650976e-25 5.05124737e-25 3.80137334e-25 ... 1.17821266e-24
 9.84458720e-25 8.07513629e-25]
finishing 12800
disp entry 13600 (-0.12964191655268456+0.12990726026263566j)
starting: 13600
some stuff:
tdelaylist (1+0j)
ESFGt (1.6236943600676546e-29+2.380062720640977e-30j)
ESFGw (4.148483639943024e-12-4.65676108785118e-13j)
intensity 1.7426770749168164e-23
data entry 13600 [6.47649211e-25 5.05125242e-25 3.80132387e-25 ... 1.17822903e-24
 9.84450093e-25 8.07499987e-25]
finishing 13600
disp entry 14400 (-0.41010865705005745+0.16556810594236218j)
starting: 14400
some stuff:
tdelaylist (1+0j)
ESFGt (2.085514305138485e-30+7.055663159172252e-30j)
ESFGw (4.148480170496072e-12-4.656622309973102e-13j)
intensity 1.7426729038376514e-23
data entry 14400 [6.47637431e-25 5.05112672e-25 3.80122437e-25 ... 1.17821949e-24
 9.84467670e-25 8.07502487e-25]
finishing 14400
disp entry 15200 (-0.4603286943152921-0.11266064220723578j)
starting: 15200
some stuff:
tdelaylist (1+0j)
ESFGt (-1.2266073278401095e-29+2.232139263849885e-30j)
ESFGw (4.148473231602168e-12-4.656691698912141e-13j)
intensity 1.7426677929106905e-23
data entry 15200 [6.47648605e-25 5.05110763e-25 3.80132637e-25 ... 1.17819534e-24
 9.84483335e-25 8.07500729e-25]
finishing 15200
disp entry 16000 (-0.18509318960763632-0.17730354891892558j)
starting: 16000
some stuff:
tdelaylist (1+0j)
ESFGt (-3.2037694161604763e-31+1.416703835588421e-29j)
ESFGw (4.1484871093899756e-12-4.656847824024979e-13j)
intensity 1.742680761333605e-23
data entry 16000 [6.47651859e-25 5.05109348e-25 3.80129802e-25 ... 1.17821418e-24
 9.84433790e-25 8.07507282e-25]
finishing 16000
disp entry 16800 (-0.10620288642397324+0.09419158640287606j)
starting: 16800
some stuff:
tdelaylist (1+0j)
ESFGt (4.727536600137045e-30+1.0451481645025439e-29j)
ESFGw (4.1484853746664996e-12-4.656674351677381e-13j)
intensity 1.742677706399754e-23
data entry 16800 [6.47642854e-25 5.05102569e-25 3.80135861e-25 ... 1.17820693e-24
 9.84459361e-25 8.07525513e-25]
finishing 16800
disp entry 17600 (-0.37322067963738087+0.18711513856946j)
starting: 17600
some stuff:
tdelaylist (1+0j)
ESFGt (-9.129055390406865e-30-2.685006042091745e-29j)
ESFGw (4.148473231602168e-12-4.656639657207862e-13j)
intensity 1.7426673082290545e-23
data entry 17600 [6.47645755e-25 5.05107165e-25 3.80130608e-25 ... 1.17820167e-24
 9.84442101e-25 8.07514948e-25]
finishing 17600
disp entry 18400 (-0.47992524008597015-0.074700493544606j)
starting: 18400
some stuff:
tdelaylist (1+0j)
ESFGt (1.6066829819807467e-30+7.97266084795493e-30j)
ESFGw (4.1484871093899756e-12-4.65676108785118e-13j)
intensity 1.7426799535068047e-23
data entry 18400 [6.47659577e-25 5.05150229e-25 3.80141141e-25 ... 1.17822413e-24
 9.84465114e-25 8.07522353e-25]
finishing 18400
disp entry 19200 (-0.22402246681164956-0.19489641306904357j)
starting: 19200
some stuff:
tdelaylist (1+0j)
ESFGt (-3.966486574702816e-30+2.5196067270779387e-29j)
ESFGw (4.148480170496072e-12-4.656691698912141e-13j)
intensity 1.7426735500786285e-23
data entry 19200 [6.47653751e-25 5.05105816e-25 3.80130441e-25 ... 1.17818087e-24
 9.84436027e-25 8.07495989e-25]
finishing 19200
disp entry 20000 (-0.09066145967086797+0.05439885406254672j)
starting: 20000
some stuff:
tdelaylist (1+0j)
ESFGt (2.292927932352376e-30-1.879126687009811e-29j)
ESFGw (4.148483639943024e-12-4.65672639338166e-13j)
intensity 1.742676751790309e-23
data entry 20000 [6.47650976e-25 5.05114229e-25 3.80122187e-25 ... 1.17822652e-24
 9.84469909e-25 8.07499272e-25]
finishing 20000
disp entry 20800 (-0.33267250941214777+0.2005629407697033j)
starting: 20800
some stuff:
tdelaylist (1+0j)
ESFGt (1.2020235091847525e-29+1.5384753454522497e-29j)
ESFGw (4.148471496878692e-12-4.656639657207862e-13j)
intensity 1.742665868938575e-23
data entry 20800 [6.47638377e-25 5.05112737e-25 3.80117573e-25 ... 1.17819241e-24
 9.84439864e-25 8.07493763e-25]
finishing 20800
disp entry 21600 (-0.49124291371500883-0.03350695331973686j)
starting: 21600
some stuff:
tdelaylist (1+0j)
ESFGt (-2.9690873292730464e-30-1.552376497142249e-29j)
ESFGw (4.148474966325644e-12-4.6567957823207e-13j)
intensity 1.742670201581295e-23
data entry 21600 [6.47652666e-25 5.05126010e-25 3.80139279e-25 ... 1.17821418e-24
 9.84470869e-25 8.07518946e-25]
finishing 21600
disp entry 22400 (-0.26574955729597927-0.20405323633608952j)
starting: 22400
some stuff:
tdelaylist (1+0j)
ESFGt (1.9183010048583088e-29+9.005425734304895e-30j)
ESFGw (4.148480170496072e-12-4.65676108785118e-13j)
intensity 1.7426741963292365e-23
data entry 22400 [6.47643863e-25 5.05123180e-25 3.80127607e-25 ... 1.17820546e-24
 9.84441782e-25 8.07468855e-25]
finishing 22400
disp entry 23200 (-0.08369034293483901+0.012251481379495556j)
starting: 23200
some stuff:
tdelaylist (1+0j)
ESFGt (1.5634473593620223e-30+1.2589084831995754e-29j)
ESFGw (4.1484871093899756e-12-4.656639657207862e-13j)
intensity 1.742678822574561e-23
data entry 23200 [6.47641227e-25 5.05120580e-25 3.80122270e-25 ... 1.17822958e-24
 9.84456166e-25 8.07522944e-25]
finishing 23200
disp entry 24000 (-0.29021926344586946+0.20532942789944855j)
starting: 24000
some stuff:
tdelaylist (1+0j)
ESFGt (1.0061163353772754e-30+4.40849170991144e-29j)
ESFGw (4.148471496878692e-12-4.65677843508594e-13j)
intensity 1.7426671614349745e-23
data entry 24000 [6.47652943e-25 5.05132503e-25 3.80128579e-25 ... 1.17824180e-24
 9.84464154e-25 8.07495013e-25]
finishing 24000
disp entry 24800 (-0.4937918326235938+0.009136926722173132j)
starting: 24800
some stuff:
tdelaylist (1+0j)
ESFGt (2.7899141545015023e-30-1.031043473614711e-28j)
ESFGw (4.148483639943024e-12-4.656691698912141e-13j)
intensity 1.7426764286662088e-23
data entry 24800 [6.47651455e-25 5.05127841e-25 3.80130608e-25 ... 1.17824327e-24
 9.84457443e-25 8.07469885e-25]
finishing 24800
disp entry 25600 (-0.3084683147303033-0.2043776679908563j)
starting: 25600
some stuff:
tdelaylist (1+0j)
ESFGt (8.994256092943834e-30-3.3518732031889394e-29j)
ESFGw (4.148471496878692e-12-4.6567957823207e-13j)
intensity 1.7426673229997338e-23
data entry 25600 [6.47649147e-25 5.05133074e-25 3.80136527e-25 ... 1.17819878e-24
 9.84443061e-25 8.07502226e-25]
finishing 25600
disp entry 26400 (-0.08559127920263429-0.030426193509574158j)
starting: 26400
some stuff:
tdelaylist (1+0j)
ESFGt (1.434332865427025e-29+4.618522194437267e-30j)
ESFGw (4.14847670104912e-12-4.656604962738342e-13j)
intensity 1.7426698636937378e-23
data entry 26400 [6.47641429e-25 5.05117257e-25 3.80134332e-25 ... 1.17822870e-24
 9.84447216e-25 8.07508587e-25]
finishing 26400
disp entry 27200 (-0.24769851952128205+0.20120828379483222j)
starting: 27200
some stuff:
tdelaylist (1+0j)
ESFGt (9.092375452762903e-30+1.4723376322241384e-29j)
ESFGw (4.148480170496072e-12-4.65676108785118e-13j)
intensity 1.7426741963292365e-23
data entry 27200 [6.47659716e-25 5.05110050e-25 3.80137167e-25 ... 1.17824178e-24
 9.84473419e-25 8.07527272e-25]
finishing 27200
disp entry 28000 (-0.48746166751534703+0.051385317251679545j)
starting: 28000
some stuff:
tdelaylist (1+0j)
ESFGt (8.886633472555429e-30-9.610753791306033e-30j)
ESFGw (4.148480170496072e-12-4.65677843508594e-13j)
intensity 1.742674357893393e-23
data entry 28000 [6.47635262e-25 5.05125736e-25 3.80130941e-25 ... 1.17824235e-24
 9.84439545e-25 8.07512585e-25]
finishing 28000
disp entry 28800 (-0.3503296687365974-0.19585566509299235j)
starting: 28800
some stuff:
tdelaylist (1+0j)
ESFGt (9.561976606198888e-30-6.478903564557114e-30j)
ESFGw (4.14847670104912e-12-4.656691698912141e-13j)
intensity 1.7426706714934554e-23
data entry 28800 [6.47655856e-25 5.05114854e-25 3.80129802e-25 ... 1.17820447e-24
 9.84471827e-25 8.07500124e-25]
finishing 28800
disp entry 29600 (-0.09628198693905932-0.07178687847399047j)
starting: 29600
some stuff:
tdelaylist (1+0j)
ESFGt (2.1553671823683025e-29-1.2825160208827326e-29j)
ESFGw (4.1484871093899756e-12-4.656691698912141e-13j)
intensity 1.7426793072561965e-23
data entry 29600 [6.47650913e-25 5.05120569e-25 3.80121521e-25 ... 1.17819295e-24
 9.84465113e-25 8.07492719e-25]
finishing 29600
disp entry 30400 (-0.20695077705280712+0.18837789111361647j)
starting: 30400
some stuff:
tdelaylist (1+0j)
ESFGt (-1.1703048724018253e-30+3.450983589381345e-29j)
ESFGw (4.148474966325644e-12-4.65676108785118e-13j)
intensity 1.7426698784523806e-23
data entry 30400 [6.47641769e-25 5.05122905e-25 3.80128662e-25 ... 1.17820944e-24
 9.84441783e-25 8.07504259e-25]
finishing 30400
disp entry 31200 (-0.472526417951415+0.0914095076006959j)
starting: 31200
some stuff:
tdelaylist (1+0j)
ESFGt (7.526460495659634e-30+4.513227466637502e-29j)
ESFGw (4.14846802743174e-12-4.656709046146901e-13j)
intensity 1.7426636366028057e-23
data entry 31200 [6.47657547e-25 5.05132503e-25 3.80133999e-25 ... 1.17823200e-24
 9.84430596e-25 8.07511403e-25]
finishing 31200
disp entry 32000 (-0.38952166142267697-0.17885610033604898j)
starting: 32000
some stuff:
tdelaylist (1+0j)
ESFGt (1.2608283946128864e-29+5.305800225668128e-29j)
ESFGw (4.1484888441134515e-12-4.656691698912141e-13j)
intensity 1.7426807465520934e-23
data entry 32000 [6.47653751e-25 5.05124321e-25 3.80139752e-25 ... 1.17822557e-24
 9.84466395e-25 8.07527601e-25]
finishing 32000
disp entry 32800 (-0.11529972162196883-0.11004028695169102j)
starting: 32800
some stuff:
tdelaylist (1+0j)
ESFGt (2.4463603011008002e-29-1.0914648236424572e-29j)
ESFGw (4.14847670104912e-12-4.65677843508594e-13j)
intensity 1.7426714793082202e-23
data entry 32800 [6.47639739e-25 5.05116906e-25 3.80117490e-25 ... 1.17820215e-24
 9.84459998e-25 8.07506031e-25]
finishing 32800
disp entry 33600 (-0.16973979154494+0.16739361008793785j)
starting: 33600
some stuff:
tdelaylist (1+0j)
ESFGt (1.487929840683276e-29-1.9928251649829267e-29j)
ESFGw (4.148483639943024e-12-4.656709046146901e-13j)
intensity 1.742676590227958e-23
data entry 33600 [6.47644682e-25 5.05117037e-25 3.80126717e-25 ... 1.17822899e-24
 9.84422283e-25 8.07480711e-25]
finishing 33600
disp entry 34400 (-0.4496325523502561+0.12747706103127154j)
starting: 34400
some stuff:
tdelaylist (1+0j)
ESFGt (-3.6672020266331773e-29-2.896332241126642e-29j)
ESFGw (4.14847670104912e-12-4.65674374061642e-13j)
intensity 1.7426711561805092e-23
data entry 34400 [6.47649828e-25 5.05117958e-25 3.80141614e-25 ... 1.17820916e-24
 9.84450729e-25 8.07507351e-25]
finishing 34400
disp entry 35200 (-0.4243478775114139-0.15411479548824286j)
starting: 35200
some stuff:
tdelaylist (1+0j)
ESFGt (1.031254084586559e-29-2.9614648596650263e-30j)
ESFGw (4.148483639943024e-12-4.65672639338166e-13j)
intensity 1.742676751790309e-23
data entry 35200 [6.47638112e-25 5.05115984e-25 3.80129635e-25 ... 1.17821712e-24
 9.84444337e-25 8.07484393e-25]
finishing 35200
disp entry 36000 (-0.14182130551934682-0.1435306300404952j)
starting: 36000
some stuff:
tdelaylist (1+0j)
ESFGt (-1.498795922383181e-29+1.1560727767342728e-29j)
ESFGw (4.148473231602168e-12-4.656709046146901e-13j)
intensity 1.74266795447244e-23
data entry 36000 [6.47640079e-25 5.05117958e-25 3.80144616e-25 ... 1.17822799e-24
 9.84450409e-25 8.07477304e-25]
finishing 36000
disp entry 36800 (-0.13767623089095254+0.13916373990015324j)
starting: 36800
some stuff:
tdelaylist (1+0j)
ESFGt (-5.6026310186179956e-30-1.3282322563161555e-29j)
ESFGw (4.148480170496072e-12-4.656622309973102e-13j)
intensity 1.7426729038376514e-23
data entry 36800 [6.47658089e-25 5.05130244e-25 3.80138530e-25 ... 1.17826725e-24
 9.84461597e-25 8.07509823e-25]
finishing 36800
disp entry 37600 (-0.4197710257691817+0.15802680281216688j)
starting: 37600
some stuff:
tdelaylist (1+0j)
ESFGt (-8.566390443255827e-29-2.3833650886424935e-29j)
ESFGw (4.1484853746664996e-12-4.656674351677381e-13j)
intensity 1.742677706399754e-23
data entry 37600 [6.47667031e-25 5.05125297e-25 3.80139029e-25 ... 1.17825604e-24
 9.84469590e-25 8.07525444e-25]
finishing 37600
disp entry 38400 (-0.45330087323767376-0.12270267153734568j)
starting: 38400
some stuff:
tdelaylist (1+0j)
ESFGt (-4.2462745427409026e-29+5.75287687608812e-30j)
ESFGw (4.14847670104912e-12-4.656691698912141e-13j)
intensity 1.7426706714934554e-23
data entry 38400 [6.47645086e-25 5.05117893e-25 3.80123076e-25 ... 1.17820013e-24
 9.84457119e-25 8.07494491e-25]
finishing 38400
disp entry 39200 (-0.17469875872474322-0.17080828689291422j)
starting: 39200
some stuff:
tdelaylist (1+0j)
ESFGt (-1.5587668982073306e-29+1.539640382605327e-29j)
ESFGw (4.1484905788369275e-12-4.65676108785118e-13j)
intensity 1.7426828320991998e-23
data entry 39200 [6.47640962e-25 5.05115425e-25 3.80148840e-25 ... 1.17822960e-24
 9.84466712e-25 8.07496648e-25]
finishing 39200
disp entry 40000 (-0.11214795802928271+0.10491020318740657j)
starting: 40000
some stuff:
tdelaylist (1+0j)
ESFGt (4.1475119524130637e-29+4.605397433256099e-29j)
ESFGw (4.148471496878692e-12-4.65674374061642e-13j)
intensity 1.742666838307263e-23
data entry 40000 [6.47658354e-25 5.05109699e-25 3.80139029e-25 ... 1.17818800e-24
 9.84446896e-25 8.07507790e-25]
finishing 40000
disp entry 40800 (-0.3842343866707455+0.1817363952637222j)
starting: 40800
some stuff:
tdelaylist (1+0j)
ESFGt (9.429573436420573e-30-5.5658359765672006e-30j)
ESFGw (4.148483639943024e-12-4.656691698912141e-13j)
intensity 1.7426764286662088e-23
data entry 40800 [6.47650976e-25 5.05116412e-25 3.80149563e-25 ... 1.17821828e-24
 9.84442740e-25 8.07500192e-25]
finishing 40800
disp entry 41600 (-0.47512742566221566-0.0859793941524216j)
starting: 41600
some stuff:
tdelaylist (1+0j)
ESFGt (-1.8159515204723256e-29+4.7960637454340506e-29j)
ESFGw (4.148480170496072e-12-4.656691698912141e-13j)
intensity 1.7426735500786285e-23
data entry 41600 [6.47638314e-25 5.05101659e-25 3.80131414e-25 ... 1.17820774e-24
 9.84449447e-25 8.07492059e-25]
finishing 41600
disp entry 42400 (-0.21250898917091932-0.19069255117999337j)
starting: 42400
some stuff:
tdelaylist (1+0j)
ESFGt (-5.30793545003069e-29+1.571937550687955e-29j)
ESFGw (4.1484888441134515e-12-4.656587615503582e-13j)
intensity 1.7426797771942375e-23
data entry 42400 [6.47656601e-25 5.05134620e-25 3.80138556e-25 ... 1.17822456e-24
 9.84464795e-25 8.07510868e-25]
finishing 42400
disp entry 43200 (-0.09425995765484863+0.0661156554360073j)
starting: 43200
some stuff:
tdelaylist (1+0j)
ESFGt (2.2199502337877904e-31+3.370334520643745e-30j)
ESFGw (4.148478435772596e-12-4.656691698912141e-13j)
intensity 1.7426721107857418e-23
data entry 43200 [6.47644204e-25 5.05120361e-25 3.80131414e-25 ... 1.17820949e-24
 9.84455842e-25 8.07498874e-25]
finishing 43200
disp entry 44000 (-0.3445608292964949+0.1975795748026719j)
starting: 44000
some stuff:
tdelaylist (1+0j)
ESFGt (5.416601232317879e-30-1.7411413296583108e-29j)
ESFGw (4.14847670104912e-12-4.656570268268823e-13j)
intensity 1.7426695405780642e-23
data entry 44000 [6.47643927e-25 5.05109425e-25 3.80125438e-25 ... 1.17822344e-24
 9.84456805e-25 8.07474213e-25]
finishing 44000
disp entry 44800 (-0.4888827781028081-0.045534520906651124j)
starting: 44800
some stuff:
tdelaylist (1+0j)
ESFGt (-1.8410826492974255e-29-6.729840199248618e-30j)
ESFGw (4.14847670104912e-12-4.656691698912141e-13j)
intensity 1.7426706714934554e-23
data entry 44800 [6.47642311e-25 5.05119867e-25 3.80121854e-25 ... 1.17822458e-24
 9.84432835e-25 8.07518877e-25]
finishing 44800
disp entry 45600 (-0.25361539080227835-0.20232273765968942j)
starting: 45600
some stuff:
tdelaylist (1+0j)
ESFGt (-1.7438783318968558e-29+1.1713732143299996e-28j)
ESFGw (4.148483639943024e-12-4.656674351677381e-13j)
intensity 1.742676267105062e-23
data entry 45600 [6.47635337e-25 5.05134192e-25 3.80109042e-25 ... 1.17821987e-24
 9.84459999e-25 8.07496126e-25]
finishing 45600
disp entry 46400 (-0.08478650724202158+0.024459308621781518j)
starting: 46400
some stuff:
tdelaylist (1+0j)
ESFGt (-1.1872902203418286e-29-5.791731835631387e-29j)
ESFGw (4.148481905219548e-12-4.656674351677381e-13j)
intensity 1.7426748278109707e-23
data entry 46400 [6.47642173e-25 5.05118244e-25 3.80141474e-25 ... 1.17820067e-24
 9.84469909e-25 8.07500783e-25]
finishing 46400
disp entry 47200 (-0.3024676133266657+0.20487057349617535j)
starting: 47200
some stuff:
tdelaylist (1+0j)
ESFGt (2.4668777744661543e-30+1.3849918944213162e-29j)
ESFGw (4.148478435772596e-12-4.656674351677381e-13j)
intensity 1.7426719492245945e-23
data entry 47200 [6.47648542e-25 5.05128335e-25 3.80133693e-25 ... 1.17824273e-24
 9.84439224e-25 8.07512983e-25]
finishing 47200
disp entry 48000 (-0.4939715336831175-0.0031186976884791016j)
starting: 48000
some stuff:
tdelaylist (1+0j)
ESFGt (-2.1053071473622635e-29+1.2385864616309212e-29j)
ESFGw (4.148473231602168e-12-4.656674351677381e-13j)
intensity 1.7426676313495432e-23
data entry 48000 [6.47648882e-25 5.05124452e-25 3.80140168e-25 ... 1.17821174e-24
 9.84461276e-25 8.07518561e-25]
finishing 48000
disp entry 48800 (-0.2962386836451342-0.2051954367151953j)
starting: 48800
some stuff:
tdelaylist (1+0j)
ESFGt (2.0341402743352325e-29+2.697487798459059e-29j)
ESFGw (4.14847670104912e-12-4.656604962738342e-13j)
intensity 1.7426698636937378e-23
data entry 48800 [6.47654633e-25 5.05108427e-25 3.80130108e-25 ... 1.17824496e-24
 9.84465752e-25 8.07502418e-25]
finishing 48800
disp entry 49600 (-0.08413766264420536-0.01825575304643144j)
starting: 49600
some stuff:
tdelaylist (1+0j)
ESFGt (-3.934230257399868e-29+5.086379328030644e-29j)
ESFGw (4.148478435772596e-12-4.65676108785118e-13j)
intensity 1.742672757036349e-23
data entry 49600 [6.47642917e-25 5.05114503e-25 3.80121687e-25 ... 1.17818513e-24
 9.84426441e-25 8.07499272e-25]
finishing 49600
disp entry 50400 (-0.25977673273862095+0.20329380234960573j)
starting: 50400
some stuff:
tdelaylist (1+0j)
ESFGt (-3.2226940852765114e-29-5.740979142930114e-29j)
ESFGw (4.14847670104912e-12-4.656709046146901e-13j)
intensity 1.7426708330552054e-23
data entry 50400 [6.47639058e-25 5.05125165e-25 3.80118463e-25 ... 1.17822112e-24
 9.84463835e-25 8.07475202e-25]
finishing 50400
disp entry 51200 (-0.49017342693266497+0.03943211755333818j)
starting: 51200
some stuff:
tdelaylist (1+0j)
ESFGt (2.677260568754855e-29-5.799375294866535e-30j)
ESFGw (4.148462823261312e-12-4.656691698912141e-13j)
intensity 1.742659157176839e-23
data entry 51200 [6.47641025e-25 5.05100804e-25 3.80122660e-25 ... 1.17818879e-24
 9.84445295e-25 8.07483404e-25]
finishing 51200
disp entry 52000 (-0.3385339294816315-0.19918630431012985j)
starting: 52000
some stuff:
tdelaylist (1+0j)
ESFGt (-2.3530523054873306e-30+4.877354163889459e-29j)
ESFGw (4.148481905219548e-12-4.656657004442621e-13j)
intensity 1.7426746662504256e-23
data entry 52000 [6.47652603e-25 5.05124035e-25 3.80122826e-25 ... 1.17821363e-24
 9.84437948e-25 8.07507529e-25]
finishing 52000
disp entry 52800 (-0.09234150893217033-0.06018061916088426j)
starting: 52800
some stuff:
tdelaylist (1+0j)
ESFGt (1.5540021023859335e-29+2.900131815026692e-29j)
ESFGw (4.148483639943024e-12-4.656674351677381e-13j)
intensity 1.742676267105062e-23
data entry 52800 [6.47650976e-25 5.05123904e-25 3.80129635e-25 ... 1.17820323e-24
 9.84407585e-25 8.07471919e-25]
finishing 52800
disp entry 53600 (-0.21833605126830066+0.19291751149464198j)
starting: 53600
some stuff:
tdelaylist (1+0j)
ESFGt (-2.6244901635102833e-29+1.3969830652742804e-30j)
ESFGw (4.148478435772596e-12-4.65672639338166e-13j)
intensity 1.742672433909842e-23
data entry 53600 [6.47664521e-25 5.05114931e-25 3.80144392e-25 ... 1.17819971e-24
 9.84432833e-25 8.07505303e-25]
finishing 53600
disp entry 54400 (-0.4776528579208011+0.08027612377519103j)
starting: 54400
some stuff:
tdelaylist (1+0j)
ESFGt (7.18668733301773e-30-8.769664825722054e-30j)
ESFGw (4.14847670104912e-12-4.65672639338166e-13j)
intensity 1.7426709946175558e-23
data entry 54400 [6.47633295e-25 5.05113100e-25 3.80126467e-25 ... 1.17820435e-24
 9.84444976e-25 8.07491592e-25]
finishing 54400
disp entry 55200 (-0.378670389523831-0.18455544418802738j)
starting: 55200
some stuff:
tdelaylist (1+0j)
ESFGt (5.885475949052966e-29-1.0298304010604816e-29j)
ESFGw (4.148478435772596e-12-4.656674351677381e-13j)
intensity 1.7426719492245945e-23
data entry 55200 [6.47659035e-25 5.05122917e-25 3.80131581e-25 ... 1.17822266e-24
 9.84426441e-25 8.07508188e-25]
finishing 55200
disp entry 56000 (-0.10904294473902171-0.09950058272420632j)
starting: 56000
some stuff:
tdelaylist (1+0j)
ESFGt (3.813792679717443e-32+7.122779636016632e-29j)
ESFGw (4.148471496878692e-12-4.656691698912141e-13j)
intensity 1.742666353620211e-23
data entry 56000 [6.47660939e-25 5.05113088e-25 3.80131914e-25 ... 1.17821323e-24
 9.84438905e-25 8.07496511e-25]
finishing 56000
disp entry 56800 (-0.17993931810585606+0.17419083599995314j)
starting: 56800
some stuff:
tdelaylist (1+0j)
ESFGt (5.260453302347869e-29-2.8075308463514e-29j)
ESFGw (4.148480170496072e-12-4.656691698912141e-13j)
intensity 1.7426735500786285e-23
data entry 56800 [6.47646713e-25 5.05123542e-25 3.80142197e-25 ... 1.17821316e-24
 9.84439543e-25 8.07485369e-25]
finishing 56800
disp entry 57600 (-0.45695177624218736+0.11764539872088291j)
starting: 57600
some stuff:
tdelaylist (1+0j)
ESFGt (1.0827173476361803e-28+1.6107527879261184e-29j)
ESFGw (4.148474966325644e-12-4.656813129555459e-13j)
intensity 1.7426703631466558e-23
data entry 57600 [6.47639058e-25 5.05115063e-25 3.80114822e-25 ... 1.17821908e-24
 9.84428680e-25 8.07496318e-25]
finishing 57600
disp entry 58400 (-0.4149107674691098-0.16193614934900882j)
starting: 58400
some stuff:
tdelaylist (1+0j)
ESFGt (-3.404357502512476e-29-4.1700209577115357e-29j)
ESFGw (4.14847670104912e-12-4.656674351677381e-13j)
intensity 1.742670509932309e-23
data entry 58400 [6.47645427e-25 5.05123607e-25 3.80124688e-25 ... 1.17821335e-24
 9.84427397e-25 8.07473444e-25]
finishing 58400
disp entry 59200 (-0.13351905273111578-0.1345136892729075j)
starting: 59200
some stuff:
tdelaylist (1+0j)
ESFGt (2.1762762364118025e-29+1.3198594263462089e-28j)
ESFGw (4.148474966325644e-12-4.656622309973102e-13j)
intensity 1.742668585960794e-23
data entry 59200 [6.47664596e-25 5.05131231e-25 3.80126551e-25 ... 1.17819632e-24
 9.84447851e-25 8.07484585e-25]
finishing 59200
disp entry 60000 (-0.1462485259254141+0.14792435517579497j)
starting: 60000
some stuff:
tdelaylist (1+0j)
ESFGt (7.045997022105666e-29-7.79841940801051e-29j)
ESFGw (4.1484923135604035e-12-4.656674351677381e-13j)
intensity 1.7426834635845452e-23
data entry 60000 [6.47642715e-25 5.05131022e-25 3.80126967e-25 ... 1.17822527e-24
 9.84443378e-25 8.07489435e-25]
finishing 60000
disp entry 60800 (-0.4289662228686123+0.14992242297972885j)
starting: 60800
some stuff:
tdelaylist (1+0j)
ESFGt (-5.800362183499757e-29-3.641034281061839e-29j)
ESFGw (4.148480170496072e-12-4.65672639338166e-13j)
intensity 1.7426738732027286e-23
data entry 60800 [6.47670953e-25 5.05146697e-25 3.80138306e-25 ... 1.17823027e-24
 9.84478858e-25 8.07540914e-25]
finishing 60800
disp entry 61600 (-0.44568640792176867-0.1323074901258889j)
starting: 61600
some stuff:
tdelaylist (1+0j)
ESFGt (5.921933802900217e-29+9.254960051255643e-30j)
ESFGw (4.148469762155216e-12-4.656709046146901e-13j)
intensity 1.7426650758920825e-23
data entry 61600 [6.47645565e-25 5.05126569e-25 3.80139112e-25 ... 1.17819577e-24
 9.84435388e-25 8.07466753e-25]
finishing 61600
disp entry 62400 (-0.1647103908980596-0.16370440553658375j)
starting: 62400
some stuff:
tdelaylist (1+0j)
ESFGt (3.7594752862913696e-29-2.888640784106161e-29j)
ESFGw (4.148478435772596e-12-4.656691698912141e-13j)
intensity 1.7426721107857418e-23
data entry 62400 [6.47648542e-25 5.05118803e-25 3.80134166e-25 ... 1.17820015e-24
 9.84445617e-25 8.07495288e-25]
finishing 62400
disp entry 63200 (-0.11872197196160783+0.1152550068580099j)
starting: 63200
some stuff:
tdelaylist (1+0j)
ESFGt (1.7233845564976143e-29-3.238079557193181e-29j)
ESFGw (4.148471496878692e-12-4.6567957823207e-13j)
intensity 1.7426673229997338e-23
data entry 63200 [6.47660939e-25 5.05124178e-25 3.80128746e-25 ... 1.17821631e-24
 9.84451367e-25 8.07493048e-25]
finishing 63200
disp entry 64000 (-0.3949075452470487+0.17571009389630268j)
starting: 64000
some stuff:
tdelaylist (1+0j)
ESFGt (-3.9527695900637485e-30-6.90243827928268e-29j)
ESFGw (4.148480170496072e-12-4.65672639338166e-13j)
intensity 1.7426738732027286e-23
data entry 64000 [6.47655176e-25 5.05103973e-25 3.80130192e-25 ... 1.17824078e-24
 9.84428039e-25 8.07495604e-25]
finishing 64000
Top-level running in PID 172346 (name=__main__)
Running interfere() with b=790.4761904761905, sigma_s=10.5
MID-level running in PID 172346 (name=__main__)
E1_shared element:  0j
E1 element:  (7.417756238806056e-10-9.70756722248015e-10j)
this thing psm_bee11c88
ill try to just make an array with this now
testfreq element:  0.0
did it
disp entry 0 (-0.08332452033614668+0j)
starting: 0
some stuff:
tdelaylist (1+0j)
ESFGt (1.1981766898157544e-32-1.130392983569938e-32j)
ESFGw (7.759921177852291e-13-4.4184924816170756e-14j)
intensity 6.041160744458157e-25
data entry 0 [7.34606648e-27 4.15190146e-27 1.88314833e-27 ... 2.24263744e-26
 1.64899337e-26 1.14612646e-26]
finishing 0
disp entry 800 (-0.27796535717647075+0.2050566582042932j)
starting: 800
some stuff:
tdelaylist (1+0j)
ESFGt (2.433713411287083e-31-4.103284024483149e-31j)
ESFGw (1.3773149287743536e-12-9.533346334578141e-13j)
intensity 2.805843336374848e-24
data entry 800 [5.70553733e-25 4.97858725e-25 4.46801170e-25 ... 9.18163087e-25
 7.80762901e-25 6.64867436e-25]
finishing 800
disp entry 1600 (-0.4928812110671021+0.021359994690023542j)
starting: 1600
some stuff:
tdelaylist (1+0j)
ESFGt (-1.3552874342946812e-30-3.2555889687266454e-31j)
ESFGw (3.693023317707933e-12-2.8730663681475477e-13j)
intensity 1.3720966328692314e-23
data entry 1600 [2.03662883e-25 1.28862554e-25 7.53398244e-26 ... 5.54495432e-25
 4.16664144e-25 2.99636906e-25]
finishing 1600
disp entry 2400 (-0.32062736491562593-0.20283166645248532j)
starting: 2400
some stuff:
tdelaylist (1+0j)
ESFGt (3.464567414020351e-32+1.0003400501768827e-31j)
ESFGw (3.693045869113121e-12-2.8732398404951454e-13j)
intensity 1.372114286318357e-23
data entry 2400 [2.03665559e-25 1.28858512e-25 7.53410823e-26 ... 5.54525823e-25
 4.16654819e-25 2.99646050e-25]
finishing 2400
disp entry 3200 (-0.08776846410639105-0.04248822020746742j)
starting: 3200
some stuff:
tdelaylist (1+0j)
ESFGt (2.4069128924047194e-30+1.0755716886295091e-30j)
ESFGw (3.693035460772265e-12-2.8731531043213465e-13j)
intensity 1.3721061002130126e-23
data entry 3200 [2.03669354e-25 1.28858512e-25 7.53430724e-26 ... 5.54502534e-25
 4.16652317e-25 2.99634639e-25]
finishing 3200
disp entry 4000 (-0.23576625864575806+0.19840582548751706j)
starting: 4000
some stuff:
tdelaylist (1+0j)
ESFGt (-1.3025666066998497e-30+1.2702771874759825e-30j)
ESFGw (3.693042399666169e-12-2.8731704515561063e-13j)
intensity 1.3721113250169002e-23
data entry 4000 [2.03667301e-25 1.28854676e-25 7.53386980e-26 ... 5.54502796e-25
 4.16639920e-25 2.99631669e-25]
finishing 4000
disp entry 4800 (-0.4840415430690601+0.06315542221883048j)
starting: 4800
some stuff:
tdelaylist (1+0j)
ESFGt (1.725392488927915e-30+2.735049225210771e-30j)
ESFGw (3.693030256601837e-12-2.873101062617067e-13j)
intensity 1.372101957333674e-23
data entry 4800 [2.03662012e-25 1.28859875e-25 7.53455602e-26 ... 5.54501562e-25
 4.16652953e-25 2.99632451e-25]
finishing 4800
disp entry 5600 (-0.3619056678810876-0.1918271584251852j)
starting: 5600
some stuff:
tdelaylist (1+0j)
ESFGt (-1.1006722734093972e-29-7.20806365076766e-30j)
ESFGw (3.693037195495741e-12-2.873257187729905e-13j)
intensity 1.3721079795983465e-23
data entry 5600 [2.03665807e-25 1.28861714e-25 7.53420773e-26 ... 5.54513561e-25
 4.16676563e-25 2.99643822e-25]
finishing 5600
disp entry 6400 (-0.10090794045923898-0.08313734878120543j)
starting: 6400
some stuff:
tdelaylist (1+0j)
ESFGt (6.599566084838512e-30+2.324236331010821e-30j)
ESFGw (3.693033726048789e-12-2.873187798790866e-13j)
intensity 1.3721050183005008e-23
data entry 6400 [2.03662260e-25 1.28862031e-25 7.53404533e-26 ... 5.54522383e-25
 4.16665395e-25 2.99630888e-25]
finishing 6400
disp entry 7200 (-0.19585664640014067+0.18316704787788468j)
starting: 7200
some stuff:
tdelaylist (1+0j)
ESFGt (2.2435534080359174e-30+7.270546535768104e-30j)
ESFGw (3.693035460772265e-12-2.873118409851827e-13j)
intensity 1.3721059008491712e-23
data entry 7200 [2.03667549e-25 1.28869069e-25 7.53427063e-26 ... 5.54510607e-25
 4.16661006e-25 2.99633858e-25]
finishing 7200
disp entry 8000 (-0.46674482981831067+0.10221718361476176j)
starting: 8000
some stuff:
tdelaylist (1+0j)
ESFGt (2.2709362197999043e-30-3.474871139222823e-30j)
ESFGw (3.693042399666169e-12-2.8731531043213465e-13j)
intensity 1.3721112253340765e-23
data entry 8000 [2.03662324e-25 1.28857355e-25 7.53437014e-26 ... 5.54523617e-25
 4.16643651e-25 2.99631591e-25]
finishing 8000
disp entry 8800 (-0.4000135453943324-0.17251946140905j)
starting: 8800
some stuff:
tdelaylist (1+0j)
ESFGt (1.4891756766160514e-30+4.68522331740575e-30j)
ESFGw (3.693037195495741e-12-2.8729969792085086e-13j)
intensity 1.3721064843740456e-23
data entry 8800 [2.03664065e-25 1.28859717e-25 7.53363141e-26 ... 5.54527542e-25
 4.16663530e-25 2.99659727e-25]
finishing 8800
disp entry 9600 (-0.12217421055568767-0.12018789869367334j)
starting: 9600
some stuff:
tdelaylist (1+0j)
ESFGt (4.4043174072202575e-30+1.0033387832856044e-30j)
ESFGw (3.693028521878361e-12-2.8731704515561063e-13j)
intensity 1.3721010747844017e-23
data entry 9600 [2.03667860e-25 1.28859511e-25 7.53430724e-26 ... 5.54534382e-25
 4.16657321e-25 2.99659688e-25]
finishing 9600
disp entry 10400 (-0.1599639976939711+0.15999993192688947j)
starting: 10400
some stuff:
tdelaylist (1+0j)
ESFGt (-7.995632076440055e-30-5.615790536816129e-30j)
ESFGw (3.693030256601837e-12-2.873049020912788e-13j)
intensity 1.372101658294231e-23
data entry 10400 [2.03666118e-25 1.28858195e-25 7.53373368e-26 ... 5.54507693e-25
 4.16662302e-25 2.99631630e-25]
finishing 10400
disp entry 11200 (-0.44173975507885027+0.13685450062843046j)
starting: 11200
some stuff:
tdelaylist (1+0j)
ESFGt (1.7901247999180928e-30+1.5906773004366735e-29j)
ESFGw (3.693035460772265e-12-2.8732224932603856e-13j)
intensity 1.3721064989479192e-23
data entry 11200 [2.03663442e-25 1.28855992e-25 7.53450626e-26 ... 5.54514532e-25
 4.16641786e-25 2.99640735e-25]
finishing 11200
disp entry 12000 (-0.43330150782337373-0.14574430408077105j)
starting: 12000
some stuff:
tdelaylist (1+0j)
ESFGt (2.4329911875579378e-33+1.9652264384165807e-30j)
ESFGw (3.693026787154885e-12-2.873187798790866e-13j)
intensity 1.3720998931914742e-23
data entry 12000 [2.03669665e-25 1.28870591e-25 7.53478132e-26 ... 5.54513784e-25
 4.16665395e-25 2.99660469e-25]
finishing 12000
disp entry 12800 (-0.15064676938931237-0.1520361464648941j)
starting: 12800
some stuff:
tdelaylist (1+0j)
ESFGt (1.2093166899112655e-29+3.24322690589611e-30j)
ESFGw (3.693031991325313e-12-2.8731704515561063e-13j)
intensity 1.3721036373389157e-23
data entry 12800 [2.03666741e-25 1.28861873e-25 7.53419460e-26 ... 5.54523617e-25
 4.16663530e-25 2.99635421e-25]
finishing 12800
disp entry 13600 (-0.12964191655268456+0.12990726026263566j)
starting: 13600
some stuff:
tdelaylist (1+0j)
ESFGt (-3.400686725177457e-30+4.390373975349448e-30j)
ESFGw (3.693033726048789e-12-2.873205146025626e-13j)
intensity 1.372105117984528e-23
data entry 13600 [2.03667301e-25 1.28860034e-25 7.53441989e-26 ... 5.54520177e-25
 4.16674721e-25 2.99637687e-25]
finishing 13600
disp entry 14400 (-0.41010865705005745+0.16556810594236218j)
starting: 14400
some stuff:
tdelaylist (1+0j)
ESFGt (5.103609028332341e-30-6.1316644141151716e-30j)
ESFGw (3.693040664942693e-12-2.873205146025626e-13j)
intensity 1.3721102431031848e-23
data entry 14400 [2.03665248e-25 1.28858354e-25 7.53445651e-26 ... 5.54536587e-25
 4.16666009e-25 2.99667347e-25]
finishing 14400
disp entry 15200 (-0.4603286943152921-0.11266064220723578j)
starting: 15200
some stuff:
tdelaylist (1+0j)
ESFGt (2.5556651009250056e-29-1.1589361681254182e-29j)
ESFGw (3.693028521878361e-12-2.873135757086587e-13j)
intensity 1.3721008754193564e-23
data entry 15200 [2.03671407e-25 1.28869910e-25 7.53439362e-26 ... 5.54526308e-25
 4.16667874e-25 2.99640735e-25]
finishing 15200
disp entry 16000 (-0.18509318960763632-0.17730354891892558j)
starting: 16000
some stuff:
tdelaylist (1+0j)
ESFGt (1.7060469740263759e-29+8.816207631167156e-30j)
ESFGw (3.693028521878361e-12-2.873135757086587e-13j)
intensity 1.3721008754193564e-23
data entry 16000 [2.03664625e-25 1.28873270e-25 7.53383318e-26 ... 5.54530719e-25
 4.16646107e-25 2.99634600e-25]
finishing 16000
disp entry 16800 (-0.10620288642397324+0.09419158640287606j)
starting: 16800
some stuff:
tdelaylist (1+0j)
ESFGt (5.9976016343925914e-30-3.401414967437678e-30j)
ESFGw (3.693023317707933e-12-2.873135757086587e-13j)
intensity 1.3720970315921004e-23
data entry 16800 [2.03665495e-25 1.28868071e-25 7.53384632e-26 ... 5.54524103e-25
 4.16665987e-25 2.99651325e-25]
finishing 16800
disp entry 17600 (-0.37322067963738087+0.18711513856946j)
starting: 17600
some stuff:
tdelaylist (1+0j)
ESFGt (-1.2815226623286041e-29+7.734816022986952e-30j)
ESFGw (3.693028521878361e-12-2.873187798790866e-13j)
intensity 1.3721011744678279e-23
data entry 17600 [2.03662883e-25 1.28866232e-25 7.53440675e-26 ... 5.54515766e-25
 4.16649246e-25 2.99646715e-25]
finishing 17600
disp entry 18400 (-0.47992524008597015-0.074700493544606j)
starting: 18400
some stuff:
tdelaylist (1+0j)
ESFGt (-1.468709360764845e-29-5.644810389032845e-30j)
ESFGw (3.693031991325313e-12-2.8731531043213465e-13j)
intensity 1.3721035376560923e-23
data entry 18400 [2.03659648e-25 1.28863711e-25 7.53386980e-26 ... 5.54531205e-25
 4.16661665e-25 2.99653631e-25]
finishing 18400
disp entry 19200 (-0.22402246681164956-0.19489641306904357j)
starting: 19200
some stuff:
tdelaylist (1+0j)
ESFGt (1.1417693614734672e-29-1.5667489750471542e-29j)
ESFGw (3.693030256601837e-12-2.8732398404951454e-13j)
intensity 1.3721027547986715e-23
data entry 19200 [2.03664936e-25 1.28862713e-25 7.53432038e-26 ... 5.54533896e-25
 4.16648609e-25 2.99652888e-25]
finishing 19200
disp entry 20000 (-0.09066145967086797+0.05439885406254672j)
starting: 20000
some stuff:
tdelaylist (1+0j)
ESFGt (1.7938274002361772e-29+9.622596003514861e-30j)
ESFGw (3.693028521878361e-12-2.873257187729905e-13j)
intensity 1.3721015732075484e-23
data entry 20000 [2.03671159e-25 1.28860351e-25 7.53362103e-26 ... 5.54480742e-25
 4.16658549e-25 2.99616469e-25]
finishing 20000
disp entry 20800 (-0.33267250941214777+0.2005629407697033j)
starting: 20800
some stuff:
tdelaylist (1+0j)
ESFGt (5.2302238758481116e-30+3.5917028644742134e-30j)
ESFGw (3.693033726048789e-12-2.873187798790866e-13j)
intensity 1.3721050183005008e-23
data entry 20800 [2.03674642e-25 1.28873111e-25 7.53405848e-26 ... 5.54514795e-25
 4.16648609e-25 2.99661212e-25]
finishing 20800
disp entry 21600 (-0.49124291371500883-0.03350695331973686j)
starting: 21600
some stuff:
tdelaylist (1+0j)
ESFGt (-4.077593924584346e-30-1.748741380238072e-30j)
ESFGw (3.693025052431409e-12-2.8732224932603856e-13j)
intensity 1.3720988112843782e-23
data entry 21600 [2.03666989e-25 1.28858671e-25 7.53403220e-26 ... 5.54511841e-25
 4.16652339e-25 2.99649059e-25]
finishing 21600
disp entry 22400 (-0.26574955729597927-0.20405323633608952j)
starting: 22400
some stuff:
tdelaylist (1+0j)
ESFGt (-2.3050661058268766e-29+4.6297369747814e-30j)
ESFGw (3.693040664942693e-12-2.873257187729905e-13j)
intensity 1.3721105421588785e-23
data entry 22400 [2.03669354e-25 1.28859511e-25 7.53399558e-26 ... 5.54515281e-25
 4.16667874e-25 2.99633154e-25]
finishing 22400
disp entry 23200 (-0.08369034293483901+0.012251481379495556j)
starting: 23200
some stuff:
tdelaylist (1+0j)
ESFGt (-2.1382778643039577e-29+4.3048927784740355e-29j)
ESFGw (3.693040664942693e-12-2.873135757086587e-13j)
intensity 1.3721098443706865e-23
data entry 23200 [2.03663442e-25 1.28854471e-25 7.53419460e-26 ... 5.54505973e-25
 4.16649837e-25 2.99628582e-25]
finishing 23200
disp entry 24000 (-0.29021926344586946+0.20532942789944855j)
starting: 24000
some stuff:
tdelaylist (1+0j)
ESFGt (1.344058811329073e-29+1.6851360391919145e-30j)
ESFGw (3.693038930219217e-12-2.8732224932603856e-13j)
intensity 1.3721090615072475e-23
data entry 24000 [2.03657531e-25 1.28852156e-25 7.53409509e-26 ... 5.54515504e-25
 4.16647995e-25 2.99638391e-25]
finishing 24000
disp entry 24800 (-0.4937918326235938+0.009136926722173132j)
starting: 24800
some stuff:
tdelaylist (1+0j)
ESFGt (9.44865744614685e-31+1.3674263600855663e-29j)
ESFGw (3.693035460772265e-12-2.873187798790866e-13j)
intensity 1.3721062995792625e-23
data entry 24800 [2.03660207e-25 1.28854993e-25 7.53377029e-26 ... 5.54510870e-25
 4.16646130e-25 2.99636163e-25]
finishing 24800
disp entry 25600 (-0.3084683147303033-0.2043776679908563j)
starting: 25600
some stuff:
tdelaylist (1+0j)
ESFGt (-4.401651649343327e-29+1.6182731682007583e-30j)
ESFGw (3.693030256601837e-12-2.873118409851827e-13j)
intensity 1.3721020570146924e-23
data entry 25600 [2.03666741e-25 1.28854517e-25 7.53398244e-26 ... 5.54516738e-25
 4.16652339e-25 2.99643079e-25]
finishing 25600
disp entry 26400 (-0.08559127920263429-0.030426193509574158j)
starting: 26400
some stuff:
tdelaylist (1+0j)
ESFGt (1.0023336885958773e-30+2.0158273889030941e-29j)
ESFGw (3.693035460772265e-12-2.873187798790866e-13j)
intensity 1.3721062995792625e-23
data entry 26400 [2.03668171e-25 1.28868547e-25 7.53433353e-26 ... 5.54506459e-25
 4.16656684e-25 2.99644487e-25]
finishing 26400
disp entry 27200 (-0.24769851952128205+0.20120828379483222j)
starting: 27200
some stuff:
tdelaylist (1+0j)
ESFGt (2.083765921860846e-31-1.1885479428734796e-29j)
ESFGw (3.693033726048789e-12-2.8732224932603856e-13j)
intensity 1.3721052176691572e-23
data entry 27200 [2.03660830e-25 1.28858354e-25 7.53412138e-26 ... 5.54510384e-25
 4.16643628e-25 2.99645229e-25]
finishing 27200
disp entry 28000 (-0.48746166751534703+0.051385317251679545j)
starting: 28000
some stuff:
tdelaylist (1+0j)
ESFGt (1.933996882515234e-29+3.1420174817592377e-29j)
ESFGw (3.693040664942693e-12-2.873205146025626e-13j)
intensity 1.3721102431031848e-23
data entry 28000 [2.03667549e-25 1.28861509e-25 7.53409509e-26 ... 5.54531691e-25
 4.16637441e-25 2.99636867e-25]
finishing 28000
disp entry 28800 (-0.3503296687365974-0.19585566509299235j)
starting: 28800
some stuff:
tdelaylist (1+0j)
ESFGt (1.4127517671572278e-29+3.004970112475965e-29j)
ESFGw (3.693023317707933e-12-2.873205146025626e-13j)
intensity 1.372097430324599e-23
data entry 28800 [2.03674083e-25 1.28858195e-25 7.53459266e-26 ... 5.54522868e-25
 4.16663530e-25 2.99640774e-25]
finishing 28800
disp entry 29600 (-0.09628198693905932-0.07178687847399047j)
starting: 29600
some stuff:
tdelaylist (1+0j)
ESFGt (8.802188967657894e-30+1.2107298410079596e-30j)
ESFGw (3.693033726048789e-12-2.8730837153823074e-13j)
intensity 1.3721044202089754e-23
data entry 29600 [2.03662260e-25 1.28858830e-25 7.53388293e-26 ... 5.54522120e-25
 4.16670377e-25 2.99640735e-25]
finishing 29600
disp entry 30400 (-0.20695077705280712+0.18837789111361647j)
starting: 30400
some stuff:
tdelaylist (1+0j)
ESFGt (-1.2230702371266208e-29-8.054404537032016e-30j)
ESFGw (3.693028521878361e-12-2.8731531043213465e-13j)
intensity 1.3721009751015788e-23
data entry 30400 [2.03659959e-25 1.28868071e-25 7.53409509e-26 ... 5.54524326e-25
 4.16661051e-25 2.99647652e-25]
finishing 30400
disp entry 31200 (-0.472526417951415+0.0914095076006959j)
starting: 31200
some stuff:
tdelaylist (1+0j)
ESFGt (-1.8795928222416635e-29-7.592306234898911e-30j)
ESFGw (3.693037195495741e-12-2.8731704515561063e-13j)
intensity 1.3721074811751998e-23
data entry 31200 [2.03662883e-25 1.28861714e-25 7.53409509e-26 ... 5.54497151e-25
 4.16633711e-25 2.99633936e-25]
finishing 31200
disp entry 32000 (-0.38952166142267697-0.17885610033604898j)
starting: 32000
some stuff:
tdelaylist (1+0j)
ESFGt (-3.030544205188274e-29-2.397267744965262e-29j)
ESFGw (3.693040664942693e-12-2.8731531043213465e-13j)
intensity 1.372109944052908e-23
data entry 32000 [2.03670536e-25 1.28864869e-25 7.53458230e-26 ... 5.54540027e-25
 4.16670991e-25 2.99647535e-25]
finishing 32000
disp entry 32800 (-0.11529972162196883-0.11004028695169102j)
starting: 32800
some stuff:
tdelaylist (1+0j)
ESFGt (-3.1689857671953507e-29+1.3742212816706075e-29j)
ESFGw (3.693047603836597e-12-2.873101062617067e-13j)
intensity 1.372114770136334e-23
data entry 32800 [2.03671095e-25 1.28866549e-25 7.53441989e-26 ... 5.54521149e-25
 4.16643628e-25 2.99640735e-25]
finishing 32800
disp entry 33600 (-0.16973979154494+0.16739361008793785j)
starting: 33600
some stuff:
tdelaylist (1+0j)
ESFGt (-9.221292388415323e-31+1.2380804536306888e-29j)
ESFGw (3.693038930219217e-12-2.8732918821994247e-13j)
intensity 1.3721094602517823e-23
data entry 33600 [2.03669977e-25 1.28865392e-25 7.53423122e-26 ... 5.54524588e-25
 4.16654796e-25 2.99650622e-25]
finishing 33600
disp entry 34400 (-0.4496325523502561+0.12747706103127154j)
starting: 34400
some stuff:
tdelaylist (1+0j)
ESFGt (-9.432106485687273e-31-5.777752217342481e-30j)
ESFGw (3.693028521878361e-12-2.873135757086587e-13j)
intensity 1.3721008754193564e-23
data entry 34400 [2.03671095e-25 1.28856198e-25 7.53401907e-26 ... 5.54502048e-25
 4.16641786e-25 2.99649918e-25]
finishing 34400
disp entry 35200 (-0.4243478775114139-0.15411479548824286j)
starting: 35200
some stuff:
tdelaylist (1+0j)
ESFGt (5.498107490344008e-29-9.401008735616495e-30j)
ESFGw (3.693035460772265e-12-2.873101062617067e-13j)
intensity 1.372105801168153e-23
data entry 35200 [2.03667301e-25 1.28857513e-25 7.53407163e-26 ... 5.54496666e-25
 4.16656047e-25 2.99642259e-25]
finishing 35200
disp entry 36000 (-0.14182130551934682-0.1435306300404952j)
starting: 36000
some stuff:
tdelaylist (1+0j)
ESFGt (-8.604829296606812e-31+1.5348763391003145e-29j)
ESFGw (3.693031991325313e-12-2.873187798790866e-13j)
intensity 1.3721037370223416e-23
data entry 36000 [2.03660271e-25 1.28860192e-25 7.53424435e-26 ... 5.54518943e-25
 4.16667874e-25 2.99641439e-25]
finishing 36000
disp entry 36800 (-0.13767623089095254+0.13916373990015324j)
starting: 36800
some stuff:
tdelaylist (1+0j)
ESFGt (-1.0652097341388751e-29-6.535957734526817e-30j)
ESFGw (3.693031991325313e-12-2.873101062617067e-13j)
intensity 1.3721032386112322e-23
data entry 36800 [2.03660207e-25 1.28860034e-25 7.53425749e-26 ... 5.54527279e-25
 4.16664736e-25 2.99629364e-25]
finishing 36800
disp entry 37600 (-0.4197710257691817+0.15802680281216688j)
starting: 37600
some stuff:
tdelaylist (1+0j)
ESFGt (3.414942819737676e-29+1.9516534471335117e-29j)
ESFGw (3.693033726048789e-12-2.8732398404951454e-13j)
intensity 1.3721053173543887e-23
data entry 37600 [2.03654048e-25 1.28858671e-25 7.53399558e-26 ... 5.54523840e-25
 4.16656661e-25 2.99641516e-25]
finishing 37600
disp entry 38400 (-0.45330087323767376-0.12270267153734568j)
starting: 38400
some stuff:
tdelaylist (1+0j)
ESFGt (2.0548980375538042e-29-1.3926489705830246e-29j)
ESFGw (3.693042399666169e-12-2.8730663681475477e-13j)
intensity 1.3721107269289863e-23
data entry 38400 [2.03665248e-25 1.28867389e-25 7.53463205e-26 ... 5.54525560e-25
 4.16657912e-25 2.99652888e-25]
finishing 38400
disp entry 39200 (-0.17469875872474322-0.17080828689291422j)
starting: 39200
some stuff:
tdelaylist (1+0j)
ESFGt (4.157008141208385e-29+2.0893378779312014e-29j)
ESFGw (3.693047603836597e-12-2.873187798790866e-13j)
intensity 1.3721152685474435e-23
data entry 39200 [2.03659648e-25 1.28864710e-25 7.53450626e-26 ... 5.54512104e-25
 4.16657298e-25 2.99652888e-25]
finishing 39200
disp entry 40000 (-0.11214795802928271+0.10491020318740657j)
starting: 40000
some stuff:
tdelaylist (1+0j)
ESFGt (-3.331630099609022e-30+1.4950208739972667e-29j)
ESFGw (3.693030256601837e-12-2.873205146025626e-13j)
intensity 1.372102555428811e-23
data entry 40000 [2.03667612e-25 1.28865550e-25 7.53414484e-26 ... 5.54528999e-25
 4.16655410e-25 2.99649098e-25]
finishing 40000
disp entry 40800 (-0.3842343866707455+0.1817363952637222j)
starting: 40800
some stuff:
tdelaylist (1+0j)
ESFGt (-2.1546557919950945e-29+4.3499107890709795e-29j)
ESFGw (3.693030256601837e-12-2.8732398404951454e-13j)
intensity 1.3721027547986715e-23
data entry 40800 [2.03674642e-25 1.28859194e-25 7.53375716e-26 ... 5.54524588e-25
 4.16642400e-25 2.99644526e-25]
finishing 40800
disp entry 41600 (-0.47512742566221566-0.0859793941524216j)
starting: 41600
some stuff:
tdelaylist (1+0j)
ESFGt (-5.102360935450412e-29-1.7653310097598145e-29j)
ESFGw (3.693038930219217e-12-2.8733092294341844e-13j)
intensity 1.3721095599394214e-23
data entry 41600 [2.03667612e-25 1.28853836e-25 7.53437014e-26 ... 5.54514795e-25
 4.16649223e-25 2.99643783e-25]
finishing 41600
disp entry 42400 (-0.21250898917091932-0.19069255117999337j)
starting: 42400
some stuff:
tdelaylist (1+0j)
ESFGt (-1.3824964609738426e-29+2.336940697796316e-29j)
ESFGw (3.693035460772265e-12-2.8730663681475477e-13j)
intensity 1.3721056018079217e-23
data entry 42400 [2.03674083e-25 1.28863030e-25 7.53461891e-26 ... 5.54532662e-25
 4.16679020e-25 2.99652068e-25]
finishing 42400
disp entry 43200 (-0.09425995765484863+0.0661156554360073j)
starting: 43200
some stuff:
tdelaylist (1+0j)
ESFGt (-2.384815705095137e-29-2.1607160013990073e-29j)
ESFGw (3.693023317707933e-12-2.8731704515561063e-13j)
intensity 1.3720972309571457e-23
data entry 43200 [2.03661389e-25 1.28864552e-25 7.53405848e-26 ... 5.54487844e-25
 4.16644902e-25 2.99646792e-25]
finishing 43200
disp entry 44000 (-0.3445608292964949+0.1975795748026719j)
starting: 44000
some stuff:
tdelaylist (1+0j)
ESFGt (2.9943501134654383e-30-3.9271912843796863e-29j)
ESFGw (3.693042399666169e-12-2.8731531043213465e-13j)
intensity 1.3721112253340765e-23
data entry 44000 [2.03664065e-25 1.28857196e-25 7.53445651e-26 ... 5.54505487e-25
 4.16656070e-25 2.99636867e-25]
finishing 44000
disp entry 44800 (-0.4888827781028081-0.045534520906651124j)
starting: 44800
some stuff:
tdelaylist (1+0j)
ESFGt (-3.05939192741621e-29+7.067487315787851e-30j)
ESFGw (3.693038930219217e-12-2.8732224932603856e-13j)
intensity 1.3721090615072475e-23
data entry 44800 [2.03677007e-25 1.28863030e-25 7.53456915e-26 ... 5.54530942e-25
 4.16665987e-25 2.99653592e-25]
finishing 44800
disp entry 45600 (-0.25361539080227835-0.20232273765968942j)
starting: 45600
some stuff:
tdelaylist (1+0j)
ESFGt (-2.1185339226451735e-29+4.3274365407894726e-29j)
ESFGw (3.693026787154885e-12-2.873274534964665e-13j)
intensity 1.37210039161763e-23
data entry 45600 [2.03670847e-25 1.28865233e-25 7.53360790e-26 ... 5.54559128e-25
 4.16643628e-25 2.99642298e-25]
finishing 45600
disp entry 46400 (-0.08478650724202158+0.024459308621781518j)
starting: 46400
some stuff:
tdelaylist (1+0j)
ESFGt (1.868820253468355e-29-3.611717640031427e-29j)
ESFGw (3.693026787154885e-12-2.873187798790866e-13j)
intensity 1.3720998931914742e-23
data entry 46400 [2.03672030e-25 1.28851839e-25 7.53358443e-26 ... 5.54523617e-25
 4.16641808e-25 2.99630106e-25]
finishing 46400
disp entry 47200 (-0.3024676133266657+0.20487057349617535j)
starting: 47200
some stuff:
tdelaylist (1+0j)
ESFGt (-3.3166146168902623e-29-7.071048631088921e-29j)
ESFGw (3.693026787154885e-12-2.873274534964665e-13j)
intensity 1.37210039161763e-23
data entry 47200 [2.03674642e-25 1.28853313e-25 7.53379657e-26 ... 5.54493975e-25
 4.16659141e-25 2.99648355e-25]
finishing 47200
disp entry 48000 (-0.4939715336831175-0.0031186976884791016j)
starting: 48000
some stuff:
tdelaylist (1+0j)
ESFGt (1.1677229225701312e-29-3.005417590261481e-29j)
ESFGw (3.693028521878361e-12-2.873274534964665e-13j)
intensity 1.3721016728939836e-23
data entry 48000 [2.03654359e-25 1.28852837e-25 7.53297148e-26 ... 5.54485862e-25
 4.16640557e-25 2.99619477e-25]
finishing 48000
disp entry 48800 (-0.2962386836451342-0.2051954367151953j)
starting: 48800
some stuff:
tdelaylist (1+0j)
ESFGt (-1.8716941020572453e-29+4.7187876119748356e-29j)
ESFGw (3.693047603836597e-12-2.8730837153823074e-13j)
intensity 1.3721146704559178e-23
data entry 48800 [2.03670224e-25 1.28859511e-25 7.53433353e-26 ... 5.54503019e-25
 4.16648609e-25 2.99652107e-25]
finishing 48800
disp entry 49600 (-0.08413766264420536-0.01825575304643144j)
starting: 49600
some stuff:
tdelaylist (1+0j)
ESFGt (-1.838941105477233e-29-3.2939721506651754e-30j)
ESFGw (3.693044134389645e-12-2.8731531043213465e-13j)
intensity 1.372112506615847e-23
data entry 49600 [2.03664936e-25 1.28853994e-25 7.53399558e-26 ... 5.54493975e-25
 4.16648587e-25 2.99628543e-25]
finishing 49600
disp entry 50400 (-0.25977673273862095+0.20329380234960573j)
starting: 50400
some stuff:
tdelaylist (1+0j)
ESFGt (-1.4217788114551584e-29-6.190003390006368e-29j)
ESFGw (3.693040664942693e-12-2.8731704515561063e-13j)
intensity 1.3721100437357318e-23
data entry 50400 [2.03669354e-25 1.28858036e-25 7.53479446e-26 ... 5.54515544e-25
 4.16667852e-25 2.99640658e-25]
finishing 50400
disp entry 51200 (-0.49017342693266497+0.03943211755333818j)
starting: 51200
some stuff:
tdelaylist (1+0j)
ESFGt (1.1089537721702623e-29+4.449143727602424e-29j)
ESFGw (3.693042399666169e-12-2.8731704515561063e-13j)
intensity 1.3721113250169002e-23
data entry 51200 [2.03664936e-25 1.28852996e-25 7.53415798e-26 ... 5.54488330e-25
 4.16651111e-25 2.99621744e-25]
finishing 51200
disp entry 52000 (-0.3385339294816315-0.19918630431012985j)
starting: 52000
some stuff:
tdelaylist (1+0j)
ESFGt (1.3962841633530555e-31+7.142243640748734e-29j)
ESFGw (3.693040664942693e-12-2.8732224932603856e-13j)
intensity 1.372110342787814e-23
data entry 52000 [2.03662260e-25 1.28863711e-25 7.53451940e-26 ... 5.54512853e-25
 4.16654819e-25 2.99636945e-25]
finishing 52000
disp entry 52800 (-0.09234150893217033-0.06018061916088426j)
starting: 52800
some stuff:
tdelaylist (1+0j)
ESFGt (2.002492731450643e-29+4.636355854332462e-30j)
ESFGw (3.693038930219217e-12-2.8730837153823074e-13j)
intensity 1.3721082640470647e-23
data entry 52800 [2.03664377e-25 1.28862713e-25 7.53337228e-26 ... 5.54516738e-25
 4.16653568e-25 2.99651287e-25]
finishing 52800
disp entry 53600 (-0.21833605126830066+0.19291751149464198j)
starting: 53600
some stuff:
tdelaylist (1+0j)
ESFGt (1.44695944269836e-29+6.048050917895984e-29j)
ESFGw (3.693030256601837e-12-2.873118409851827e-13j)
intensity 1.3721020570146924e-23
data entry 53600 [2.03665807e-25 1.28858354e-25 7.53415798e-26 ... 5.54510384e-25
 4.16655455e-25 2.99631630e-25]
finishing 53600
disp entry 54400 (-0.4776528579208011+0.08027612377519103j)
starting: 54400
some stuff:
tdelaylist (1+0j)
ESFGt (-1.847109907243696e-29-6.519220199603877e-30j)
ESFGw (3.693025052431409e-12-2.873049020912788e-13j)
intensity 1.3720978144651688e-23
data entry 54400 [2.03667053e-25 1.28855357e-25 7.53423122e-26 ... 5.54523131e-25
 4.16667283e-25 2.99655975e-25]
finishing 54400
disp entry 55200 (-0.378670389523831-0.18455544418802738j)
starting: 55200
some stuff:
tdelaylist (1+0j)
ESFGt (-4.037332208633654e-29+2.063619942326171e-29j)
ESFGw (3.693038930219217e-12-2.8731704515561063e-13j)
intensity 1.3721087624551646e-23
data entry 55200 [2.03663442e-25 1.28856832e-25 7.53348214e-26 ... 5.54522383e-25
 4.16649837e-25 2.99637687e-25]
finishing 55200
disp entry 56000 (-0.10904294473902171-0.09950058272420632j)
starting: 56000
some stuff:
tdelaylist (1+0j)
ESFGt (-5.44782085764295e-30+1.1793702848353668e-29j)
ESFGw (3.693042399666169e-12-2.873118409851827e-13j)
intensity 1.3721110259702352e-23
data entry 56000 [2.03658713e-25 1.28858354e-25 7.53400872e-26 ... 5.54506459e-25
 4.16637396e-25 2.99630067e-25]
finishing 56000
disp entry 56800 (-0.17993931810585606+0.17419083599995314j)
starting: 56800
some stuff:
tdelaylist (1+0j)
ESFGt (-6.035275081053959e-29+2.3329940460430913e-29j)
ESFGw (3.693033726048789e-12-2.8731531043213465e-13j)
intensity 1.3721048189342512e-23
data entry 56800 [2.03667612e-25 1.28864552e-25 7.53516903e-26 ... 5.54500328e-25
 4.16672811e-25 2.99655820e-25]
finishing 56800
disp entry 57600 (-0.45695177624218736+0.11764539872088291j)
starting: 57600
some stuff:
tdelaylist (1+0j)
ESFGt (3.018323577838029e-29-6.66044096879867e-29j)
ESFGw (3.693028521878361e-12-2.8731531043213465e-13j)
intensity 1.3721009751015788e-23
data entry 57600 [2.03658465e-25 1.28853836e-25 7.53382005e-26 ... 5.54494723e-25
 4.16649246e-25 2.99643783e-25]
finishing 57600
disp entry 58400 (-0.4149107674691098-0.16193614934900882j)
starting: 58400
some stuff:
tdelaylist (1+0j)
ESFGt (-1.3619991496875938e-29+4.220799906254628e-29j)
ESFGw (3.693033726048789e-12-2.873187798790866e-13j)
intensity 1.3721050183005008e-23
data entry 58400 [2.03668171e-25 1.28867072e-25 7.53503011e-26 ... 5.54529262e-25
 4.16640535e-25 2.99635421e-25]
finishing 58400
disp entry 59200 (-0.13351905273111578-0.1345136892729075j)
starting: 59200
some stuff:
tdelaylist (1+0j)
ESFGt (5.392882502273089e-29+4.83605041451456e-29j)
ESFGw (3.693026787154885e-12-2.8731704515561063e-13j)
intensity 1.372099793508048e-23
data entry 59200 [2.03666989e-25 1.28873429e-25 7.53422088e-26 ... 5.54516252e-25
 4.16660414e-25 2.99651325e-25]
finishing 59200
disp entry 60000 (-0.1462485259254141+0.14792435517579497j)
starting: 60000
some stuff:
tdelaylist (1+0j)
ESFGt (-1.6702959966540264e-29-6.214236403531621e-29j)
ESFGw (3.693037195495741e-12-2.8732224932603856e-13j)
intensity 1.3721077802272818e-23
data entry 60000 [2.03670847e-25 1.28863711e-25 7.53463205e-26 ... 5.54500591e-25
 4.16649223e-25 2.99645934e-25]
finishing 60000
disp entry 60800 (-0.4289662228686123+0.14992242297972885j)
starting: 60800
some stuff:
tdelaylist (1+0j)
ESFGt (-2.3276688497468606e-29+4.5303768947809704e-29j)
ESFGw (3.693030256601837e-12-2.873205146025626e-13j)
intensity 1.372102555428811e-23
data entry 60800 [2.03669913e-25 1.28852996e-25 7.53410823e-26 ... 5.54519915e-25
 4.16625023e-25 2.99644564e-25]
finishing 60800
disp entry 61600 (-0.44568640792176867-0.1323074901258889j)
starting: 61600
some stuff:
tdelaylist (1+0j)
ESFGt (1.4835825052236524e-29-3.3201574252082734e-29j)
ESFGw (3.693045869113121e-12-2.873205146025626e-13j)
intensity 1.3721140869484967e-23
data entry 61600 [2.03653425e-25 1.28858512e-25 7.53404533e-26 ... 5.54521149e-25
 4.16634303e-25 2.99638391e-25]
finishing 61600
disp entry 62400 (-0.1647103908980596-0.16370440553658375j)
starting: 62400
some stuff:
tdelaylist (1+0j)
ESFGt (3.866450613662528e-29+4.4742202382580074e-29j)
ESFGw (3.693042399666169e-12-2.8732398404951454e-13j)
intensity 1.372111723754214e-23
data entry 62400 [2.03672278e-25 1.28858354e-25 7.53439362e-26 ... 5.54528999e-25
 4.16641786e-25 2.99649059e-25]
finishing 62400
disp entry 63200 (-0.11872197196160783+0.1152550068580099j)
starting: 63200
some stuff:
tdelaylist (1+0j)
ESFGt (-2.010229553149111e-29-2.334436687942059e-29j)
ESFGw (3.693031991325313e-12-2.873118409851827e-13j)
intensity 1.3721033382922504e-23
data entry 63200 [2.03664065e-25 1.28854312e-25 7.53405848e-26 ... 5.54518458e-25
 4.16653568e-25 2.99646753e-25]
finishing 63200
disp entry 64000 (-0.3949075452470487+0.17571009389630268j)
starting: 64000
some stuff:
tdelaylist (1+0j)
ESFGt (4.3913999844346646e-29-2.119513137651273e-29j)
ESFGw (3.693044134389645e-12-2.873205146025626e-13j)
intensity 1.3721128056661242e-23
data entry 64000 [2.03665248e-25 1.28865074e-25 7.53419460e-26 ... 5.54510870e-25
 4.16684024e-25 2.99645307e-25]
finishing 64000
Top-level running in PID 177519 (name=__main__)
Running interfere() with b=754.5454545454545, sigma_s=11.0
MID-level running in PID 177519 (name=__main__)
E1_shared element:  0j
E1 element:  (2.3112954729001302e-10-3.02477669147611e-10j)
this thing psm_870583a2
ill try to just make an array with this now
testfreq element:  0.0
did it
disp entry 0 (-0.08332452033614668+0j)
starting: 0
some stuff:
tdelaylist (1+0j)
ESFGt (1.363385367857722e-33-8.188963845568384e-34j)
ESFGw (-1.3462165410205174e-12+2.4555704691842095e-13j)
intensity 1.8725972386085422e-24
data entry 0 [1.84063480e-24 1.81598859e-24 1.79014944e-24 ... 1.90702490e-24
 1.88618608e-24 1.86404477e-24]
finishing 0
disp entry 800 (-0.27796535717647075+0.2050566582042932j)
starting: 800
some stuff:
tdelaylist (1+0j)
ESFGt (2.117507311706849e-31+4.0585211996038364e-32j)
ESFGw (-5.68446331672412e-12-2.272577959150368e-12j)
intensity 3.7477733779598234e-23
data entry 800 [6.50333574e-23 6.37697479e-23 6.24767433e-23 ... 6.86328049e-23
 6.74668349e-23 6.62665295e-23]
finishing 800
disp entry 1600 (-0.4928812110671021+0.021359994690023542j)
starting: 1600
some stuff:
tdelaylist (1+0j)
ESFGt (-1.3853680526135794e-31-8.161278602617817e-32j)
ESFGw (-6.486170975317229e-12+1.0865613964128329e-12j)
intensity 4.325102958922226e-23
data entry 1600 [4.20705228e-23 4.15045899e-23 4.09113458e-23 ... 4.35951734e-23
 4.31165110e-23 4.26080246e-23]
finishing 1600
disp entry 2400 (-0.32062736491562593-0.20283166645248532j)
starting: 2400
some stuff:
tdelaylist (1+0j)
ESFGt (4.196345561249048e-32-1.753122870861553e-32j)
ESFGw (-6.4861518933589934e-12+1.0865700700302128e-12j)
intensity 4.325080090080992e-23
data entry 2400 [4.20703892e-23 4.15043862e-23 4.09109945e-23 ... 4.35951456e-23
 4.31166239e-23 4.26079986e-23]
finishing 2400
disp entry 3200 (-0.08776846410639105-0.04248822020746742j)
starting: 3200
some stuff:
tdelaylist (1+0j)
ESFGt (-1.0908429589190078e-30-1.5420815740414764e-30j)
ESFGw (-6.486158832252897e-12+1.0865622637745709e-12j)
intensity 4.325087395027119e-23
data entry 3200 [4.20705208e-23 4.15045252e-23 4.09111389e-23 ... 4.35950928e-23
 4.31166129e-23 4.26079459e-23]
finishing 3200
disp entry 4000 (-0.23576625864575806+0.19840582548751706j)
starting: 4000
some stuff:
tdelaylist (1+0j)
ESFGt (4.346545527419717e-31+8.133593359667251e-32j)
ESFGw (-6.486157097529421e-12+1.086558794327619e-12j)
intensity 4.325084390736197e-23
data entry 4000 [4.20705826e-23 4.15046375e-23 4.09111484e-23 ... 4.35950927e-23
 4.31166653e-23 4.26081824e-23]
finishing 4000
disp entry 4800 (-0.4840415430690601+0.06315542221883048j)
starting: 4800
some stuff:
tdelaylist (1+0j)
ESFGt (-5.57991557770361e-31-6.152142466101977e-32j)
ESFGw (-6.486176179487657e-12+1.0865744068389027e-12j)
intensity 4.325112537295041e-23
data entry 4800 [4.20705633e-23 4.15045491e-23 4.09112076e-23 ... 4.35951734e-23
 4.31164744e-23 4.26083001e-23]
finishing 4800
disp entry 5600 (-0.3619056678810876-0.1918271584251852j)
starting: 5600
some stuff:
tdelaylist (1+0j)
ESFGt (1.1602494116062473e-30-9.420505767037878e-32j)
ESFGw (-6.486157097529421e-12+1.0865613964128329e-12j)
intensity 4.325084956200591e-23
data entry 5600 [4.20704874e-23 4.15047527e-23 4.09112984e-23 ... 4.35951151e-23
 4.31167173e-23 4.26080268e-23]
finishing 5600
disp entry 6400 (-0.10090794045923898-0.08313734878120543j)
starting: 6400
some stuff:
tdelaylist (1+0j)
ESFGt (-1.7834487443218067e-30+1.26602509527064e-30j)
ESFGw (-6.486169240593753e-12+1.0865657332215228e-12j)
intensity 4.3251016510235765e-23
data entry 6400 [4.20704905e-23 4.15044649e-23 4.09112079e-23 ... 4.35949899e-23
 4.31166986e-23 4.26079474e-23]
finishing 6400
disp entry 7200 (-0.19585664640014067+0.18316704787788468j)
starting: 7200
some stuff:
tdelaylist (1+0j)
ESFGt (6.046178703341452e-31-1.9177071263043638e-31j)
ESFGw (-6.486158832252897e-12+1.086560529051095e-12j)
intensity 4.3250870180504047e-23
data entry 7200 [4.20703457e-23 4.15044161e-23 4.09111834e-23 ... 4.35949566e-23
 4.31164856e-23 4.26080501e-23]
finishing 7200
disp entry 8000 (-0.46674482981831067+0.10221718361476176j)
starting: 8000
some stuff:
tdelaylist (1+0j)
ESFGt (2.8800627222265154e-31-4.011335915966349e-31j)
ESFGw (-6.4861518933589934e-12+1.0865414470928592e-12j)
intensity 4.32507386999751e-23
data entry 8000 [4.20704004e-23 4.15045681e-23 4.09112239e-23 ... 4.35951678e-23
 4.31162975e-23 4.26079241e-23]
finishing 8000
disp entry 8800 (-0.4000135453943324-0.17251946140905j)
starting: 8800
some stuff:
tdelaylist (1+0j)
ESFGt (-7.769607646505754e-31-1.4024155418869445e-30j)
ESFGw (-6.4861484239120415e-12+1.086557059604143e-12j)
intensity 4.3250727620792267e-23
data entry 8800 [4.20704307e-23 4.15046547e-23 4.09111324e-23 ... 4.35950148e-23
 4.31165410e-23 4.26079609e-23]
finishing 8800
disp entry 9600 (-0.12217421055568767-0.12018789869367334j)
starting: 9600
some stuff:
tdelaylist (1+0j)
ESFGt (8.904612329512838e-31-7.776581619390312e-31j)
ESFGw (-6.486169240593753e-12+1.086550120710239e-12j)
intensity 4.325098258243999e-23
data entry 9600 [4.20705911e-23 4.15045618e-23 4.09113393e-23 ... 4.35951013e-23
 4.31166961e-23 4.26080811e-23]
finishing 9600
disp entry 10400 (-0.1599639976939711+0.15999993192688947j)
starting: 10400
some stuff:
tdelaylist (1+0j)
ESFGt (2.157248424719449e-30-1.720321876496208e-32j)
ESFGw (-6.486155362805945e-12+1.086559661689357e-12j)
intensity 4.3250823288866827e-23
data entry 10400 [4.20703843e-23 4.15043920e-23 4.09110707e-23 ... 4.35949429e-23
 4.31163091e-23 4.26080781e-23]
finishing 10400
disp entry 11200 (-0.44173975507885027+0.13685450062843046j)
starting: 11200
some stuff:
tdelaylist (1+0j)
ESFGt (-1.514628044537344e-30-2.3372288349715896e-31j)
ESFGw (-6.486160566976373e-12+1.0865666005832608e-12j)
intensity 4.325090587810234e-23
data entry 11200 [4.20704247e-23 4.15045186e-23 4.09111962e-23 ... 4.35949731e-23
 4.31164798e-23 4.26083126e-23]
finishing 11200
disp entry 12000 (-0.43330150782337373-0.14574430408077105j)
starting: 12000
some stuff:
tdelaylist (1+0j)
ESFGt (-1.5157670515435167e-32+9.779699224829943e-31j)
ESFGw (-6.4861501586355175e-12+1.086557926965881e-12j)
intensity 4.325075200901994e-23
data entry 12000 [4.20704742e-23 4.15044101e-23 4.09111376e-23 ... 4.35950817e-23
 4.31165051e-23 4.26082361e-23]
finishing 12000
disp entry 12800 (-0.15064676938931237-0.1520361464648941j)
starting: 12800
some stuff:
tdelaylist (1+0j)
ESFGt (-6.067491826515081e-31-8.699937133938622e-31j)
ESFGw (-6.486162301699849e-12+1.086560529051095e-12j)
intensity 4.325091518728408e-23
data entry 12800 [4.20706820e-23 4.15045930e-23 4.09113056e-23 ... 4.35949930e-23
 4.31165883e-23 4.26081963e-23]
finishing 12800
disp entry 13600 (-0.12964191655268456+0.12990726026263566j)
starting: 13600
some stuff:
tdelaylist (1+0j)
ESFGt (5.391783819425127e-31-4.935105204526149e-31j)
ESFGw (-6.486157097529421e-12+1.0865692026684748e-12j)
intensity 4.32508665260189e-23
data entry 13600 [4.20704325e-23 4.15046508e-23 4.09113351e-23 ... 4.35950871e-23
 4.31165657e-23 4.26079196e-23]
finishing 13600
disp entry 14400 (-0.41010865705005745+0.16556810594236218j)
starting: 14400
some stuff:
tdelaylist (1+0j)
ESFGt (2.3353187036712775e-30-1.426889898508353e-30j)
ESFGw (-6.486169240593753e-12+1.086559661689357e-12j)
intensity 4.325100331603503e-23
data entry 14400 [4.20706047e-23 4.15045387e-23 4.09111033e-23 ... 4.35951264e-23
 4.31166766e-23 4.26081131e-23]
finishing 14400
disp entry 15200 (-0.4603286943152921-0.11266064220723578j)
starting: 15200
some stuff:
tdelaylist (1+0j)
ESFGt (8.355037687452556e-31+4.059981445706202e-30j)
ESFGw (-6.486162301699849e-12+1.086558794327619e-12j)
intensity 4.3250911417522976e-23
data entry 15200 [4.20703556e-23 4.15044352e-23 4.09113190e-23 ... 4.35949565e-23
 4.31167152e-23 4.26080692e-23]
finishing 15200
disp entry 16000 (-0.18509318960763632-0.17730354891892558j)
starting: 16000
some stuff:
tdelaylist (1+0j)
ESFGt (4.289723070896448e-31+1.1930413781749781e-30j)
ESFGw (-6.4861449544650895e-12+1.0865639984980469e-12j)
intensity 4.325069769316501e-23
data entry 16000 [4.20704004e-23 4.15045372e-23 4.09111347e-23 ... 4.35950762e-23
 4.31165103e-23 4.26082771e-23]
finishing 16000
disp entry 16800 (-0.10620288642397324+0.09419158640287606j)
starting: 16800
some stuff:
tdelaylist (1+0j)
ESFGt (-9.683139416875997e-31+2.591308647517645e-31j)
ESFGw (-6.486165771146801e-12+1.086558794327619e-12j)
intensity 4.3250956424327074e-23
data entry 16800 [4.20704771e-23 4.15044408e-23 4.09112000e-23 ... 4.35952568e-23
 4.31165080e-23 4.26081974e-23]
finishing 16800
disp entry 17600 (-0.37322067963738087+0.18711513856946j)
starting: 17600
some stuff:
tdelaylist (1+0j)
ESFGt (1.8011334455728656e-30-1.0729935003797376e-30j)
ESFGw (-6.486160566976373e-12+1.086556192242405e-12j)
intensity 4.3250883259499595e-23
data entry 17600 [4.20704874e-23 4.15044556e-23 4.09111361e-23 ... 4.35951510e-23
 4.31165051e-23 4.26081189e-23]
finishing 17600
disp entry 18400 (-0.47992524008597015-0.074700493544606j)
starting: 18400
some stuff:
tdelaylist (1+0j)
ESFGt (2.4415224553584656e-31-5.475223229632935e-31j)
ESFGw (-6.486169240593753e-12+1.086554457518929e-12j)
intensity 4.3250992006778793e-23
data entry 18400 [4.20704247e-23 4.15044596e-23 4.09112559e-23 ... 4.35949232e-23
 4.31165109e-23 4.26079331e-23]
finishing 18400
disp entry 19200 (-0.22402246681164956-0.19489641306904357j)
starting: 19200
some stuff:
tdelaylist (1+0j)
ESFGt (5.989461571112017e-31-2.0749081487494338e-30j)
ESFGw (-6.486155362805945e-12+1.086548385986763e-12j)
intensity 4.3250798785546765e-23
data entry 19200 [4.20705206e-23 4.15045358e-23 4.09112988e-23 ... 4.35948509e-23
 4.31165882e-23 4.26081331e-23]
finishing 19200
disp entry 20000 (-0.09066145967086797+0.05439885406254672j)
starting: 20000
some stuff:
tdelaylist (1+0j)
ESFGt (-7.930738769743589e-31-2.6441836999713042e-30j)
ESFGw (-6.486162301699849e-12+1.086550120710239e-12j)
intensity 4.3250892568807716e-23
data entry 20000 [4.20703975e-23 4.15046304e-23 4.09112050e-23 ... 4.35950456e-23
 4.31163694e-23 4.26080530e-23]
finishing 20000
disp entry 20800 (-0.33267250941214777+0.2005629407697033j)
starting: 20800
some stuff:
tdelaylist (1+0j)
ESFGt (-5.5108228409487175e-31-1.1296241162249521e-30j)
ESFGw (-6.486164036423325e-12+1.0865666005832608e-12j)
intensity 4.325095088489438e-23
data entry 20800 [4.20706272e-23 4.15046118e-23 4.09112563e-23 ... 4.35950569e-23
 4.31165687e-23 4.26080106e-23]
finishing 20800
disp entry 21600 (-0.49124291371500883-0.03350695331973686j)
starting: 21600
some stuff:
tdelaylist (1+0j)
ESFGt (2.4276061068774988e-30+8.82822212382804e-31j)
ESFGw (-6.4861432197416136e-12+1.0865666005832608e-12j)
intensity 4.3250680844503163e-23
data entry 21600 [4.20704439e-23 4.15046203e-23 4.09111354e-23 ... 4.35949901e-23
 4.31164553e-23 4.26081428e-23]
finishing 21600
disp entry 22400 (-0.26574955729597927-0.20405323633608952j)
starting: 22400
some stuff:
tdelaylist (1+0j)
ESFGt (6.0440947869563145e-31-1.9965686913123294e-30j)
ESFGw (-6.486157097529421e-12+1.086552722795453e-12j)
intensity 4.3250830713245495e-23
data entry 22400 [4.20705775e-23 4.15045869e-23 4.09112527e-23 ... 4.35950595e-23
 4.31166375e-23 4.26083839e-23]
finishing 22400
disp entry 23200 (-0.08369034293483901+0.012251481379495556j)
starting: 23200
some stuff:
tdelaylist (1+0j)
ESFGt (-5.649444657961527e-31-8.785580831153092e-31j)
ESFGw (-6.4861518933589934e-12+1.0865622637745709e-12j)
intensity 4.325078393678338e-23
data entry 23200 [4.20705672e-23 4.15045581e-23 4.09112991e-23 ... 4.35949875e-23
 4.31164386e-23 4.26082016e-23]
finishing 23200
disp entry 24000 (-0.29021926344586946+0.20532942789944855j)
starting: 24000
some stuff:
tdelaylist (1+0j)
ESFGt (1.1053852346319004e-30-8.571057814105428e-30j)
ESFGw (-6.486160566976373e-12+1.0865657332215228e-12j)
intensity 4.3250903993210494e-23
data entry 24000 [4.20704932e-23 4.15045843e-23 4.09113004e-23 ... 4.35949177e-23
 4.31165711e-23 4.26079228e-23]
finishing 24000
disp entry 24800 (-0.4937918326235938+0.009136926722173132j)
starting: 24800
some stuff:
tdelaylist (1+0j)
ESFGt (-8.224248988635435e-30+9.481142467630695e-32j)
ESFGw (-6.4861484239120415e-12+1.0865683353067368e-12j)
intensity 4.325075212430792e-23
data entry 24800 [4.20705443e-23 4.15045107e-23 4.09111445e-23 ... 4.35949792e-23
 4.31165958e-23 4.26079526e-23]
finishing 24800
disp entry 25600 (-0.3084683147303033-0.2043776679908563j)
starting: 25600
some stuff:
tdelaylist (1+0j)
ESFGt (-1.9564627048532343e-30-4.909117939655458e-30j)
ESFGw (-6.486157097529421e-12+1.0865613964128329e-12j)
intensity 4.325084956200591e-23
data entry 25600 [4.20705723e-23 4.15045247e-23 4.09113402e-23 ... 4.35948927e-23
 4.31167372e-23 4.26081702e-23]
finishing 25600
disp entry 26400 (-0.08559127920263429-0.030426193509574158j)
starting: 26400
some stuff:
tdelaylist (1+0j)
ESFGt (5.7191542941517305e-31-2.851888473626007e-31j)
ESFGw (-6.4861518933589934e-12+1.086558794327619e-12j)
intensity 4.3250776397255144e-23
data entry 26400 [4.20704824e-23 4.15046714e-23 4.09111543e-23 ... 4.35951040e-23
 4.31167318e-23 4.26081864e-23]
finishing 26400
disp entry 27200 (-0.24769851952128205+0.20120828379483222j)
starting: 27200
some stuff:
tdelaylist (1+0j)
ESFGt (-2.51297746556077e-31+3.0411863223005054e-30j)
ESFGw (-6.486158832252897e-12+1.086556192242405e-12j)
intensity 4.325086075611258e-23
data entry 27200 [4.20704084e-23 4.15044270e-23 4.09110785e-23 ... 4.35950040e-23
 4.31163920e-23 4.26080643e-23]
finishing 27200
disp entry 28000 (-0.48746166751534703+0.051385317251679545j)
starting: 28000
some stuff:
tdelaylist (1+0j)
ESFGt (1.3700275692167043e-30+2.8568296876395754e-30j)
ESFGw (-6.486165771146801e-12+1.0865657332215228e-12j)
intensity 4.3250971503407605e-23
data entry 28000 [4.20703593e-23 4.15043129e-23 4.09111024e-23 ... 4.35950428e-23
 4.31166490e-23 4.26082549e-23]
finishing 28000
disp entry 28800 (-0.3503296687365974-0.19585566509299235j)
starting: 28800
some stuff:
tdelaylist (1+0j)
ESFGt (2.5231194427405687e-30+4.262568963313357e-30j)
ESFGw (-6.4861501586355175e-12+1.086557059604143e-12j)
intensity 4.3250750124143155e-23
data entry 28800 [4.20704762e-23 4.15044969e-23 4.09111638e-23 ... 4.35948538e-23
 4.31167567e-23 4.26081183e-23]
finishing 28800
disp entry 29600 (-0.09628198693905932-0.07178687847399047j)
starting: 29600
some stuff:
tdelaylist (1+0j)
ESFGt (5.868872777836302e-31-4.536467798693372e-33j)
ESFGw (-6.486162301699849e-12+1.0865709373919508e-12j)
intensity 4.3250937805977115e-23
data entry 29600 [4.20703078e-23 4.15045621e-23 4.09111017e-23 ... 4.35952039e-23
 4.31164994e-23 4.26079800e-23]
finishing 29600
disp entry 30400 (-0.20695077705280712+0.18837789111361647j)
starting: 30400
some stuff:
tdelaylist (1+0j)
ESFGt (1.90163388674896e-30-7.1595091513103346e-31j)
ESFGw (-6.486160566976373e-12+1.086556192242405e-12j)
intensity 4.3250883259499595e-23
data entry 30400 [4.20705728e-23 4.15046391e-23 4.09113102e-23 ... 4.35952122e-23
 4.31165546e-23 4.26081071e-23]
finishing 30400
disp entry 31200 (-0.472526417951415+0.0914095076006959j)
starting: 31200
some stuff:
tdelaylist (1+0j)
ESFGt (1.4572142673358376e-30-2.8582824105780956e-30j)
ESFGw (-6.486164036423325e-12+1.0865726721154267e-12j)
intensity 4.325096407917937e-23
data entry 31200 [4.20704272e-23 4.15045170e-23 4.09112582e-23 ... 4.35948678e-23
 4.31164473e-23 4.26079604e-23]
finishing 31200
disp entry 32000 (-0.38952166142267697-0.17885610033604898j)
starting: 32000
some stuff:
tdelaylist (1+0j)
ESFGt (5.416112226667937e-30-6.325312156125001e-30j)
ESFGw (-6.486160566976373e-12+1.0865692026684748e-12j)
intensity 4.325091153278687e-23
data entry 32000 [4.20704247e-23 4.15044479e-23 4.09111883e-23 ... 4.35950454e-23
 4.31163971e-23 4.26080544e-23]
finishing 32000
disp entry 32800 (-0.11529972162196883-0.11004028695169102j)
starting: 32800
some stuff:
tdelaylist (1+0j)
ESFGt (1.8463754959891215e-30-5.392475950498891e-31j)
ESFGw (-6.486167505870277e-12+1.0865639984980469e-12j)
intensity 4.325099023703951e-23
data entry 32800 [4.20704767e-23 4.15045525e-23 4.09111354e-23 ... 4.35951014e-23
 4.31165744e-23 4.26081166e-23]
finishing 32800
disp entry 33600 (-0.16973979154494+0.16739361008793785j)
starting: 33600
some stuff:
tdelaylist (1+0j)
ESFGt (1.7454229126659267e-30-7.007170349658458e-30j)
ESFGw (-6.486155362805945e-12+1.0865666005832608e-12j)
intensity 4.325083836795938e-23
data entry 33600 [4.20704196e-23 4.15044432e-23 4.09111968e-23 ... 4.35949428e-23
 4.31164992e-23 4.26080363e-23]
finishing 33600
disp entry 34400 (-0.4496325523502561+0.12747706103127154j)
starting: 34400
some stuff:
tdelaylist (1+0j)
ESFGt (-5.166793072203164e-30+3.272540913819176e-30j)
ESFGw (-6.4861518933589934e-12+1.086556192242405e-12j)
intensity 4.3250770742624775e-23
data entry 34400 [4.20703230e-23 4.15045893e-23 4.09113252e-23 ... 4.35950956e-23
 4.31165410e-23 4.26081695e-23]
finishing 34400
disp entry 35200 (-0.4243478775114139-0.15411479548824286j)
starting: 35200
some stuff:
tdelaylist (1+0j)
ESFGt (3.663413662247257e-30-6.617495288914542e-31j)
ESFGw (-6.486162301699849e-12+1.086557926965881e-12j)
intensity 4.3250909532644686e-23
data entry 35200 [4.20704305e-23 4.15045300e-23 4.09111239e-23 ... 4.35949372e-23
 4.31167702e-23 4.26080562e-23]
finishing 35200
disp entry 36000 (-0.14182130551934682-0.1435306300404952j)
starting: 36000
some stuff:
tdelaylist (1+0j)
ESFGt (1.509804944196146e-30+3.0378595792481303e-30j)
ESFGw (-6.486170975317229e-12+1.086550120710239e-12j)
intensity 4.325100508586309e-23
data entry 36000 [4.20704686e-23 4.15046010e-23 4.09110939e-23 ... 4.35949290e-23
 4.31165329e-23 4.26082029e-23]
finishing 36000
disp entry 36800 (-0.13767623089095254+0.13916373990015324j)
starting: 36800
some stuff:
tdelaylist (1+0j)
ESFGt (-2.5198092506486532e-30-1.5435576187879169e-30j)
ESFGw (-6.486157097529421e-12+1.0865683353067368e-12j)
intensity 4.325086464112255e-23
data entry 36800 [4.20704492e-23 4.15044569e-23 4.09111883e-23 ... 4.35948816e-23
 4.31166208e-23 4.26081526e-23]
finishing 36800
disp entry 37600 (-0.4197710257691817+0.15802680281216688j)
starting: 37600
some stuff:
tdelaylist (1+0j)
ESFGt (-5.440165286114011e-31+6.873983266207466e-30j)
ESFGw (-6.486158832252897e-12+1.0865666005832608e-12j)
intensity 4.3250883374715327e-23
data entry 37600 [4.20705154e-23 4.15043333e-23 4.09111105e-23 ... 4.35950205e-23
 4.31166627e-23 4.26081394e-23]
finishing 37600
disp entry 38400 (-0.45330087323767376-0.12270267153734568j)
starting: 38400
some stuff:
tdelaylist (1+0j)
ESFGt (2.692900699767687e-30-4.269530899135763e-30j)
ESFGw (-6.486155362805945e-12+1.0865666005832608e-12j)
intensity 4.325083836795938e-23
data entry 38400 [4.20704956e-23 4.15045652e-23 4.09113282e-23 ... 4.35952259e-23
 4.31167895e-23 4.26081765e-23]
finishing 38400
disp entry 39200 (-0.17469875872474322-0.17080828689291422j)
starting: 39200
some stuff:
tdelaylist (1+0j)
ESFGt (-1.6107996572368744e-30+7.973601995751973e-30j)
ESFGw (-6.486162301699849e-12+1.086558794327619e-12j)
intensity 4.3250911417522976e-23
data entry 39200 [4.20705480e-23 4.15046492e-23 4.09112510e-23 ... 4.35951207e-23
 4.31165379e-23 4.26081400e-23]
finishing 39200
disp entry 40000 (-0.11214795802928271+0.10491020318740657j)
starting: 40000
some stuff:
tdelaylist (1+0j)
ESFGt (3.873209123134558e-30-1.1768470156816657e-30j)
ESFGw (-6.486160566976373e-12+1.0865622637745709e-12j)
intensity 4.325089645365819e-23
data entry 40000 [4.20703571e-23 4.15045014e-23 4.09111216e-23 ... 4.35949150e-23
 4.31165604e-23 4.26080623e-23]
finishing 40000
disp entry 40800 (-0.3842343866707455+0.1817363952637222j)
starting: 40800
some stuff:
tdelaylist (1+0j)
ESFGt (-2.5430926904333565e-30+2.0949137460467562e-30j)
ESFGw (-6.486165771146801e-12+1.086557059604143e-12j)
intensity 4.325095265457199e-23
data entry 40800 [4.20705556e-23 4.15046656e-23 4.09112347e-23 ... 4.35950178e-23
 4.31164694e-23 4.26081220e-23]
finishing 40800
disp entry 41600 (-0.47512742566221566-0.0859793941524216j)
starting: 41600
some stuff:
tdelaylist (1+0j)
ESFGt (6.133703191517238e-31-1.024674776877323e-29j)
ESFGw (-6.486162301699849e-12+1.0865700700302128e-12j)
intensity 4.325093592107774e-23
data entry 41600 [4.20705043e-23 4.15045867e-23 4.09112200e-23 ... 4.35950262e-23
 4.31163535e-23 4.26079956e-23]
finishing 41600
disp entry 42400 (-0.21250898917091932-0.19069255117999337j)
starting: 42400
some stuff:
tdelaylist (1+0j)
ESFGt (3.2336514229538595e-31+2.2185862841826442e-30j)
ESFGw (-6.4861536280824694e-12+1.086556192242405e-12j)
intensity 4.325079324598769e-23
data entry 42400 [4.20705373e-23 4.15046383e-23 4.09113000e-23 ... 4.35951094e-23
 4.31166874e-23 4.26082409e-23]
finishing 42400
disp entry 43200 (-0.09425995765484863+0.0661156554360073j)
starting: 43200
some stuff:
tdelaylist (1+0j)
ESFGt (3.240547907250812e-30+9.304424853538244e-30j)
ESFGw (-6.486162301699849e-12+1.0865726721154267e-12j)
intensity 4.3250941575780346e-23
data entry 43200 [4.20705478e-23 4.15044246e-23 4.09112478e-23 ... 4.35950567e-23
 4.31163476e-23 4.26079524e-23]
finishing 43200
disp entry 44000 (-0.3445608292964949+0.1975795748026719j)
starting: 44000
some stuff:
tdelaylist (1+0j)
ESFGt (1.3501656643488264e-30-2.4992326452154753e-31j)
ESFGw (-6.486165771146801e-12+1.086560529051095e-12j)
intensity 4.3250960194088174e-23
data entry 44000 [4.20704971e-23 4.15046227e-23 4.09112196e-23 ... 4.35949790e-23
 4.31163864e-23 4.26079843e-23]
finishing 44000
disp entry 44800 (-0.4888827781028081-0.045534520906651124j)
starting: 44800
some stuff:
tdelaylist (1+0j)
ESFGt (7.371436676831383e-31+2.4422356512909965e-30j)
ESFGw (-6.486172710040705e-12+1.086554457518929e-12j)
intensity 4.325103701363104e-23
data entry 44800 [4.20704307e-23 4.15044312e-23 4.09110514e-23 ... 4.35950041e-23
 4.31163862e-23 4.26080834e-23]
finishing 44800
disp entry 45600 (-0.25361539080227835-0.20232273765968942j)
starting: 45600
some stuff:
tdelaylist (1+0j)
ESFGt (6.417506272099541e-30-5.006412760717086e-30j)
ESFGw (-6.486157097529421e-12+1.0865631311363089e-12j)
intensity 4.3250853331776033e-23
data entry 45600 [4.20704080e-23 4.15045165e-23 4.09110485e-23 ... 4.35953399e-23
 4.31164884e-23 4.26081988e-23]
finishing 45600
disp entry 46400 (-0.08478650724202158+0.024459308621781518j)
starting: 46400
some stuff:
tdelaylist (1+0j)
ESFGt (1.7414138186527862e-30+2.686529332307134e-30j)
ESFGw (-6.486160566976373e-12+1.0865648658597848e-12j)
intensity 4.325090210832016e-23
data entry 46400 [4.20705097e-23 4.15045218e-23 4.09112396e-23 ... 4.35950176e-23
 4.31165963e-23 4.26079696e-23]
finishing 46400
disp entry 47200 (-0.3024676133266657+0.20487057349617535j)
starting: 47200
some stuff:
tdelaylist (1+0j)
ESFGt (3.4347305462100394e-31-5.000604125912159e-30j)
ESFGw (-6.486160566976373e-12+1.0865666005832608e-12j)
intensity 4.325090587810234e-23
data entry 47200 [4.20704717e-23 4.15044106e-23 4.09111426e-23 ... 4.35950956e-23
 4.31163643e-23 4.26079281e-23]
finishing 47200
disp entry 48000 (-0.4939715336831175-0.0031186976884791016j)
starting: 48000
some stuff:
tdelaylist (1+0j)
ESFGt (1.8221403759779925e-31+1.9823153050910948e-30j)
ESFGw (-6.4861484239120415e-12+1.0865631311363089e-12j)
intensity 4.325074081496141e-23
data entry 48000 [4.20704713e-23 4.15045165e-23 4.09111671e-23 ... 4.35949455e-23
 4.31166155e-23 4.26080000e-23]
finishing 48000
disp entry 48800 (-0.2962386836451342-0.2051954367151953j)
starting: 48800
some stuff:
tdelaylist (1+0j)
ESFGt (5.7200435321182406e-30-1.5251807864630939e-30j)
ESFGw (-6.486165771146801e-12+1.0865622637745709e-12j)
intensity 4.32509639638553e-23
data entry 48800 [4.20705717e-23 4.15047387e-23 4.09112099e-23 ... 4.35950623e-23
 4.31165737e-23 4.26080061e-23]
finishing 48800
disp entry 49600 (-0.08413766264420536-0.01825575304643144j)
starting: 49600
some stuff:
tdelaylist (1+0j)
ESFGt (-4.0708110400614575e-30+4.2120825153805684e-30j)
ESFGw (-6.486162301699849e-12+1.0865613964128329e-12j)
intensity 4.3250917072166887e-23
data entry 49600 [4.20705039e-23 4.15044487e-23 4.09111615e-23 ... 4.35950038e-23
 4.31167951e-23 4.26080656e-23]
finishing 49600
disp entry 50400 (-0.25977673273862095+0.20329380234960573j)
starting: 50400
some stuff:
tdelaylist (1+0j)
ESFGt (6.90620723390588e-30-4.070874234637758e-31j)
ESFGw (-6.486164036423325e-12+1.0865622637745709e-12j)
intensity 4.3250941460450244e-23
data entry 50400 [4.20704659e-23 4.15045785e-23 4.09111644e-23 ... 4.35949371e-23
 4.31163975e-23 4.26079610e-23]
finishing 50400
disp entry 51200 (-0.49017342693266497+0.03943211755333818j)
starting: 51200
some stuff:
tdelaylist (1+0j)
ESFGt (4.81757909125184e-30-4.6351325878912224e-30j)
ESFGw (-6.486162301699849e-12+1.086558794327619e-12j)
intensity 4.3250911417522976e-23
data entry 51200 [4.20703870e-23 4.15045573e-23 4.09111236e-23 ... 4.35950593e-23
 4.31164501e-23 4.26080146e-23]
finishing 51200
disp entry 52000 (-0.3385339294816315-0.19918630431012985j)
starting: 52000
some stuff:
tdelaylist (1+0j)
ESFGt (8.33078300721543e-31-4.381565855119414e-31j)
ESFGw (-6.4861518933589934e-12+1.086560529051095e-12j)
intensity 4.325078016701624e-23
data entry 52000 [4.20704111e-23 4.15044214e-23 4.09111844e-23 ... 4.35950261e-23
 4.31163533e-23 4.26081603e-23]
finishing 52000
disp entry 52800 (-0.09234150893217033-0.06018061916088426j)
starting: 52800
some stuff:
tdelaylist (1+0j)
ESFGt (9.999420748094683e-31+3.4448288890395354e-30j)
ESFGw (-6.486167505870277e-12+1.0865692026684748e-12j)
intensity 4.3251001546395064e-23
data entry 52800 [4.20705144e-23 4.15046547e-23 4.09113553e-23 ... 4.35951537e-23
 4.31165050e-23 4.26081503e-23]
finishing 52800
disp entry 53600 (-0.21833605126830066+0.19291751149464198j)
starting: 53600
some stuff:
tdelaylist (1+0j)
ESFGt (8.26097105599693e-30-5.917148920231353e-30j)
ESFGw (-6.486158832252897e-12+1.0865631311363089e-12j)
intensity 4.3250875835157014e-23
data entry 53600 [4.20703971e-23 4.15045681e-23 4.09113317e-23 ... 4.35950928e-23
 4.31167893e-23 4.26081587e-23]
finishing 53600
disp entry 54400 (-0.4776528579208011+0.08027612377519103j)
starting: 54400
some stuff:
tdelaylist (1+0j)
ESFGt (-1.133372156452662e-31-4.646802519647994e-30j)
ESFGw (-6.486157097529421e-12+1.086553590157191e-12j)
intensity 4.3250832598114775e-23
data entry 54400 [4.20704684e-23 4.15045809e-23 4.09112128e-23 ... 4.35950484e-23
 4.31166102e-23 4.26083830e-23]
finishing 54400
disp entry 55200 (-0.378670389523831-0.18455544418802738j)
starting: 55200
some stuff:
tdelaylist (1+0j)
ESFGt (5.50248943235732e-30+5.165675130055758e-31j)
ESFGw (-6.486167505870277e-12+1.086559661689357e-12j)
intensity 4.325098081261794e-23
data entry 55200 [4.20705449e-23 4.15047358e-23 4.09112670e-23 ... 4.35951344e-23
 4.31168034e-23 4.26082120e-23]
finishing 55200
disp entry 56000 (-0.10904294473902171-0.09950058272420632j)
starting: 56000
some stuff:
tdelaylist (1+0j)
ESFGt (-3.621177868103568e-30-1.7831350283894593e-30j)
ESFGw (-6.486167505870277e-12+1.0865657332215228e-12j)
intensity 4.3250994006818684e-23
data entry 56000 [4.20705072e-23 4.15046092e-23 4.09110886e-23 ... 4.35948013e-23
 4.31168507e-23 4.26081162e-23]
finishing 56000
disp entry 56800 (-0.17993931810585606+0.17419083599995314j)
starting: 56800
some stuff:
tdelaylist (1+0j)
ESFGt (2.3029006383456562e-30+3.9392188673456615e-30j)
ESFGw (-6.486155362805945e-12+1.086557926965881e-12j)
intensity 4.3250819519108724e-23
data entry 56800 [4.20705699e-23 4.15045875e-23 4.09112811e-23 ... 4.35953622e-23
 4.31167429e-23 4.26083334e-23]
finishing 56800
disp entry 57600 (-0.45695177624218736+0.11764539872088291j)
starting: 57600
some stuff:
tdelaylist (1+0j)
ESFGt (5.825416726516912e-30-8.279863225045154e-30j)
ESFGw (-6.486164036423325e-12+1.086560529051095e-12j)
intensity 4.3250937690683125e-23
data entry 57600 [4.20705154e-23 4.15045062e-23 4.09110703e-23 ... 4.35950537e-23
 4.31164855e-23 4.26080839e-23]
finishing 57600
disp entry 58400 (-0.4149107674691098-0.16193614934900882j)
starting: 58400
some stuff:
tdelaylist (1+0j)
ESFGt (-2.9144706643892087e-30-2.627735054540022e-30j)
ESFGw (-6.486164036423325e-12+1.0865700700302128e-12j)
intensity 4.325095842447679e-23
data entry 58400 [4.20704713e-23 4.15046116e-23 4.09111315e-23 ... 4.35951538e-23
 4.31166018e-23 4.26081143e-23]
finishing 58400
disp entry 59200 (-0.13351905273111578-0.1345136892729075j)
starting: 59200
some stuff:
tdelaylist (1+0j)
ESFGt (-3.261489386130485e-30+2.3788966302449613e-30j)
ESFGw (-6.486164036423325e-12+1.0865613964128329e-12j)
intensity 4.325093957556594e-23
data entry 59200 [4.20703375e-23 4.15045660e-23 4.09111082e-23 ... 4.35949428e-23
 4.31164141e-23 4.26080525e-23]
finishing 59200
disp entry 60000 (-0.1462485259254141+0.14792435517579497j)
starting: 60000
some stuff:
tdelaylist (1+0j)
ESFGt (-1.2945341998939012e-29-1.1651229923768469e-29j)
ESFGw (-6.486158832252897e-12+1.0865666005832608e-12j)
intensity 4.3250883374715327e-23
data entry 60000 [4.20704824e-23 4.15046762e-23 4.09112886e-23 ... 4.35950873e-23
 4.31165138e-23 4.26078635e-23]
finishing 60000
disp entry 60800 (-0.4289662228686123+0.14992242297972885j)
starting: 60800
some stuff:
tdelaylist (1+0j)
ESFGt (-8.984192356668026e-30-8.020820381310379e-30j)
ESFGw (-6.486164036423325e-12+1.0865631311363089e-12j)
intensity 4.3250943345336075e-23
data entry 60800 [4.20706433e-23 4.15045274e-23 4.09112814e-23 ... 4.35952513e-23
 4.31165633e-23 4.26081398e-23]
finishing 60800
disp entry 61600 (-0.44568640792176867-0.1323074901258889j)
starting: 61600
some stuff:
tdelaylist (1+0j)
ESFGt (-4.179598246213109e-30+2.7606106790078198e-30j)
ESFGw (-6.486170975317229e-12+1.0865674679449988e-12j)
intensity 4.3251042783444074e-23
data entry 61600 [4.20705773e-23 4.15044045e-23 4.09112148e-23 ... 4.35949536e-23
 4.31166374e-23 4.26082119e-23]
finishing 61600
disp entry 62400 (-0.1647103908980596-0.16370440553658375j)
starting: 62400
some stuff:
tdelaylist (1+0j)
ESFGt (3.0215546262462925e-30+2.003761588264785e-30j)
ESFGw (-6.486162301699849e-12+1.086557926965881e-12j)
intensity 4.3250909532644686e-23
data entry 62400 [4.20705944e-23 4.15045109e-23 4.09111697e-23 ... 4.35951622e-23
 4.31167977e-23 4.26081647e-23]
finishing 62400
disp entry 63200 (-0.11872197196160783+0.1152550068580099j)
starting: 63200
some stuff:
tdelaylist (1+0j)
ESFGt (-1.6267638109165217e-30+1.2492213565058614e-30j)
ESFGw (-6.486164036423325e-12+1.086553590157191e-12j)
intensity 4.3250922611674805e-23
data entry 63200 [4.20705612e-23 4.15044810e-23 4.09111181e-23 ... 4.35948068e-23
 4.31163945e-23 4.26078629e-23]
finishing 63200
disp entry 64000 (-0.3949075452470487+0.17571009389630268j)
starting: 64000
some stuff:
tdelaylist (1+0j)
ESFGt (2.7224313748094964e-30-1.4488552799873663e-30j)
ESFGw (-6.486157097529421e-12+1.086557926965881e-12j)
intensity 4.3250842022483686e-23
data entry 64000 [4.20705097e-23 4.15045708e-23 4.09112161e-23 ... 4.35951178e-23
 4.31169114e-23 4.26080556e-23]
finishing 64000
Top-level running in PID 182739 (name=__main__)
Running interfere() with b=721.7391304347826, sigma_s=11.5
MID-level running in PID 182739 (name=__main__)
E1_shared element:  0j
E1 element:  (4.5682866965889474e-10-5.97848578074021e-10j)
this thing psm_90554dff
ill try to just make an array with this now
testfreq element:  0.0
did it
disp entry 0 (-0.08332452033614668+0j)
starting: 0
some stuff:
tdelaylist (1+0j)
ESFGt (9.069174015464113e-33+2.7073609729946663e-32j)
ESFGw (-1.896594860328893e-12+4.3517793535396976e-13j)
intensity 3.786451899644917e-24
data entry 0 [1.89843438e-24 1.94374635e-24 1.98809008e-24 ... 1.75742590e-24
 1.80521031e-24 1.85224065e-24]
finishing 0
disp entry 800 (-0.27796535717647075+0.2050566582042932j)
starting: 800
some stuff:
tdelaylist (1+0j)
ESFGt (-2.288456163762752e-31-1.1222453971255185e-31j)
ESFGw (-8.568496606686793e-12+1.8796648265650973e-12j)
intensity 7.695227395902907e-23
data entry 800 [2.95577144e-23 2.99581568e-23 3.03369971e-23 ... 2.82317687e-23
 2.86936486e-23 2.91359606e-23]
finishing 800
disp entry 1600 (-0.4928812110671021+0.021359994690023542j)
starting: 1600
some stuff:
tdelaylist (1+0j)
ESFGt (1.2013574834895314e-30+2.2602006649927145e-30j)
ESFGw (-9.128930250623668e-12+1.9808269607901607e-12j)
intensity 8.726104296934513e-23
data entry 1600 [4.36171606e-23 4.46587507e-23 4.56783553e-23 ... 4.03767632e-23
 4.14746385e-23 4.25554656e-23]
finishing 1600
disp entry 2400 (-0.32062736491562593-0.20283166645248532j)
starting: 2400
some stuff:
tdelaylist (1+0j)
ESFGt (1.2976329158501265e-30-9.931464009080426e-31j)
ESFGw (-9.128926781176716e-12+1.9808269607901607e-12j)
intensity 8.726097962467863e-23
data entry 2400 [4.36173596e-23 4.46586052e-23 4.56781175e-23 ... 4.03766460e-23
 4.14747800e-23 4.25553992e-23]
finishing 2400
disp entry 3200 (-0.08776846410639105-0.04248822020746742j)
starting: 3200
some stuff:
tdelaylist (1+0j)
ESFGt (-9.767768991604125e-30+1.4232950298965326e-29j)
ESFGw (-9.128919842282812e-12+1.9808269607901607e-12j)
intensity 8.726085293541805e-23
data entry 3200 [4.36170168e-23 4.46583799e-23 4.56780267e-23 ... 4.03765074e-23
 4.14745414e-23 4.25553234e-23]
finishing 3200
disp entry 4000 (-0.23576625864575806+0.19840582548751706j)
starting: 4000
some stuff:
tdelaylist (1+0j)
ESFGt (-7.448771791895145e-30-2.9660585035089436e-30j)
ESFGw (-9.128930250623668e-12+1.9808286955136367e-12j)
intensity 8.726104984172217e-23
data entry 4000 [4.36171048e-23 4.46586060e-23 4.56780503e-23 ... 4.03764240e-23
 4.14746601e-23 4.25555313e-23]
finishing 4000
disp entry 4800 (-0.4840415430690601+0.06315542221883048j)
starting: 4800
some stuff:
tdelaylist (1+0j)
ESFGt (-1.0033086906302234e-30-1.5120460947056498e-30j)
ESFGw (-9.12893372007062e-12+1.9808234913432088e-12j)
intensity 8.726109256929951e-23
data entry 4800 [4.36171706e-23 4.46585487e-23 4.56780258e-23 ... 4.03767419e-23
 4.14748754e-23 4.25555194e-23]
finishing 4800
disp entry 5600 (-0.3619056678810876-0.1918271584251852j)
starting: 5600
some stuff:
tdelaylist (1+0j)
ESFGt (-1.1037128353090986e-29+3.4372703663242e-30j)
ESFGw (-9.128912903388908e-12+1.9808321649605887e-12j)
intensity 8.726074686340297e-23
data entry 5600 [4.36172157e-23 4.46586276e-23 4.56779568e-23 ... 4.03766152e-23
 4.14746057e-23 4.25554649e-23]
finishing 5600
disp entry 6400 (-0.10090794045923898-0.08313734878120543j)
starting: 6400
some stuff:
tdelaylist (1+0j)
ESFGt (-2.6782929725293405e-29-2.4132031601590204e-29j)
ESFGw (-9.128926781176716e-12+1.9808234913432088e-12j)
intensity 8.726096587994258e-23
data entry 6400 [4.36171492e-23 4.46585728e-23 4.56781057e-23 ... 4.03769575e-23
 4.14745414e-23 4.25553666e-23]
finishing 6400
disp entry 7200 (-0.19585664640014067+0.18316704787788468j)
starting: 7200
some stuff:
tdelaylist (1+0j)
ESFGt (3.362049260300957e-30-2.0054422630678167e-30j)
ESFGw (-9.128912903388908e-12+1.980818287172781e-12j)
intensity 8.726069188445863e-23
data entry 7200 [4.36172272e-23 4.46584373e-23 4.56780612e-23 ... 4.03766788e-23
 4.14745841e-23 4.25551249e-23]
finishing 7200
disp entry 8000 (-0.46674482981831067+0.10221718361476176j)
starting: 8000
some stuff:
tdelaylist (1+0j)
ESFGt (-4.083120440745076e-30-1.5436715194885342e-29j)
ESFGw (-9.128930250623668e-12+1.980821756619733e-12j)
intensity 8.726102235224998e-23
data entry 8000 [4.36172723e-23 4.46587523e-23 4.56781057e-23 ... 4.03767548e-23
 4.14747788e-23 4.25552358e-23]
finishing 8000
disp entry 8800 (-0.4000135453943324-0.17251946140905j)
starting: 8800
some stuff:
tdelaylist (1+0j)
ESFGt (-4.126709652064528e-30+1.948332271222382e-29j)
ESFGw (-9.128923311729764e-12+1.980818287172781e-12j)
intensity 8.726088191824125e-23
data entry 8800 [4.36171943e-23 4.46586609e-23 4.56781402e-23 ... 4.03766580e-23
 4.14744975e-23 4.25554888e-23]
finishing 8800
disp entry 9600 (-0.12217421055568767-0.12018789869367334j)
starting: 9600
some stuff:
tdelaylist (1+0j)
ESFGt (1.015056110974601e-29+1.190956408546902e-29j)
ESFGw (-9.12893372007062e-12+1.9808252260666848e-12j)
intensity 8.726109944166453e-23
data entry 9600 [4.36172150e-23 4.46585927e-23 4.56779568e-23 ... 4.03765715e-23
 4.14745408e-23 4.25553440e-23]
finishing 9600
disp entry 10400 (-0.1599639976939711+0.15999993192688947j)
starting: 10400
some stuff:
tdelaylist (1+0j)
ESFGt (3.735339171116444e-29+2.9452312262564416e-29j)
ESFGw (-9.128937189517572e-12+1.9808234913432088e-12j)
intensity 8.72611559140141e-23
data entry 10400 [4.36173045e-23 4.46585711e-23 4.56780948e-23 ... 4.03765288e-23
 4.14745513e-23 4.25554882e-23]
finishing 10400
disp entry 11200 (-0.44173975507885027+0.13685450062843046j)
starting: 11200
some stuff:
tdelaylist (1+0j)
ESFGt (9.183717194273774e-30-3.013716994152298e-29j)
ESFGw (-9.128940658964524e-12+1.980818287172781e-12j)
intensity 8.726119864169373e-23
data entry 11200 [4.36173266e-23 4.46584922e-23 4.56780585e-23 ... 4.03766897e-23
 4.14745080e-23 4.25552351e-23]
finishing 11200
disp entry 12000 (-0.43330150782337373-0.14574430408077105j)
starting: 12000
some stuff:
tdelaylist (1+0j)
ESFGt (-1.70079836353809e-29-1.6816278374275917e-29j)
ESFGw (-9.128937189517572e-12+1.9808252260666848e-12j)
intensity 8.726116278637914e-23
data entry 12000 [4.36172601e-23 4.46587299e-23 4.56781738e-23 ... 4.03766048e-23
 4.14745829e-23 4.25554111e-23]
finishing 12000
disp entry 12800 (-0.15064676938931237-0.1520361464648941j)
starting: 12800
some stuff:
tdelaylist (1+0j)
ESFGt (-5.463591214621943e-29+6.407093761947867e-29j)
ESFGw (-9.128926781176716e-12+1.9808234913432088e-12j)
intensity 8.726096587994258e-23
data entry 12800 [4.36172379e-23 4.46585503e-23 4.56781284e-23 ... 4.03766147e-23
 4.14744215e-23 4.25554337e-23]
finishing 12800
disp entry 13600 (-0.12964191655268456+0.12990726026263566j)
starting: 13600
some stuff:
tdelaylist (1+0j)
ESFGt (4.8115694375089676e-29+1.1103238907697616e-29j)
ESFGw (-9.128926781176716e-12+1.9808252260666848e-12j)
intensity 8.726097275230761e-23
data entry 13600 [4.36171928e-23 4.46585038e-23 4.56779895e-23 ... 4.03767429e-23
 4.14745297e-23 4.25552132e-23]
finishing 13600
disp entry 14400 (-0.41010865705005745+0.16556810594236218j)
starting: 14400
some stuff:
tdelaylist (1+0j)
ESFGt (3.7445111115500346e-29+4.3430871290000494e-29j)
ESFGw (-9.128930250623668e-12+1.9808373691310166e-12j)
intensity 8.726108420369777e-23
data entry 14400 [4.36172823e-23 4.46587631e-23 4.56781847e-23 ... 4.03766043e-23
 4.14745642e-23 4.25553786e-23]
finishing 14400
disp entry 15200 (-0.4603286943152921-0.11266064220723578j)
starting: 15200
some stuff:
tdelaylist (1+0j)
ESFGt (6.438962636312784e-29+5.653217524629926e-29j)
ESFGw (-9.128926781176716e-12+1.980820021896257e-12j)
intensity 8.726095213523057e-23
data entry 15200 [4.36171713e-23 4.46585603e-23 4.56780249e-23 ... 4.03764851e-23
 4.14745519e-23 4.25555081e-23]
finishing 15200
disp entry 16000 (-0.18509318960763632-0.17730354891892558j)
starting: 16000
some stuff:
tdelaylist (1+0j)
ESFGt (9.220559632256795e-30-6.290079675204867e-30j)
ESFGw (-9.128937189517572e-12+1.9808338996840646e-12j)
intensity 8.726119714829454e-23
data entry 16000 [4.36172157e-23 4.46585154e-23 4.56781275e-23 ... 4.03764866e-23
 4.14748005e-23 4.25553992e-23]
finishing 16000
disp entry 16800 (-0.10620288642397324+0.09419158640287606j)
starting: 16800
some stuff:
tdelaylist (1+0j)
ESFGt (1.938028997409741e-29-2.1823289978835086e-29j)
ESFGw (-9.128926781176716e-12+1.9808373691310166e-12j)
intensity 8.726102085903137e-23
data entry 16800 [4.36172386e-23 4.46586509e-23 4.56780603e-23 ... 4.03769028e-23
 4.14744203e-23 4.25554543e-23]
finishing 16800
disp entry 17600 (-0.37322067963738087+0.18711513856946j)
starting: 17600
some stuff:
tdelaylist (1+0j)
ESFGt (-6.334415184377769e-30+3.721996689573594e-29j)
ESFGw (-9.128919842282812e-12+1.9808286955136367e-12j)
intensity 8.726085980779512e-23
data entry 17600 [4.36172050e-23 4.46585944e-23 4.56780258e-23 ... 4.03765512e-23
 4.14746812e-23 4.25554317e-23]
finishing 17600
disp entry 18400 (-0.47992524008597015-0.074700493544606j)
starting: 18400
some stuff:
tdelaylist (1+0j)
ESFGt (-2.905126293040285e-29+3.018274677273035e-29j)
ESFGw (-9.128930250623668e-12+1.9808338996840646e-12j)
intensity 8.726107045888949e-23
data entry 18400 [4.36170597e-23 4.46584689e-23 4.56781275e-23 ... 4.03765497e-23
 4.14746484e-23 4.25553447e-23]
finishing 18400
disp entry 19200 (-0.22402246681164956-0.19489641306904357j)
starting: 19200
some stuff:
tdelaylist (1+0j)
ESFGt (6.548276915323434e-29+2.4034352346856083e-29j)
ESFGw (-9.128926781176716e-12+1.9808321649605887e-12j)
intensity 8.726100024182793e-23
data entry 19200 [4.36172594e-23 4.46585836e-23 4.56781166e-23 ... 4.03766366e-23
 4.14746496e-23 4.25553885e-23]
finishing 19200
disp entry 20000 (-0.09066145967086797+0.05439885406254672j)
starting: 20000
some stuff:
tdelaylist (1+0j)
ESFGt (7.74256939564588e-31-6.1722172765066754e-30j)
ESFGw (-9.128919842282812e-12+1.9808286955136367e-12j)
intensity 8.726085980779512e-23
data entry 20000 [4.36172937e-23 4.46587515e-23 4.56782637e-23 ... 4.03768715e-23
 4.14748432e-23 4.25555220e-23]
finishing 20000
disp entry 20800 (-0.33267250941214777+0.2005629407697033j)
starting: 20800
some stuff:
tdelaylist (1+0j)
ESFGt (3.140441830323486e-29-2.781620016825377e-29j)
ESFGw (-9.128940658964524e-12+1.9808304302371127e-12j)
intensity 8.726124674824897e-23
data entry 20800 [4.36172823e-23 4.46585046e-23 4.56780376e-23 ... 4.03765085e-23
 4.14745519e-23 4.25552139e-23]
finishing 20800
disp entry 21600 (-0.49124291371500883-0.03350695331973686j)
starting: 21600
some stuff:
tdelaylist (1+0j)
ESFGt (2.4731609704464408e-29-3.6267478681513235e-29j)
ESFGw (-9.128926781176716e-12+1.9808304302371127e-12j)
intensity 8.72609933694388e-23
data entry 21600 [4.36172608e-23 4.46586850e-23 4.56779686e-23 ... 4.03766679e-23
 4.14746607e-23 4.25553580e-23]
finishing 21600
disp entry 22400 (-0.26574955729597927-0.20405323633608952j)
starting: 22400
some stuff:
tdelaylist (1+0j)
ESFGt (3.068087200188565e-29+4.267880768377943e-29j)
ESFGw (-9.128923311729764e-12+1.9808304302371127e-12j)
intensity 8.726093002479649e-23
data entry 22400 [4.36172937e-23 4.46585279e-23 4.56781647e-23 ... 4.03769142e-23
 4.14747911e-23 4.25554118e-23]
finishing 22400
disp entry 23200 (-0.08369034293483901+0.012251481379495556j)
starting: 23200
some stuff:
tdelaylist (1+0j)
ESFGt (2.6116758080693705e-29-1.1080529485314306e-29j)
ESFGw (-9.128937189517572e-12+1.9808338996840646e-12j)
intensity 8.726119714829454e-23
data entry 23200 [4.36171935e-23 4.46585936e-23 4.56781856e-23 ... 4.03764220e-23
 4.14746063e-23 4.25554111e-23]
finishing 23200
disp entry 24000 (-0.29021926344586946+0.20532942789944855j)
starting: 24000
some stuff:
tdelaylist (1+0j)
ESFGt (3.877771470616879e-29-2.769084319373293e-29j)
ESFGw (-9.128940658964524e-12+1.980820021896257e-12j)
intensity 8.726120551404075e-23
data entry 24000 [4.36172372e-23 4.46584938e-23 4.56779913e-23 ... 4.03767965e-23
 4.14745940e-23 4.25553779e-23]
finishing 24000
disp entry 24800 (-0.4937918326235938+0.009136926722173132j)
starting: 24800
some stuff:
tdelaylist (1+0j)
ESFGt (4.521283044788094e-29-1.1380819579463502e-28j)
ESFGw (-9.12893372007062e-12+1.9808286955136367e-12j)
intensity 8.726111318641265e-23
data entry 24800 [4.36171721e-23 4.46585279e-23 4.56781184e-23 ... 4.03767220e-23
 4.14745630e-23 4.25553573e-23]
finishing 24800
disp entry 25600 (-0.3084683147303033-0.2043776679908563j)
starting: 25600
some stuff:
tdelaylist (1+0j)
ESFGt (-7.651720722293426e-29-1.0458124749164083e-28j)
ESFGw (-9.128930250623668e-12+1.980818287172781e-12j)
intensity 8.726100860755e-23
data entry 25600 [4.36171492e-23 4.46587299e-23 4.56780149e-23 ... 4.03765830e-23
 4.14748016e-23 4.25553354e-23]
finishing 25600
disp entry 26400 (-0.08559127920263429-0.030426193509574158j)
starting: 26400
some stuff:
tdelaylist (1+0j)
ESFGt (4.0354897858079494e-29+5.114860371252762e-29j)
ESFGw (-9.128926781176716e-12+1.9808338996840646e-12j)
intensity 8.726100711422306e-23
data entry 26400 [4.36172264e-23 4.46585487e-23 4.56780821e-23 ... 4.03765601e-23
 4.14746490e-23 4.25553002e-23]
finishing 26400
disp entry 27200 (-0.24769851952128205+0.20120828379483222j)
starting: 27200
some stuff:
tdelaylist (1+0j)
ESFGt (1.3963741403926448e-28+8.339770780598088e-29j)
ESFGw (-9.128940658964524e-12+1.9808252260666848e-12j)
intensity 8.726122613111779e-23
data entry 27200 [4.36173252e-23 4.46585711e-23 4.56781729e-23 ... 4.03765502e-23
 4.14747566e-23 4.25554649e-23]
finishing 27200
disp entry 28000 (-0.48746166751534703+0.051385317251679545j)
starting: 28000
some stuff:
tdelaylist (1+0j)
ESFGt (-5.545569776874278e-29-1.1817573395844856e-28j)
ESFGw (-9.12893372007062e-12+1.9808321649605887e-12j)
intensity 8.726112693118485e-23
data entry 28000 [4.36171713e-23 4.46587739e-23 4.56780721e-23 ... 4.03765720e-23
 4.14748116e-23 4.25553978e-23]
finishing 28000
disp entry 28800 (-0.3503296687365974-0.19585566509299235j)
starting: 28800
some stuff:
tdelaylist (1+0j)
ESFGt (-3.5232796893015497e-29-3.038506270412269e-29j)
ESFGw (-9.12893372007062e-12+1.980807878831925e-12j)
intensity 8.726103071828506e-23
data entry 28800 [4.36172379e-23 4.46586052e-23 4.56781057e-23 ... 4.03764866e-23
 4.14746923e-23 4.25553122e-23]
finishing 28800
disp entry 29600 (-0.09628198693905932-0.07178687847399047j)
starting: 29600
some stuff:
tdelaylist (1+0j)
ESFGt (-1.157929719266199e-29-8.84035111904265e-29j)
ESFGw (-9.128930250623668e-12+1.9808373691310166e-12j)
intensity 8.726108420369777e-23
data entry 29600 [4.36172272e-23 4.46586276e-23 4.56781048e-23 ... 4.03767757e-23
 4.14747139e-23 4.25552696e-23]
finishing 29600
disp entry 30400 (-0.20695077705280712+0.18837789111361647j)
starting: 30400
some stuff:
tdelaylist (1+0j)
ESFGt (8.1437571540222e-29-2.922602903579384e-29j)
ESFGw (-9.12893372007062e-12+1.9808252260666848e-12j)
intensity 8.726109944166453e-23
data entry 30400 [4.36170612e-23 4.46584946e-23 4.56780149e-23 ... 4.03765616e-23
 4.14744326e-23 4.25554011e-23]
finishing 30400
disp entry 31200 (-0.472526417951415+0.0914095076006959j)
starting: 31200
some stuff:
tdelaylist (1+0j)
ESFGt (-7.66896276058383e-31-1.7175954819186847e-30j)
ESFGw (-9.12893372007062e-12+1.980821756619733e-12j)
intensity 8.726108569694049e-23
data entry 31200 [4.36172379e-23 4.46586717e-23 4.56780603e-23 ... 4.03766252e-23
 4.14746051e-23 4.25552902e-23]
finishing 31200
disp entry 32000 (-0.38952166142267697-0.17885610033604898j)
starting: 32000
some stuff:
tdelaylist (1+0j)
ESFGt (3.05471868849881e-29+1.180284800632397e-28j)
ESFGw (-9.12893372007062e-12+1.9808252260666848e-12j)
intensity 8.726109944166453e-23
data entry 32000 [4.36171928e-23 4.46585595e-23 4.56781511e-23 ... 4.03763257e-23
 4.14745297e-23 4.25554543e-23]
finishing 32000
disp entry 32800 (-0.11529972162196883-0.11004028695169102j)
starting: 32800
some stuff:
tdelaylist (1+0j)
ESFGt (-6.190969063317546e-29-8.051225699380839e-29j)
ESFGw (-9.12893372007062e-12+1.9808234913432088e-12j)
intensity 8.726109256929951e-23
data entry 32800 [4.36172623e-23 4.46586393e-23 4.56782428e-23 ... 4.03767523e-23
 4.14746168e-23 4.25553440e-23]
finishing 32800
disp entry 33600 (-0.16973979154494+0.16739361008793785j)
starting: 33600
some stuff:
tdelaylist (1+0j)
ESFGt (2.1783078668082157e-29-9.660496198334525e-30j)
ESFGw (-9.12893372007062e-12+1.9808252260666848e-12j)
intensity 8.726109944166453e-23
data entry 33600 [4.36171706e-23 4.46586609e-23 4.56780721e-23 ... 4.03766252e-23
 4.14746607e-23 4.25554656e-23]
finishing 33600
disp entry 34400 (-0.4496325523502561+0.12747706103127154j)
starting: 34400
some stuff:
tdelaylist (1+0j)
ESFGt (-2.5354291443507413e-29+3.9857774714348384e-29j)
ESFGw (-9.12893372007062e-12+1.9808286955136367e-12j)
intensity 8.726111318641265e-23
data entry 34400 [4.36172050e-23 4.46587058e-23 4.56781493e-23 ... 4.03767315e-23
 4.14747034e-23 4.25555200e-23]
finishing 34400
disp entry 35200 (-0.4243478775114139-0.15411479548824286j)
starting: 35200
some stuff:
tdelaylist (1+0j)
ESFGt (-9.587049355272549e-29-9.585100855836626e-29j)
ESFGw (-9.128930250623668e-12+1.9808286955136367e-12j)
intensity 8.726104984172217e-23
data entry 35200 [4.36171484e-23 4.46586509e-23 4.56780603e-23 ... 4.03765720e-23
 4.14745086e-23 4.25553440e-23]
finishing 35200
disp entry 36000 (-0.14182130551934682-0.1435306300404952j)
starting: 36000
some stuff:
tdelaylist (1+0j)
ESFGt (1.1200592559900514e-28+2.7500263397939198e-30j)
ESFGw (-9.128937189517572e-12+1.9808286955136367e-12j)
intensity 8.726117653112723e-23
data entry 36000 [4.36172494e-23 4.46586401e-23 4.56779922e-23 ... 4.03767116e-23
 4.14748011e-23 4.25553573e-23]
finishing 36000
disp entry 36800 (-0.13767623089095254+0.13916373990015324j)
starting: 36800
some stuff:
tdelaylist (1+0j)
ESFGt (-2.3698191807492674e-29+5.928294036078279e-29j)
ESFGw (-9.128930250623668e-12+1.9808286955136367e-12j)
intensity 8.726104984172217e-23
data entry 36800 [4.36171835e-23 4.46585270e-23 4.56780031e-23 ... 4.03766033e-23
 4.14745835e-23 4.25556310e-23]
finishing 36800
disp entry 37600 (-0.4197710257691817+0.15802680281216688j)
starting: 37600
some stuff:
tdelaylist (1+0j)
ESFGt (-2.907271297515846e-29+3.149765136813643e-29j)
ESFGw (-9.12893372007062e-12+1.9808286955136367e-12j)
intensity 8.726111318641265e-23
data entry 37600 [4.36171721e-23 4.46586052e-23 4.56780821e-23 ... 4.03766356e-23
 4.14746385e-23 4.25553115e-23]
finishing 37600
disp entry 38400 (-0.45330087323767376-0.12270267153734568j)
starting: 38400
some stuff:
tdelaylist (1+0j)
ESFGt (1.614165520741245e-28+3.832618644923828e-30j)
ESFGw (-9.128940658964524e-12+1.9808338996840646e-12j)
intensity 8.72612604930332e-23
data entry 38400 [4.36172379e-23 4.46585146e-23 4.56780939e-23 ... 4.03767096e-23
 4.14748116e-23 4.25552245e-23]
finishing 38400
disp entry 39200 (-0.17469875872474322-0.17080828689291422j)
starting: 39200
some stuff:
tdelaylist (1+0j)
ESFGt (5.982734658928137e-29-8.852131942234501e-29j)
ESFGw (-9.128912903388908e-12+1.9808408385779686e-12j)
intensity 8.726078122543876e-23
data entry 39200 [4.36171262e-23 4.46584813e-23 4.56781148e-23 ... 4.03765184e-23
 4.14746367e-23 4.25553115e-23]
finishing 39200
disp entry 40000 (-0.11214795802928271+0.10491020318740657j)
starting: 40000
some stuff:
tdelaylist (1+0j)
ESFGt (-1.0312876679899643e-28+1.8608726327189426e-30j)
ESFGw (-9.128930250623668e-12+1.9808234913432088e-12j)
intensity 8.726102922460903e-23
data entry 40000 [4.36172157e-23 4.46585038e-23 4.56780948e-23 ... 4.03764543e-23
 4.14746911e-23 4.25555532e-23]
finishing 40000
disp entry 40800 (-0.3842343866707455+0.1817363952637222j)
starting: 40800
some stuff:
tdelaylist (1+0j)
ESFGt (-1.3831358095300684e-28+1.0408027850655202e-28j)
ESFGw (-9.128926781176716e-12+1.9808269607901607e-12j)
intensity 8.726097962467863e-23
data entry 40800 [4.36171699e-23 4.46585362e-23 4.56779223e-23 ... 4.03765705e-23
 4.14745952e-23 4.25552225e-23]
finishing 40800
disp entry 41600 (-0.47512742566221566-0.0859793941524216j)
starting: 41600
some stuff:
tdelaylist (1+0j)
ESFGt (1.3254753026470928e-28-3.572389398250655e-30j)
ESFGw (-9.128926781176716e-12+1.9808234913432088e-12j)
intensity 8.726096587994258e-23
data entry 41600 [4.36172264e-23 4.46585262e-23 4.56780703e-23 ... 4.03766137e-23
 4.14745928e-23 4.25552557e-23]
finishing 41600
disp entry 42400 (-0.21250898917091932-0.19069255117999337j)
starting: 42400
some stuff:
tdelaylist (1+0j)
ESFGt (3.710902881704093e-29-5.292203009797477e-29j)
ESFGw (-9.128919842282812e-12+1.9808269607901607e-12j)
intensity 8.726085293541805e-23
data entry 42400 [4.36172601e-23 4.46584373e-23 4.56781747e-23 ... 4.03768502e-23
 4.14747566e-23 4.25555207e-23]
finishing 42400
disp entry 43200 (-0.09425995765484863+0.0661156554360073j)
starting: 43200
some stuff:
tdelaylist (1+0j)
ESFGt (1.4768813673991063e-28-1.969026388474823e-29j)
ESFGw (-9.12893372007062e-12+1.9808286955136367e-12j)
intensity 8.726111318641265e-23
data entry 43200 [4.36172394e-23 4.46587523e-23 4.56780503e-23 ... 4.03765954e-23
 4.14744770e-23 4.25557837e-23]
finishing 43200
disp entry 44000 (-0.3445608292964949+0.1975795748026719j)
starting: 44000
some stuff:
tdelaylist (1+0j)
ESFGt (-4.142621444523812e-29-5.58809325680341e-29j)
ESFGw (-9.128937189517572e-12+1.9808286955136367e-12j)
intensity 8.726117653112723e-23
data entry 44000 [4.36171492e-23 4.46585827e-23 4.56781066e-23 ... 4.03764434e-23
 4.14744759e-23 4.25553679e-23]
finishing 44000
disp entry 44800 (-0.4888827781028081-0.045534520906651124j)
starting: 44800
some stuff:
tdelaylist (1+0j)
ESFGt (-6.577964373099779e-29-1.4950587907430468e-29j)
ESFGw (-9.12893372007062e-12+1.980821756619733e-12j)
intensity 8.726108569694049e-23
data entry 44800 [4.36171370e-23 4.46586152e-23 4.56780131e-23 ... 4.03765825e-23
 4.14744969e-23 4.25554085e-23]
finishing 44800
disp entry 45600 (-0.25361539080227835-0.20232273765968942j)
starting: 45600
some stuff:
tdelaylist (1+0j)
ESFGt (1.3848830191941476e-28+2.1170100606693325e-28j)
ESFGw (-9.128926781176716e-12+1.980821756619733e-12j)
intensity 8.726095900758356e-23
data entry 45600 [4.36171492e-23 4.46586393e-23 4.56779468e-23 ... 4.03767200e-23
 4.14746700e-23 4.25555532e-23]
finishing 45600
disp entry 46400 (-0.08478650724202158+0.024459308621781518j)
starting: 46400
some stuff:
tdelaylist (1+0j)
ESFGt (5.095324219379384e-29+9.502902165810179e-29j)
ESFGw (-9.128930250623668e-12+1.9808286955136367e-12j)
intensity 8.726104984172217e-23
data entry 46400 [4.36173167e-23 4.46585728e-23 4.56780031e-23 ... 4.03767429e-23
 4.14747151e-23 4.25552916e-23]
finishing 46400
disp entry 47200 (-0.3024676133266657+0.20487057349617535j)
starting: 47200
some stuff:
tdelaylist (1+0j)
ESFGt (1.9159364895080705e-28+1.1137356907125712e-28j)
ESFGw (-9.128923311729764e-12+1.9808321649605887e-12j)
intensity 8.72609368971856e-23
data entry 47200 [4.36171706e-23 4.46584697e-23 4.56780603e-23 ... 4.03764965e-23
 4.14747882e-23 4.25555101e-23]
finishing 47200
disp entry 48000 (-0.4939715336831175-0.0031186976884791016j)
starting: 48000
some stuff:
tdelaylist (1+0j)
ESFGt (-3.499509500816058e-30-5.73708936629556e-29j)
ESFGw (-9.128926781176716e-12+1.9808252260666848e-12j)
intensity 8.726097275230761e-23
data entry 48000 [4.36172165e-23 4.46586958e-23 4.56781493e-23 ... 4.03765944e-23
 4.14745730e-23 4.25555313e-23]
finishing 48000
disp entry 48800 (-0.2962386836451342-0.2051954367151953j)
starting: 48800
some stuff:
tdelaylist (1+0j)
ESFGt (-2.3716391845467133e-29+2.124953438354336e-29j)
ESFGw (-9.128937189517572e-12+1.9808252260666848e-12j)
intensity 8.726116278637914e-23
data entry 48800 [4.36171484e-23 4.46584140e-23 4.56780939e-23 ... 4.03765074e-23
 4.14747034e-23 4.25552564e-23]
finishing 48800
disp entry 49600 (-0.08413766264420536-0.01825575304643144j)
starting: 49600
some stuff:
tdelaylist (1+0j)
ESFGt (-6.905767580210762e-29+5.2248643739247465e-30j)
ESFGw (-9.128926781176716e-12+1.980821756619733e-12j)
intensity 8.726095900758356e-23
data entry 49600 [4.36171262e-23 4.46586825e-23 4.56780476e-23 ... 4.03765497e-23
 4.14746601e-23 4.25554091e-23]
finishing 49600
disp entry 50400 (-0.25977673273862095+0.20329380234960573j)
starting: 50400
some stuff:
tdelaylist (1+0j)
ESFGt (8.655249841624316e-29+1.0000618736705403e-28j)
ESFGw (-9.128926781176716e-12+1.9808286955136367e-12j)
intensity 8.726098649705575e-23
data entry 50400 [4.36172616e-23 4.46587856e-23 4.56780839e-23 ... 4.03765715e-23
 4.14747262e-23 4.25554882e-23]
finishing 50400
disp entry 51200 (-0.49017342693266497+0.03943211755333818j)
starting: 51200
some stuff:
tdelaylist (1+0j)
ESFGt (-3.815099001887534e-29-4.8139979147982184e-29j)
ESFGw (-9.128940658964524e-12+1.980821756619733e-12j)
intensity 8.726121238639374e-23
data entry 51200 [4.36171499e-23 4.46585719e-23 4.56779695e-23 ... 4.03766147e-23
 4.14747461e-23 4.25554443e-23]
finishing 51200
disp entry 52000 (-0.3385339294816315-0.19918630431012985j)
starting: 52000
some stuff:
tdelaylist (1+0j)
ESFGt (-1.1845758628264579e-29+5.300128361981907e-29j)
ESFGw (-9.128930250623668e-12+1.9808252260666848e-12j)
intensity 8.726103609697404e-23
data entry 52000 [4.36172838e-23 4.46584830e-23 4.56780739e-23 ... 4.03767220e-23
 4.14747905e-23 4.25554549e-23]
finishing 52000
disp entry 52800 (-0.09234150893217033-0.06018061916088426j)
starting: 52800
some stuff:
tdelaylist (1+0j)
ESFGt (-9.250152599095243e-29-1.36553052279656e-29j)
ESFGw (-9.12893372007062e-12+1.9808269607901607e-12j)
intensity 8.726110631403562e-23
data entry 52800 [4.36172050e-23 4.46585379e-23 4.56781266e-23 ... 4.03768397e-23
 4.14746273e-23 4.25552690e-23]
finishing 52800
disp entry 53600 (-0.21833605126830066+0.19291751149464198j)
starting: 53600
some stuff:
tdelaylist (1+0j)
ESFGt (-1.33942819865802e-28+7.070318282342823e-29j)
ESFGw (-9.128919842282812e-12+1.9808252260666848e-12j)
intensity 8.726084606304698e-23
data entry 53600 [4.36172601e-23 4.46586385e-23 4.56779913e-23 ... 4.03765611e-23
 4.14747894e-23 4.25552789e-23]
finishing 53600
disp entry 54400 (-0.4776528579208011+0.08027612377519103j)
starting: 54400
some stuff:
tdelaylist (1+0j)
ESFGt (1.5900838732725592e-29+2.1351088067657793e-29j)
ESFGw (-9.128930250623668e-12+1.9808269607901607e-12j)
intensity 8.726104296934513e-23
data entry 54400 [4.36174154e-23 4.46587390e-23 4.56780267e-23 ... 4.03767538e-23
 4.14746712e-23 4.25555413e-23]
finishing 54400
disp entry 55200 (-0.378670389523831-0.18455544418802738j)
starting: 55200
some stuff:
tdelaylist (1+0j)
ESFGt (1.756098733552185e-28+4.3749797765627175e-29j)
ESFGw (-9.128923311729764e-12+1.980821756619733e-12j)
intensity 8.726089566294121e-23
data entry 55200 [4.36172716e-23 4.46586285e-23 4.56780957e-23 ... 4.03766038e-23
 4.14745958e-23 4.25555871e-23]
finishing 55200
disp entry 56000 (-0.10904294473902171-0.09950058272420632j)
starting: 56000
some stuff:
tdelaylist (1+0j)
ESFGt (-5.355678350572388e-29+7.702623502113412e-29j)
ESFGw (-9.128909433941956e-12+1.9808391038544926e-12j)
intensity 8.726071100847351e-23
data entry 56000 [4.36173037e-23 4.46586385e-23 4.56780930e-23 ... 4.03766887e-23
 4.14747461e-23 4.25552351e-23]
finishing 56000
disp entry 56800 (-0.17993931810585606+0.17419083599995314j)
starting: 56800
some stuff:
tdelaylist (1+0j)
ESFGt (-5.564343982713408e-29+1.6435371711456932e-28j)
ESFGw (-9.12893372007062e-12+1.9808391038544926e-12j)
intensity 8.726115442080147e-23
data entry 56800 [4.36171950e-23 4.46585595e-23 4.56780376e-23 ... 4.03764543e-23
 4.14747467e-23 4.25553347e-23]
finishing 56800
disp entry 57600 (-0.45695177624218736+0.11764539872088291j)
starting: 57600
some stuff:
tdelaylist (1+0j)
ESFGt (8.252151350094575e-29-1.3320807458275273e-28j)
ESFGw (-9.128930250623668e-12+1.9808304302371127e-12j)
intensity 8.726105671410525e-23
data entry 57600 [4.36172494e-23 4.46587182e-23 4.56781293e-23 ... 4.03766351e-23
 4.14746279e-23 4.25554662e-23]
finishing 57600
disp entry 58400 (-0.4149107674691098-0.16193614934900882j)
starting: 58400
some stuff:
tdelaylist (1+0j)
ESFGt (-1.968204242083485e-28+3.671993529686225e-29j)
ESFGw (-9.12893372007062e-12+1.980821756619733e-12j)
intensity 8.726108569694049e-23
data entry 58400 [4.36171392e-23 4.46586052e-23 4.56779704e-23 ... 4.03766470e-23
 4.14746923e-23 4.25553560e-23]
finishing 58400
disp entry 59200 (-0.13351905273111578-0.1345136892729075j)
starting: 59200
some stuff:
tdelaylist (1+0j)
ESFGt (-2.3375446573898138e-29-3.03150324306894e-28j)
ESFGw (-9.128926781176716e-12+1.980820021896257e-12j)
intensity 8.726095213523057e-23
data entry 59200 [4.36172050e-23 4.46585944e-23 4.56780821e-23 ... 4.03765621e-23
 4.14744109e-23 4.25552351e-23]
finishing 59200
disp entry 60000 (-0.1462485259254141+0.14792435517579497j)
starting: 60000
some stuff:
tdelaylist (1+0j)
ESFGt (5.327199865225977e-29-2.1368121112456575e-28j)
ESFGw (-9.128930250623668e-12+1.9808338996840646e-12j)
intensity 8.726107045888949e-23
data entry 60000 [4.36173939e-23 4.46585944e-23 4.56781638e-23 ... 4.03767225e-23
 4.14748016e-23 4.25554443e-23]
finishing 60000
disp entry 60800 (-0.4289662228686123+0.14992242297972885j)
starting: 60800
some stuff:
tdelaylist (1+0j)
ESFGt (2.775133394494715e-29-3.192441953868269e-28j)
ESFGw (-9.128930250623668e-12+1.9808286955136367e-12j)
intensity 8.726104984172217e-23
data entry 60800 [4.36172723e-23 4.46585719e-23 4.56781511e-23 ... 4.03766585e-23
 4.14744981e-23 4.25555652e-23]
finishing 60800
disp entry 61600 (-0.44568640792176867-0.1323074901258889j)
starting: 61600
some stuff:
tdelaylist (1+0j)
ESFGt (3.454149788117262e-29-2.42598430835472e-28j)
ESFGw (-9.128923311729764e-12+1.980821756619733e-12j)
intensity 8.726089566294121e-23
data entry 61600 [4.36172937e-23 4.46587174e-23 4.56781529e-23 ... 4.03767325e-23
 4.14747034e-23 4.25554755e-23]
finishing 61600
disp entry 62400 (-0.1647103908980596-0.16370440553658375j)
starting: 62400
some stuff:
tdelaylist (1+0j)
ESFGt (-2.592574284417661e-28+8.446780564059658e-29j)
ESFGw (-9.128926781176716e-12+1.9808321649605887e-12j)
intensity 8.726100024182793e-23
data entry 62400 [4.36172494e-23 4.46585728e-23 4.56781511e-23 ... 4.03765715e-23
 4.14745203e-23 4.25553440e-23]
finishing 62400
disp entry 63200 (-0.11872197196160783+0.1152550068580099j)
starting: 63200
some stuff:
tdelaylist (1+0j)
ESFGt (-1.5779453838251771e-28+6.284601457756024e-29j)
ESFGw (-9.128937189517572e-12+1.9808304302371127e-12j)
intensity 8.726118340351035e-23
data entry 63200 [4.36173925e-23 4.46587166e-23 4.56782183e-23 ... 4.03767538e-23
 4.14746689e-23 4.25555665e-23]
finishing 63200
disp entry 64000 (-0.3949075452470487+0.17571009389630268j)
starting: 64000
some stuff:
tdelaylist (1+0j)
ESFGt (1.9955048557592985e-28-2.7001666315947524e-28j)
ESFGw (-9.128926781176716e-12+1.9808321649605887e-12j)
intensity 8.726100024182793e-23
data entry 64000 [4.36172838e-23 4.46587074e-23 4.56781393e-23 ... 4.03767652e-23
 4.14747239e-23 4.25555114e-23]
finishing 64000
Top-level running in PID 187715 (name=__main__)
Running interfere() with b=691.6666666666666, sigma_s=12.0
MID-level running in PID 187715 (name=__main__)
E1_shared element:  0j
E1 element:  (4.27970277444072e-10-5.600817961336128e-10j)
this thing psm_23b18186
ill try to just make an array with this now
testfreq element:  0.0
did it
disp entry 0 (-0.08332452033614668+0j)
starting: 0
some stuff:
tdelaylist (1+0j)
ESFGt (2.3825107581562255e-32+3.559208815193755e-33j)
ESFGw (1.5008892566281684e-12-3.3211692944401516e-13j)
intensity 2.362970215485177e-24
data entry 0 [1.29374701e-25 1.07016825e-25 8.71881588e-26 ... 2.11265113e-25
 1.81539376e-25 1.54227762e-25]
finishing 0
disp entry 800 (-0.27796535717647075+0.2050566582042932j)
starting: 800
some stuff:
tdelaylist (1+0j)
ESFGt (7.68085688262319e-31+2.0991658382520987e-31j)
ESFGw (6.4563805690642795e-12-4.101734576988925e-12j)
intensity 5.850907659265729e-23
data entry 800 [2.08784460e-23 1.92788116e-23 1.77452892e-23 ... 2.60510625e-23
 2.42668719e-23 2.25419651e-23]
finishing 800
disp entry 1600 (-0.4928812110671021+0.021359994690023542j)
starting: 1600
some stuff:
tdelaylist (1+0j)
ESFGt (-2.9028880013330423e-31-1.1196717227740542e-30j)
ESFGw (7.140222441082145e-12-1.7075295170865257e-12j)
intensity 5.38984335598548e-23
data entry 1600 [2.73415345e-24 2.22179023e-24 1.76749926e-24 ... 4.61095739e-24
 3.92964318e-24 3.30369324e-24]
finishing 1600
disp entry 2400 (-0.32062736491562593-0.20283166645248532j)
starting: 2400
some stuff:
tdelaylist (1+0j)
ESFGt (-1.4994447952648349e-30-5.200040942500918e-31j)
ESFGw (7.1402363188699525e-12-1.7075420938317265e-12j)
intensity 5.389867469151675e-23
data entry 2400 [2.73417844e-24 2.22179641e-24 1.76743660e-24 ... 4.61094249e-24
 3.92965581e-24 3.30371236e-24]
finishing 2400
disp entry 3200 (-0.08776846410639105-0.04248822020746742j)
starting: 3200
some stuff:
tdelaylist (1+0j)
ESFGt (-5.548333335881197e-32+1.0540291089585996e-30j)
ESFGw (7.140220706358669e-12-1.7075342875760846e-12j)
intensity 5.389842507876106e-23
data entry 3200 [2.73414372e-24 2.22180361e-24 1.76744648e-24 ... 4.61096502e-24
 3.92969095e-24 3.30372476e-24]
finishing 3200
disp entry 4000 (-0.23576625864575806+0.19840582548751706j)
starting: 4000
some stuff:
tdelaylist (1+0j)
ESFGt (2.123954663122239e-31-3.658296406199709e-30j)
ESFGw (7.140222441082145e-12-1.7075329865334776e-12j)
intensity 5.389844540823299e-23
data entry 4000 [2.73414200e-24 2.22178508e-24 1.76746673e-24 ... 4.61100848e-24
 3.92963693e-24 3.30374494e-24]
finishing 4000
disp entry 4800 (-0.4840415430690601+0.06315542221883048j)
starting: 4800
some stuff:
tdelaylist (1+0j)
ESFGt (5.604095026302284e-31+2.4585097593210687e-31j)
ESFGw (7.1402345841464765e-12-1.7075295170865257e-12j)
intensity 5.389860696836315e-23
data entry 4800 [2.73417172e-24 2.22179074e-24 1.76745180e-24 ... 4.61094976e-24
 3.92967106e-24 3.30379408e-24]
finishing 4800
disp entry 5600 (-0.3619056678810876-0.1918271584251852j)
starting: 5600
some stuff:
tdelaylist (1+0j)
ESFGt (-1.1756038880878745e-29+7.59855723173794e-30j)
ESFGw (7.1402293799760486e-12-1.7075355886186916e-12j)
intensity 5.389855338507254e-23
data entry 5600 [2.73417917e-24 2.22183654e-24 1.76746274e-24 ... 4.61106825e-24
 3.92969169e-24 3.30376449e-24]
finishing 5600
disp entry 6400 (-0.10090794045923898-0.08313734878120543j)
starting: 6400
some stuff:
tdelaylist (1+0j)
ESFGt (7.592501837158888e-30+1.1516022870825024e-30j)
ESFGw (7.1402345841464765e-12-1.7075351549378226e-12j)
intensity 5.389862622198995e-23
data entry 6400 [2.73412201e-24 2.22179846e-24 1.76746673e-24 ... 4.61098701e-24
 3.92960942e-24 3.30373971e-24]
finishing 6400
disp entry 7200 (-0.19585664640014067+0.18316704787788468j)
starting: 7200
some stuff:
tdelaylist (1+0j)
ESFGt (-7.59478436506954e-32+3.720571651878024e-30j)
ESFGw (7.1402319820612625e-12-1.7075351549378226e-12j)
intensity 5.389858906299904e-23
data entry 7200 [2.73419598e-24 2.22179589e-24 1.76745437e-24 ... 4.61100262e-24
 3.92964318e-24 3.30378799e-24]
finishing 7200
disp entry 8000 (-0.46674482981831067+0.10221718361476176j)
starting: 8000
some stuff:
tdelaylist (1+0j)
ESFGt (-2.766714974151866e-30+1.076983786483265e-30j)
ESFGw (7.1402363188699525e-12-1.7075394917465125e-12j)
intensity 5.389866580518344e-23
data entry 8000 [2.73412082e-24 2.22176244e-24 1.76745104e-24 ... 4.61097193e-24
 3.92960892e-24 3.30372667e-24]
finishing 8000
disp entry 8800 (-0.4000135453943324-0.17251946140905j)
starting: 8800
some stuff:
tdelaylist (1+0j)
ESFGt (1.6888269033744004e-30-4.1674152346820905e-30j)
ESFGw (7.140219838996931e-12-1.7075433948743335e-12j)
intensity 5.389844379458432e-23
data entry 8800 [2.73414372e-24 2.22175318e-24 1.76743412e-24 ... 4.61089779e-24
 3.92963680e-24 3.30371087e-24]
finishing 8800
disp entry 9600 (-0.12217421055568767-0.12018789869367334j)
starting: 9600
some stuff:
tdelaylist (1+0j)
ESFGt (-9.757371226853588e-30-3.8466658964557024e-30j)
ESFGw (7.1402276452525726e-12-1.7075264813204427e-12j)
intensity 5.389849751043966e-23
data entry 9600 [2.73414663e-24 2.22178354e-24 1.76747129e-24 ... 4.61093522e-24
 3.92962967e-24 3.30376342e-24]
finishing 9600
disp entry 10400 (-0.1599639976939711+0.15999993192688947j)
starting: 10400
some stuff:
tdelaylist (1+0j)
ESFGt (4.236978921493696e-30-7.431299243864522e-30j)
ESFGw (7.1402311146995245e-12-1.7075394917465125e-12j)
intensity 5.389859148719715e-23
data entry 10400 [2.73415736e-24 2.22177994e-24 1.76744648e-24 ... 4.61094231e-24
 3.92967156e-24 3.30369891e-24]
finishing 10400
disp entry 11200 (-0.44173975507885027+0.13685450062843046j)
starting: 11200
some stuff:
tdelaylist (1+0j)
ESFGt (1.1287753528799296e-29+2.9450959597705038e-30j)
ESFGw (7.1402311146995245e-12-1.7075321191717396e-12j)
intensity 5.389856630932636e-23
data entry 11200 [2.73410974e-24 2.22179538e-24 1.76744382e-24 ... 4.61096502e-24
 3.92962930e-24 3.30373234e-24]
finishing 11200
disp entry 12000 (-0.43330150782337373-0.14574430408077105j)
starting: 12000
some stuff:
tdelaylist (1+0j)
ESFGt (3.516514108055505e-30+1.005303833681987e-30j)
ESFGw (7.1402311146995245e-12-1.7075290834056567e-12j)
intensity 5.389855594199937e-23
data entry 12000 [2.73415272e-24 2.22177634e-24 1.76746673e-24 ... 4.61097885e-24
 3.92961654e-24 3.30370862e-24]
finishing 12000
disp entry 12800 (-0.15064676938931237-0.1520361464648941j)
starting: 12800
some stuff:
tdelaylist (1+0j)
ESFGt (3.7418351221702746e-30+1.6541135207595895e-30j)
ESFGw (7.140225910529097e-12-1.7075273486821807e-12j)
intensity 5.389847569988866e-23
data entry 12800 [2.73411837e-24 2.22181184e-24 1.76744914e-24 ... 4.61091926e-24
 3.92966406e-24 3.30380797e-24]
finishing 12800
disp entry 13600 (-0.12964191655268456+0.12990726026263566j)
starting: 13600
some stuff:
tdelaylist (1+0j)
ESFGt (-8.115859757851198e-30+6.078212334994581e-31j)
ESFGw (7.1402293799760486e-12-1.7075373233421676e-12j)
intensity 5.389855930927967e-23
data entry 13600 [2.73415881e-24 2.22181493e-24 1.76747395e-24 ... 4.61103863e-24
 3.92965018e-24 3.30378382e-24]
finishing 13600
disp entry 14400 (-0.41010865705005745+0.16556810594236218j)
starting: 14400
some stuff:
tdelaylist (1+0j)
ESFGt (8.818077889699089e-30+3.988407569515142e-30j)
ESFGw (7.1402380535934284e-12-1.7075329865334776e-12j)
intensity 5.389866836208362e-23
data entry 14400 [2.73416990e-24 2.22178354e-24 1.76747063e-24 ... 4.61087456e-24
 3.92965006e-24 3.30373928e-24]
finishing 14400
disp entry 15200 (-0.4603286943152921-0.11266064220723578j)
starting: 15200
some stuff:
tdelaylist (1+0j)
ESFGt (-2.963909135598352e-29+3.417551401569382e-30j)
ESFGw (7.140222441082145e-12-1.7075308181291327e-12j)
intensity 5.389843800299382e-23
data entry 15200 [2.73415772e-24 2.22180309e-24 1.76747262e-24 ... 4.61095704e-24
 3.92971933e-24 3.30378297e-24]
finishing 15200
disp entry 16000 (-0.18509318960763632-0.17730354891892558j)
starting: 16000
some stuff:
tdelaylist (1+0j)
ESFGt (1.31657127712436e-29+6.821979396127088e-30j)
ESFGw (7.140220706358669e-12-1.7075381907039056e-12j)
intensity 5.389843840822544e-23
data entry 16000 [2.73416699e-24 2.22178354e-24 1.76744839e-24 ... 4.61092014e-24
 3.92969845e-24 3.30376300e-24]
finishing 16000
disp entry 16800 (-0.10620288642397324+0.09419158640287606j)
starting: 16800
some stuff:
tdelaylist (1+0j)
ESFGt (6.387275190503738e-30+6.444172878665459e-30j)
ESFGw (7.140222441082145e-12-1.7075295170865257e-12j)
intensity 5.38984335598548e-23
data entry 16800 [2.73416308e-24 2.22175833e-24 1.76744781e-24 ... 4.61096378e-24
 3.92960917e-24 3.30372412e-24]
finishing 16800
disp entry 17600 (-0.37322067963738087+0.18711513856946j)
starting: 17600
some stuff:
tdelaylist (1+0j)
ESFGt (2.579768114179012e-30+4.4067488937750464e-30j)
ESFGw (7.1402276452525726e-12-1.7075420938317265e-12j)
intensity 5.389855082823635e-23
data entry 17600 [2.73414627e-24 2.22181133e-24 1.76746217e-24 ... 4.61094196e-24
 3.92963655e-24 3.30369431e-24]
finishing 17600
disp entry 18400 (-0.47992524008597015-0.074700493544606j)
starting: 18400
some stuff:
tdelaylist (1+0j)
ESFGt (7.943613160031987e-30+1.2660906220277323e-29j)
ESFGw (7.1402276452525726e-12-1.7075373233421676e-12j)
intensity 5.389853453663563e-23
data entry 18400 [2.73413982e-24 2.22177736e-24 1.76743088e-24 ... 4.61093504e-24
 3.92967081e-24 3.30373234e-24]
finishing 18400
disp entry 19200 (-0.22402246681164956-0.19489641306904357j)
starting: 19200
some stuff:
tdelaylist (1+0j)
ESFGt (-6.14877058406653e-30+9.767199488101039e-30j)
ESFGw (7.1402389209551664e-12-1.7075351549378226e-12j)
intensity 5.389868815367153e-23
data entry 19200 [2.73416735e-24 2.22178817e-24 1.76745827e-24 ... 4.61096449e-24
 3.92960892e-24 3.30373800e-24]
finishing 19200
disp entry 20000 (-0.09066145967086797+0.05439885406254672j)
starting: 20000
some stuff:
tdelaylist (1+0j)
ESFGt (-6.297141669106415e-30+6.372321397728509e-30j)
ESFGw (7.1402345841464765e-12-1.7075355886186916e-12j)
intensity 5.38986277030408e-23
data entry 20000 [2.73413555e-24 2.22178920e-24 1.76745694e-24 ... 4.61094231e-24
 3.92965718e-24 3.30374409e-24]
finishing 20000
disp entry 20800 (-0.33267250941214777+0.2005629407697033j)
starting: 20800
some stuff:
tdelaylist (1+0j)
ESFGt (-1.5255587502146799e-29+7.885841280231446e-30j)
ESFGw (7.140223308443883e-12-1.7075433948743335e-12j)
intensity 5.389849333982427e-23
data entry 20800 [2.73414700e-24 2.22177531e-24 1.76745960e-24 ... 4.61091199e-24
 3.92960191e-24 3.30372059e-24]
finishing 20800
disp entry 21600 (-0.49124291371500883-0.03350695331973686j)
starting: 21600
some stuff:
tdelaylist (1+0j)
ESFGt (5.189362563738952e-30+2.366073397470711e-30j)
ESFGw (7.1402293799760486e-12-1.7075308181291327e-12j)
intensity 5.389853709353389e-23
data entry 21600 [2.73412873e-24 2.22177634e-24 1.76744648e-24 ... 4.61086072e-24
 3.92964330e-24 3.30372101e-24]
finishing 21600
disp entry 22400 (-0.26574955729597927-0.20405323633608952j)
starting: 22400
some stuff:
tdelaylist (1+0j)
ESFGt (1.2524337474677885e-30+4.919186189829573e-31j)
ESFGw (7.1402354515082145e-12-1.7075321191717396e-12j)
intensity 5.389862824097784e-23
data entry 22400 [2.73412373e-24 2.22178560e-24 1.76743735e-24 ... 4.61090471e-24
 3.92967744e-24 3.30371973e-24]
finishing 22400
disp entry 23200 (-0.08369034293483901+0.012251481379495556j)
starting: 23200
some stuff:
tdelaylist (1+0j)
ESFGt (-1.3658364146385085e-30-2.2400661206670843e-29j)
ESFGw (7.1402302473377866e-12-1.7075290834056567e-12j)
intensity 5.38985435556736e-23
data entry 23200 [2.73413482e-24 2.22178097e-24 1.76743536e-24 ... 4.61089017e-24
 3.92960904e-24 3.30370146e-24]
finishing 23200
disp entry 24000 (-0.29021926344586946+0.20532942789944855j)
starting: 24000
some stuff:
tdelaylist (1+0j)
ESFGt (-1.9680062474574053e-29+1.5129433072258358e-29j)
ESFGw (7.1402328494230005e-12-1.7075329865334776e-12j)
intensity 5.389859404407924e-23
data entry 24000 [2.73418489e-24 2.22182059e-24 1.76747187e-24 ... 4.61094267e-24
 3.92965718e-24 3.30375669e-24]
finishing 24000
disp entry 24800 (-0.4937918326235938+0.009136926722173132j)
starting: 24800
some stuff:
tdelaylist (1+0j)
ESFGt (1.783211463734127e-29-5.850039289466072e-30j)
ESFGw (7.140225910529097e-12-1.7075256139587047e-12j)
intensity 5.389846977571611e-23
data entry 24800 [2.73416527e-24 2.22182471e-24 1.76747254e-24 ... 4.61097193e-24
 3.92971233e-24 3.30374141e-24]
finishing 24800
disp entry 25600 (-0.3084683147303033-0.2043776679908563j)
starting: 25600
some stuff:
tdelaylist (1+0j)
ESFGt (-3.158037156388063e-29-1.1689758302769212e-29j)
ESFGw (7.140225910529097e-12-1.7075299507673947e-12j)
intensity 5.389848458615877e-23
data entry 25600 [2.73417136e-24 2.22177273e-24 1.76746739e-24 ... 4.61099428e-24
 3.92960204e-24 3.30374494e-24]
finishing 25600
disp entry 26400 (-0.08559127920263429-0.030426193509574158j)
starting: 26400
some stuff:
tdelaylist (1+0j)
ESFGt (1.5328881173592885e-29-1.384096788387007e-29j)
ESFGw (7.1402285126143106e-12-1.7075403591082505e-12j)
intensity 5.389855729033388e-23
data entry 26400 [2.73410692e-24 2.22177891e-24 1.76746084e-24 ... 4.61095012e-24
 3.92967744e-24 3.30376449e-24]
finishing 26400
disp entry 27200 (-0.24769851952128205+0.20120828379483222j)
starting: 27200
some stuff:
tdelaylist (1+0j)
ESFGt (-1.0388026014939802e-29-2.644739812242746e-29j)
ESFGw (7.140225910529097e-12-1.7075325528526086e-12j)
intensity 5.38984934724424e-23
data entry 27200 [2.73416917e-24 2.22181596e-24 1.76751370e-24 ... 4.61092741e-24
 3.92966381e-24 3.30374558e-24]
finishing 27200
disp entry 28000 (-0.48746166751534703+0.051385317251679545j)
starting: 28000
some stuff:
tdelaylist (1+0j)
ESFGt (2.1652189911185893e-29+2.4317773250715047e-29j)
ESFGw (7.1402302473377866e-12-1.7075273486821807e-12j)
intensity 5.389853763149504e-23
data entry 28000 [2.73413518e-24 2.22178354e-24 1.76743602e-24 ... 4.61094338e-24
 3.92967044e-24 3.30371343e-24]
finishing 28000
disp entry 28800 (-0.3503296687365974-0.19585566509299235j)
starting: 28800
some stuff:
tdelaylist (1+0j)
ESFGt (-8.405281889509528e-30-8.365615255818996e-30j)
ESFGw (7.1402293799760486e-12-1.7075243129160977e-12j)
intensity 5.389851487787273e-23
data entry 28800 [2.73413482e-24 2.22174289e-24 1.76744258e-24 ... 4.61092741e-24
 3.92964330e-24 3.30374388e-24]
finishing 28800
disp entry 29600 (-0.09628198693905932-0.07178687847399047j)
starting: 29600
some stuff:
tdelaylist (1+0j)
ESFGt (-2.1480117098451508e-29+8.701808897103324e-30j)
ESFGw (7.1402319820612625e-12-1.7075325528526086e-12j)
intensity 5.389858017670185e-23
data entry 29600 [2.73416709e-24 2.22178663e-24 1.76745960e-24 ... 4.61095633e-24
 3.92963668e-24 3.30374099e-24]
finishing 29600
disp entry 30400 (-0.20695077705280712+0.18837789111361647j)
starting: 30400
some stuff:
tdelaylist (1+0j)
ESFGt (2.745825405102725e-30-2.6707287322094827e-29j)
ESFGw (7.1402293799760486e-12-1.7075299507673947e-12j)
intensity 5.389853413144086e-23
data entry 30400 [2.73418317e-24 2.22180875e-24 1.76747329e-24 ... 4.61091199e-24
 3.92960204e-24 3.30370317e-24]
finishing 30400
disp entry 31200 (-0.472526417951415+0.0914095076006959j)
starting: 31200
some stuff:
tdelaylist (1+0j)
ESFGt (8.931686691559169e-30+1.3083627530527939e-29j)
ESFGw (7.140225043167359e-12-1.7075377570230366e-12j)
intensity 5.389849885873358e-23
data entry 31200 [2.73417526e-24 2.22179795e-24 1.76747320e-24 ... 4.61104678e-24
 3.92973308e-24 3.30375146e-24]
finishing 31200
disp entry 32000 (-0.38952166142267697-0.17885610033604898j)
starting: 32000
some stuff:
tdelaylist (1+0j)
ESFGt (-1.9355146055893774e-29-5.5196745955290535e-30j)
ESFGw (7.1402328494230005e-12-1.7075407927891195e-12j)
intensity 5.389862070301818e-23
data entry 32000 [2.73411583e-24 2.22179023e-24 1.76746341e-24 ... 4.61092830e-24
 3.92961517e-24 3.30371845e-24]
finishing 32000
disp entry 32800 (-0.11529972162196883-0.11004028695169102j)
starting: 32800
some stuff:
tdelaylist (1+0j)
ESFGt (1.609996634728031e-29+1.3107044130312703e-29j)
ESFGw (7.1402345841464765e-12-1.7075238792352287e-12j)
intensity 5.389858771479995e-23
data entry 32800 [2.73413409e-24 2.22177274e-24 1.76743793e-24 ... 4.61095704e-24
 3.92965018e-24 3.30375039e-24]
finishing 32800
disp entry 33600 (-0.16973979154494+0.16739361008793785j)
starting: 33600
some stuff:
tdelaylist (1+0j)
ESFGt (5.658245255027715e-30-9.961553655195938e-30j)
ESFGw (7.1402302473377866e-12-1.7075403591082505e-12j)
intensity 5.389858206298095e-23
data entry 33600 [2.73413373e-24 2.22177891e-24 1.76745752e-24 ... 4.61096484e-24
 3.92966369e-24 3.30370564e-24]
finishing 33600
disp entry 34400 (-0.4496325523502561+0.12747706103127154j)
starting: 34400
some stuff:
tdelaylist (1+0j)
ESFGt (1.1535246811398824e-29-8.583668141342857e-30j)
ESFGw (7.1402285126143106e-12-1.7075277823630497e-12j)
intensity 5.389851433989204e-23
data entry 34400 [2.73419135e-24 2.22181956e-24 1.76749022e-24 ... 4.61103969e-24
 3.92962280e-24 3.30375018e-24]
finishing 34400
disp entry 35200 (-0.4243478775114139-0.15411479548824286j)
starting: 35200
some stuff:
tdelaylist (1+0j)
ESFGt (-9.607719699327239e-30+4.7051390128951217e-29j)
ESFGw (7.140221573720407e-12-1.7075282160439187e-12j)
intensity 5.389841673040844e-23
data entry 35200 [2.73416917e-24 2.22179743e-24 1.76746283e-24 ... 4.61101610e-24
 3.92965731e-24 3.30375755e-24]
finishing 35200
disp entry 36000 (-0.14182130551934682-0.1435306300404952j)
starting: 36000
some stuff:
tdelaylist (1+0j)
ESFGt (-5.781665767174787e-30+1.6810651800036045e-29j)
ESFGw (7.140225910529097e-12-1.7075342875760846e-12j)
intensity 5.389849939663905e-23
data entry 36000 [2.73413628e-24 2.22180567e-24 1.76745362e-24 ... 4.61089797e-24
 3.92967794e-24 3.30373928e-24]
finishing 36000
disp entry 36800 (-0.13767623089095254+0.13916373990015324j)
starting: 36800
some stuff:
tdelaylist (1+0j)
ESFGt (-1.9097820750464872e-29+1.9140960076586377e-30j)
ESFGw (7.1402276452525726e-12-1.7075308181291327e-12j)
intensity 5.389851232088985e-23
data entry 36800 [2.73416772e-24 2.22180052e-24 1.76746150e-24 ... 4.61101734e-24
 3.92971870e-24 3.30376236e-24]
finishing 36800
disp entry 37600 (-0.4197710257691817+0.15802680281216688j)
starting: 37600
some stuff:
tdelaylist (1+0j)
ESFGt (2.927436009728496e-29+1.0091813475594738e-29j)
ESFGw (7.1402302473377866e-12-1.7075394917465125e-12j)
intensity 5.389857910087136e-23
data entry 37600 [2.73415127e-24 2.22179023e-24 1.76744914e-24 ... 4.61093486e-24
 3.92967806e-24 3.30375167e-24]
finishing 37600
disp entry 38400 (-0.45330087323767376-0.12270267153734568j)
starting: 38400
some stuff:
tdelaylist (1+0j)
ESFGt (-1.9445590283957906e-29+3.486032128945462e-29j)
ESFGw (7.1402293799760486e-12-1.7075342875760846e-12j)
intensity 5.389854894192114e-23
data entry 38400 [2.73411764e-24 2.22177531e-24 1.76745619e-24 ... 4.61095065e-24
 3.92967119e-24 3.30373255e-24]
finishing 38400
disp entry 39200 (-0.17469875872474322-0.17080828689291422j)
starting: 39200
some stuff:
tdelaylist (1+0j)
ESFGt (1.3831697089063552e-29+5.906715345220912e-29j)
ESFGw (7.1402319820612625e-12-1.7075394917465125e-12j)
intensity 5.389860387352446e-23
data entry 39200 [2.73412410e-24 2.22182265e-24 1.76744449e-24 ... 4.61102426e-24
 3.92969795e-24 3.30373106e-24]
finishing 39200
disp entry 40000 (-0.11214795802928271+0.10491020318740657j)
starting: 40000
some stuff:
tdelaylist (1+0j)
ESFGt (-1.9253582591666343e-29+9.888269011546466e-30j)
ESFGw (7.140226777890835e-12-1.7075464306404164e-12j)
intensity 5.389855325250214e-23
data entry 40000 [2.73414700e-24 2.22177942e-24 1.76745702e-24 ... 4.61100173e-24
 3.92960892e-24 3.30374890e-24]
finishing 40000
disp entry 40800 (-0.3842343866707455+0.1817363952637222j)
starting: 40800
some stuff:
tdelaylist (1+0j)
ESFGt (2.9640513233950276e-31-2.19890749312276e-29j)
ESFGw (7.1402293799760486e-12-1.7075368896612986e-12j)
intensity 5.389855782822735e-23
data entry 40800 [2.73411764e-24 2.22180515e-24 1.76747320e-24 ... 4.61093469e-24
 3.92967081e-24 3.30375018e-24]
finishing 40800
disp entry 41600 (-0.47512742566221566-0.0859793941524216j)
starting: 41600
some stuff:
tdelaylist (1+0j)
ESFGt (-1.4907344761647898e-30+2.1512918092816853e-29j)
ESFGw (7.1402311146995245e-12-1.7075282160439187e-12j)
intensity 5.389855297990934e-23
data entry 41600 [2.73415627e-24 2.22184632e-24 1.76746017e-24 ... 4.61086782e-24
 3.92962280e-24 3.30373928e-24]
finishing 41600
disp entry 42400 (-0.21250898917091932-0.19069255117999337j)
starting: 42400
some stuff:
tdelaylist (1+0j)
ESFGt (1.5069363618219474e-29-7.847910240440016e-30j)
ESFGw (7.1402293799760486e-12-1.7075347212569536e-12j)
intensity 5.389855042297122e-23
data entry 42400 [2.73413836e-24 2.22178663e-24 1.76743328e-24 ... 4.61097229e-24
 3.92969144e-24 3.30370146e-24]
finishing 42400
disp entry 43200 (-0.09425995765484863+0.0661156554360073j)
starting: 43200
some stuff:
tdelaylist (1+0j)
ESFGt (-2.390655034408553e-29+4.229081856405324e-30j)
ESFGw (7.1402337167847385e-12-1.7075312518100016e-12j)
intensity 5.389860050621742e-23
data entry 43200 [2.73412264e-24 2.22178508e-24 1.76744706e-24 ... 4.61098736e-24
 3.92962942e-24 3.30375627e-24]
finishing 43200
disp entry 44000 (-0.3445608292964949+0.1975795748026719j)
starting: 44000
some stuff:
tdelaylist (1+0j)
ESFGt (4.4871812201622644e-29+7.11894274722391e-30j)
ESFGw (7.1402319820612625e-12-1.7075477316830234e-12j)
intensity 5.389863201362634e-23
data entry 44000 [2.73416917e-24 2.22180258e-24 1.76748432e-24 ... 4.61097158e-24
 3.92963680e-24 3.30374601e-24]
finishing 44000
disp entry 44800 (-0.4888827781028081-0.045534520906651124j)
starting: 44800
some stuff:
tdelaylist (1+0j)
ESFGt (-9.411479475056332e-30-5.60814564817985e-29j)
ESFGw (7.140218104273455e-12-1.7075334202143466e-12j)
intensity 5.389838495774331e-23
data entry 44800 [2.73414845e-24 2.22180104e-24 1.76747577e-24 ... 4.61094196e-24
 3.92964380e-24 3.30366365e-24]
finishing 44800
disp entry 45600 (-0.25361539080227835-0.20232273765968942j)
starting: 45600
some stuff:
tdelaylist (1+0j)
ESFGt (5.128435469021708e-31+7.74746772762553e-30j)
ESFGw (7.140221573720407e-12-1.7075360222995606e-12j)
intensity 5.389844338927294e-23
data entry 45600 [2.73413373e-24 2.22180052e-24 1.76746607e-24 ... 4.61101663e-24
 3.92961579e-24 3.30378842e-24]
finishing 45600
disp entry 46400 (-0.08478650724202158+0.024459308621781518j)
starting: 46400
some stuff:
tdelaylist (1+0j)
ESFGt (1.0633291688724748e-29-1.8457668720340398e-29j)
ESFGw (7.1402319820612625e-12-1.7075438285552025e-12j)
intensity 5.389861868408748e-23
data entry 46400 [2.73416199e-24 2.22179640e-24 1.76745627e-24 ... 4.61102479e-24
 3.92969144e-24 3.30371995e-24]
finishing 46400
disp entry 47200 (-0.3024676133266657+0.20487057349617535j)
starting: 47200
some stuff:
tdelaylist (1+0j)
ESFGt (-9.355051232318555e-30-1.431844654216843e-29j)
ESFGw (7.140243257763856e-12-1.7075360222995606e-12j)
intensity 5.38987530474928e-23
data entry 47200 [2.73418708e-24 2.22178714e-24 1.76745902e-24 ... 4.61099411e-24
 3.92960892e-24 3.30374580e-24]
finishing 47200
disp entry 48000 (-0.4939715336831175-0.0031186976884791016j)
starting: 48000
some stuff:
tdelaylist (1+0j)
ESFGt (-5.999145086687085e-29-5.0229930615156605e-30j)
ESFGw (7.140222441082145e-12-1.7075399254273815e-12j)
intensity 5.38984691050616e-23
data entry 48000 [2.73416527e-24 2.22178200e-24 1.76741387e-24 ... 4.61096449e-24
 3.92967069e-24 3.30375082e-24]
finishing 48000
disp entry 48800 (-0.2962386836451342-0.2051954367151953j)
starting: 48800
some stuff:
tdelaylist (1+0j)
ESFGt (-7.064069542452948e-30+2.0463709827250298e-29j)
ESFGw (7.1402302473377866e-12-1.7075329865334776e-12j)
intensity 5.389855688509738e-23
data entry 48800 [2.73416345e-24 2.22180670e-24 1.76742632e-24 ... 4.61099552e-24
 3.92965006e-24 3.30372978e-24]
finishing 48800
disp entry 49600 (-0.08413766264420536-0.01825575304643144j)
starting: 49600
some stuff:
tdelaylist (1+0j)
ESFGt (-9.422468560485107e-30-1.7905656573194252e-31j)
ESFGw (7.1402311146995245e-12-1.7075338538952156e-12j)
intensity 5.389857223352145e-23
data entry 49600 [2.73412728e-24 2.22182419e-24 1.76746407e-24 ... 4.61098027e-24
 3.92959479e-24 3.30373736e-24]
finishing 49600
disp entry 50400 (-0.25977673273862095+0.20329380234960573j)
starting: 50400
some stuff:
tdelaylist (1+0j)
ESFGt (-8.96139717021688e-31+2.616160140342616e-29j)
ESFGw (7.1402389209551664e-12-1.7075433948743335e-12j)
intensity 5.389871629370198e-23
data entry 50400 [2.73415663e-24 2.22177171e-24 1.76745304e-24 ... 4.61090436e-24
 3.92963655e-24 3.30374077e-24]
finishing 50400
disp entry 51200 (-0.49017342693266497+0.03943211755333818j)
starting: 51200
some stuff:
tdelaylist (1+0j)
ESFGt (-2.4090401422136058e-29-2.8599624835280196e-29j)
ESFGw (7.1402311146995245e-12-1.7075169403413248e-12j)
intensity 5.389851447287583e-23
data entry 51200 [2.73414845e-24 2.22177325e-24 1.76742175e-24 ... 4.61098613e-24
 3.92961617e-24 3.30372795e-24]
finishing 51200
disp entry 52000 (-0.3385339294816315-0.19918630431012985j)
starting: 52000
some stuff:
tdelaylist (1+0j)
ESFGt (1.2274127577613833e-29+6.457704041157548e-30j)
ESFGw (7.1402311146995245e-12-1.7075377570230366e-12j)
intensity 5.389858556298248e-23
data entry 52000 [2.73415445e-24 2.22177840e-24 1.76740731e-24 ... 4.61089815e-24
 3.92967756e-24 3.30368128e-24]
finishing 52000
disp entry 52800 (-0.09234150893217033-0.06018061916088426j)
starting: 52800
some stuff:
tdelaylist (1+0j)
ESFGt (-1.858002545711975e-30-5.327036913497089e-29j)
ESFGw (7.1402311146995245e-12-1.7075364559804296e-12j)
intensity 5.389858111982541e-23
data entry 52800 [2.73412373e-24 2.22177119e-24 1.76742557e-24 ... 4.61091961e-24
 3.92956103e-24 3.30373693e-24]
finishing 52800
disp entry 53600 (-0.21833605126830066+0.19291751149464198j)
starting: 53600
some stuff:
tdelaylist (1+0j)
ESFGt (8.736526041300057e-30+8.144054318994088e-30j)
ESFGw (7.1402319820612625e-12-1.7075351549378226e-12j)
intensity 5.389858906299904e-23
data entry 53600 [2.73413446e-24 2.22182008e-24 1.76746026e-24 ... 4.61098666e-24
 3.92968507e-24 3.30373971e-24]
finishing 53600
disp entry 54400 (-0.4776528579208011+0.08027612377519103j)
starting: 54400
some stuff:
tdelaylist (1+0j)
ESFGt (1.0995019700416281e-29-1.2193715488537359e-29j)
ESFGw (7.1402371862316905e-12-1.7075321191717396e-12j)
intensity 5.389865301364899e-23
data entry 54400 [2.73417599e-24 2.22180618e-24 1.76744648e-24 ... 4.61097158e-24
 3.92959554e-24 3.30377079e-24]
finishing 54400
disp entry 55200 (-0.378670389523831-0.18455544418802738j)
starting: 55200
some stuff:
tdelaylist (1+0j)
ESFGt (2.861309054624683e-29+2.0118252914323298e-29j)
ESFGw (7.140225910529097e-12-1.7075360222995606e-12j)
intensity 5.389850532084167e-23
data entry 55200 [2.73414445e-24 2.22181699e-24 1.76747453e-24 ... 4.61091997e-24
 3.92964981e-24 3.30375061e-24]
finishing 55200
disp entry 56000 (-0.10904294473902171-0.09950058272420632j)
starting: 56000
some stuff:
tdelaylist (1+0j)
ESFGt (2.0932739220234043e-29-3.0299312930298e-29j)
ESFGw (7.140224175805621e-12-1.7075308181291327e-12j)
intensity 5.38984627756198e-23
data entry 56000 [2.73418708e-24 2.22176862e-24 1.76746549e-24 ... 4.61101699e-24
 3.92965756e-24 3.30372646e-24]
finishing 56000
disp entry 56800 (-0.17993931810585606+0.17419083599995314j)
starting: 56800
some stuff:
tdelaylist (1+0j)
ESFGt (-2.818399410695374e-29-7.279247827071535e-30j)
ESFGw (7.1402311146995245e-12-1.7075303844482637e-12j)
intensity 5.389856038513725e-23
data entry 56800 [2.73415163e-24 2.22174083e-24 1.76743602e-24 ... 4.61093469e-24
 3.92965043e-24 3.30371386e-24]
finishing 56800
disp entry 57600 (-0.45695177624218736+0.11764539872088291j)
starting: 57600
some stuff:
tdelaylist (1+0j)
ESFGt (3.249392514825495e-29-2.064953949739213e-29j)
ESFGw (7.1402293799760486e-12-1.7075290834056567e-12j)
intensity 5.389853116934933e-23
data entry 57600 [2.73415772e-24 2.22179538e-24 1.76744059e-24 ... 4.61094941e-24
 3.92961505e-24 3.30373085e-24]
finishing 57600
disp entry 58400 (-0.4149107674691098-0.16193614934900882j)
starting: 58400
some stuff:
tdelaylist (1+0j)
ESFGt (1.7706886308922183e-29-2.4163048101491453e-31j)
ESFGw (7.1402285126143106e-12-1.7075329865334776e-12j)
intensity 5.389853211245031e-23
data entry 58400 [2.73416236e-24 2.22177788e-24 1.76747320e-24 ... 4.61096466e-24
 3.92964293e-24 3.30371236e-24]
finishing 58400
disp entry 59200 (-0.13351905273111578-0.1345136892729075j)
starting: 59200
some stuff:
tdelaylist (1+0j)
ESFGt (2.3948853846703826e-29-4.631725196522426e-29j)
ESFGw (7.140223308443883e-12-1.7075269150013117e-12j)
intensity 5.389843705989921e-23
data entry 59200 [2.73414591e-24 2.22176759e-24 1.76746532e-24 ... 4.61099428e-24
 3.92965768e-24 3.30376236e-24]
finishing 59200
disp entry 60000 (-0.1462485259254141+0.14792435517579497j)
starting: 60000
some stuff:
tdelaylist (1+0j)
ESFGt (2.745537493622367e-29-7.921440891547229e-30j)
ESFGw (7.140224175805621e-12-1.7075347212569536e-12j)
intensity 5.389847610505712e-23
data entry 60000 [2.73416308e-24 2.22179126e-24 1.76743146e-24 ... 4.61091979e-24
 3.92965693e-24 3.30373885e-24]
finishing 60000
disp entry 60800 (-0.4289662228686123+0.14992242297972885j)
starting: 60800
some stuff:
tdelaylist (1+0j)
ESFGt (3.7451257540361925e-30-3.3245696855718815e-29j)
ESFGw (7.140226777890835e-12-1.7075299507673947e-12j)
intensity 5.389849697247704e-23
data entry 60800 [2.73415845e-24 2.22175781e-24 1.76742689e-24 ... 4.61103277e-24
 3.92961529e-24 3.30369303e-24]
finishing 60800
disp entry 61600 (-0.44568640792176867-0.1323074901258889j)
starting: 61600
some stuff:
tdelaylist (1+0j)
ESFGt (2.1730520340826383e-29+6.182236626115796e-29j)
ESFGw (7.1402354515082145e-12-1.7075269150013117e-12j)
intensity 5.389861046842861e-23
data entry 61600 [2.73416917e-24 2.22180824e-24 1.76743802e-24 ... 4.61102426e-24
 3.92965018e-24 3.30374516e-24]
finishing 61600
disp entry 62400 (-0.1647103908980596-0.16370440553658375j)
starting: 62400
some stuff:
tdelaylist (1+0j)
ESFGt (3.8254535836776e-32+4.420264257623061e-30j)
ESFGw (7.1402285126143106e-12-1.7075295170865257e-12j)
intensity 5.389852026407213e-23
data entry 62400 [2.73412082e-24 2.22182008e-24 1.76745295e-24 ... 4.61103206e-24
 3.92967081e-24 3.30376321e-24]
finishing 62400
disp entry 63200 (-0.11872197196160783+0.1152550068580099j)
starting: 63200
some stuff:
tdelaylist (1+0j)
ESFGt (1.7416617069014876e-29-5.612197473763632e-31j)
ESFGw (7.140222441082145e-12-1.7075420938317265e-12j)
intensity 5.38984765103403e-23
data entry 63200 [2.73409329e-24 2.22175781e-24 1.76744324e-24 ... 4.61091216e-24
 3.92962917e-24 3.30370649e-24]
finishing 63200
disp entry 64000 (-0.3949075452470487+0.17571009389630268j)
starting: 64000
some stuff:
tdelaylist (1+0j)
ESFGt (-3.8162761513344024e-29-9.07009936461708e-30j)
ESFGw (7.1402276452525726e-12-1.7075312518100016e-12j)
intensity 5.389851380193693e-23
data entry 64000 [2.73413555e-24 2.22179435e-24 1.76743146e-24 ... 4.61096449e-24
 3.92967081e-24 3.30373106e-24]
finishing 64000
Top-level running in PID 192078 (name=__main__)
Running interfere() with b=664.0, sigma_s=12.5
MID-level running in PID 192078 (name=__main__)
E1_shared element:  0j
E1 element:  (-3.649625027020855e-10+4.776239491573457e-10j)
this thing psm_f17834a6
ill try to just make an array with this now
testfreq element:  0.0
did it
disp entry 0 (-0.08332452033614668+0j)
starting: 0
some stuff:
tdelaylist (1+0j)
ESFGt (-1.0554246558518958e-32-1.780732882173667e-33j)
ESFGw (1.1852467791950705e-12-2.9171955649720527e-13j)
intensity 1.4899102272352141e-24
data entry 0 [1.43884745e-24 1.35620081e-24 1.27499221e-24 ... 1.69422775e-24
 1.60799173e-24 1.52283552e-24]
finishing 0
disp entry 800 (-0.27796535717647075+0.2050566582042932j)
starting: 800
some stuff:
tdelaylist (1+0j)
ESFGt (-2.0157264280442907e-31+1.2581438288263429e-30j)
ESFGw (3.986307811620904e-12-9.530310568495182e-14j)
intensity 1.589973265094304e-23
data entry 800 [4.15725311e-23 4.00185523e-23 3.84715895e-23 ... 4.62522641e-23
 4.46915243e-23 4.31309219e-23]
finishing 800
disp entry 1600 (-0.4928812110671021+0.021359994690023542j)
starting: 1600
some stuff:
tdelaylist (1+0j)
ESFGt (-2.6039054330601526e-30-1.0818369794798438e-30j)
ESFGw (5.618944545759952e-12-1.5245946866082605e-12j)
intensity 3.389692676675965e-23
data entry 1600 [3.29775251e-23 3.10804299e-23 2.92169281e-23 ... 3.88376921e-23
 3.68588949e-23 3.49045568e-23]
finishing 1600
disp entry 2400 (-0.32062736491562593-0.20283166645248532j)
starting: 2400
some stuff:
tdelaylist (1+0j)
ESFGt (4.750697412351071e-31+1.9521045360376736e-30j)
ESFGw (5.618937606866048e-12-1.5246016255021644e-12j)
intensity 3.3896869946337386e-23
data entry 2400 [3.29775381e-23 3.10806005e-23 2.92170351e-23 ... 3.88378166e-23
 3.68590005e-23 3.49046440e-23]
finishing 2400
disp entry 3200 (-0.08776846410639105-0.04248822020746742j)
starting: 3200
some stuff:
tdelaylist (1+0j)
ESFGt (-1.6379522601871963e-30-2.87435414550073e-30j)
ESFGw (5.618934137419096e-12-1.5246050949491163e-12j)
intensity 3.389684153619848e-23
data entry 3200 [3.29774076e-23 3.10805947e-23 2.92170478e-23 ... 3.88377307e-23
 3.68589420e-23 3.49043711e-23]
finishing 3200
disp entry 4000 (-0.23576625864575806+0.19840582548751706j)
starting: 4000
some stuff:
tdelaylist (1+0j)
ESFGt (-2.239191477638434e-30-1.2673822740283254e-30j)
ESFGw (5.618921994354764e-12-1.5246016255021644e-12j)
intensity 3.389669449512757e-23
data entry 4000 [3.29773474e-23 3.10804359e-23 2.92168406e-23 ... 3.88376411e-23
 3.68588704e-23 3.49045710e-23]
finishing 4000
disp entry 4800 (-0.4840415430690601+0.06315542221883048j)
starting: 4800
some stuff:
tdelaylist (1+0j)
ESFGt (2.3028254067072036e-30+8.412823108948019e-31j)
ESFGw (5.618939341589524e-12-1.5245990234169504e-12j)
intensity 3.389688150666643e-23
data entry 4800 [3.29773643e-23 3.10804503e-23 2.92170119e-23 ... 3.88377452e-23
 3.68589718e-23 3.49045704e-23]
finishing 4800
disp entry 5600 (-0.3619056678810876-0.1918271584251852j)
starting: 5600
some stuff:
tdelaylist (1+0j)
ESFGt (-5.2967045701159285e-30+7.212029862746882e-30j)
ESFGw (5.61893240269562e-12-1.5246033602256404e-12j)
intensity 3.38968167520741e-23
data entry 5600 [3.29773277e-23 3.10805030e-23 2.92168949e-23 ... 3.88377702e-23
 3.68586596e-23 3.49046775e-23]
finishing 5600
disp entry 6400 (-0.10090794045923898-0.08313734878120543j)
starting: 6400
some stuff:
tdelaylist (1+0j)
ESFGt (-1.3276686961125068e-29-1.0347178996841949e-30j)
ESFGw (5.618939341589524e-12-1.5246068296725923e-12j)
intensity 3.3896905309546825e-23
data entry 6400 [3.29772822e-23 3.10804919e-23 2.92168998e-23 ... 3.88376294e-23
 3.68588041e-23 3.49042851e-23]
finishing 6400
disp entry 7200 (-0.19585664640014067+0.18316704787788468j)
starting: 7200
some stuff:
tdelaylist (1+0j)
ESFGt (-4.662390515135378e-30+1.0349165112097098e-30j)
ESFGw (5.61893240269562e-12-1.5245998907786884e-12j)
intensity 3.389680617302517e-23
data entry 7200 [3.29773251e-23 3.10804989e-23 2.92168161e-23 ... 3.88377573e-23
 3.68588013e-23 3.49043405e-23]
finishing 7200
disp entry 8000 (-0.46674482981831067+0.10221718361476176j)
starting: 8000
some stuff:
tdelaylist (1+0j)
ESFGt (1.3152494572367473e-29-2.790847026818315e-30j)
ESFGw (5.618944545759952e-12-1.5246007581404264e-12j)
intensity 3.3896945280047874e-23
data entry 8000 [3.29775083e-23 3.10805490e-23 2.92168918e-23 ... 3.88378067e-23
 3.68589480e-23 3.49045653e-23]
finishing 8000
disp entry 8800 (-0.4000135453943324-0.17251946140905j)
starting: 8800
some stuff:
tdelaylist (1+0j)
ESFGt (9.614633486901035e-31-2.0609857817373908e-31j)
ESFGw (5.61893240269562e-12-1.5245946866082605e-12j)
intensity 3.3896790304496913e-23
data entry 8800 [3.29773792e-23 3.10805703e-23 2.92169366e-23 ... 3.88375818e-23
 3.68589860e-23 3.49044069e-23]
finishing 8800
disp entry 9600 (-0.12217421055568767-0.12018789869367334j)
starting: 9600
some stuff:
tdelaylist (1+0j)
ESFGt (8.190778432687861e-30+2.510509867819524e-30j)
ESFGw (5.618925463801716e-12-1.5245920845230465e-12j)
intensity 3.3896704391949664e-23
data entry 9600 [3.29773381e-23 3.10804087e-23 2.92169177e-23 ... 3.88374748e-23
 3.68588426e-23 3.49043007e-23]
finishing 9600
disp entry 10400 (-0.1599639976939711+0.15999993192688947j)
starting: 10400
some stuff:
tdelaylist (1+0j)
ESFGt (-1.3111159300936062e-30+1.9215219722270196e-29j)
ESFGw (5.618935872142572e-12-1.5246050949491163e-12j)
intensity 3.3896861030795416e-23
data entry 10400 [3.29773790e-23 3.10805446e-23 2.92168879e-23 ... 3.88378200e-23
 3.68590946e-23 3.49045410e-23]
finishing 10400
disp entry 11200 (-0.44173975507885027+0.13685450062843046j)
starting: 11200
some stuff:
tdelaylist (1+0j)
ESFGt (-2.3992109781864933e-29-8.344557920216106e-30j)
ESFGw (5.618934137419096e-12-1.5245938192465225e-12j)
intensity 3.3896807154338384e-23
data entry 11200 [3.29773922e-23 3.10805703e-23 2.92168553e-23 ... 3.88377141e-23
 3.68588904e-23 3.49045328e-23]
finishing 11200
disp entry 12000 (-0.43330150782337373-0.14574430408077105j)
starting: 12000
some stuff:
tdelaylist (1+0j)
ESFGt (3.776221999474201e-30+8.632589771195831e-30j)
ESFGw (5.618937606866048e-12-1.5245868803526186e-12j)
intensity 3.389682498559688e-23
data entry 12000 [3.29773142e-23 3.10803793e-23 2.92168589e-23 ... 3.88375357e-23
 3.68587344e-23 3.49044920e-23]
finishing 12000
disp entry 12800 (-0.15064676938931237-0.1520361464648941j)
starting: 12800
some stuff:
tdelaylist (1+0j)
ESFGt (-6.226579658452543e-30+1.0065105491627671e-29j)
ESFGw (5.618925463801716e-12-1.5245990234169504e-12j)
intensity 3.3896725549963255e-23
data entry 12800 [3.29774370e-23 3.10806256e-23 2.92169822e-23 ... 3.88376900e-23
 3.68590270e-23 3.49046279e-23]
finishing 12800
disp entry 13600 (-0.12964191655268456+0.12990726026263566j)
starting: 13600
some stuff:
tdelaylist (1+0j)
ESFGt (-3.646026125968086e-31+1.398080995805858e-29j)
ESFGw (5.618930667972144e-12-1.5246033602256404e-12j)
intensity 3.38967972574892e-23
data entry 13600 [3.29773482e-23 3.10805864e-23 2.92169065e-23 ... 3.88375741e-23
 3.68588776e-23 3.49044065e-23]
finishing 13600
disp entry 14400 (-0.41010865705005745+0.16556810594236218j)
starting: 14400
some stuff:
tdelaylist (1+0j)
ESFGt (-2.8619529622181992e-30-9.10158982384058e-30j)
ESFGw (5.618939341589524e-12-1.5245955539699985e-12j)
intensity 3.38968709276476e-23
data entry 14400 [3.29773842e-23 3.10805568e-23 2.92169971e-23 ... 3.88375333e-23
 3.68590018e-23 3.49043849e-23]
finishing 14400
disp entry 15200 (-0.4603286943152921-0.11266064220723578j)
starting: 15200
some stuff:
tdelaylist (1+0j)
ESFGt (-8.91653503957481e-30+9.601663552431802e-30j)
ESFGw (5.618928933248668e-12-1.5246033602256404e-12j)
intensity 3.3896777762910334e-23
data entry 15200 [3.29774832e-23 3.10803129e-23 2.92169718e-23 ... 3.88376979e-23
 3.68589976e-23 3.49046702e-23]
finishing 15200
disp entry 16000 (-0.18509318960763632-0.17730354891892558j)
starting: 16000
some stuff:
tdelaylist (1+0j)
ESFGt (2.0988901895288082e-29+5.622812657949297e-32j)
ESFGw (5.618925463801716e-12-1.5246016255021644e-12j)
intensity 3.389673348424318e-23
data entry 16000 [3.29772739e-23 3.10803757e-23 2.92168870e-23 ... 3.88376922e-23
 3.68589531e-23 3.49044817e-23]
finishing 16000
disp entry 16800 (-0.10620288642397324+0.09419158640287606j)
starting: 16800
some stuff:
tdelaylist (1+0j)
ESFGt (-6.2172178333634984e-30-2.074941250670353e-29j)
ESFGw (5.618941076313e-12-1.5245972886934744e-12j)
intensity 3.389689571176898e-23
data entry 16800 [3.29774553e-23 3.10804992e-23 2.92169265e-23 ... 3.88376203e-23
 3.68589000e-23 3.49045151e-23]
finishing 16800
disp entry 17600 (-0.37322067963738087+0.18711513856946j)
starting: 17600
some stuff:
tdelaylist (1+0j)
ESFGt (4.671719238303504e-30+7.16901241187967e-30j)
ESFGw (5.618937606866048e-12-1.5246007581404264e-12j)
intensity 3.389686730157591e-23
data entry 17600 [3.29772891e-23 3.10805540e-23 2.92169126e-23 ... 3.88374929e-23
 3.68589130e-23 3.49045299e-23]
finishing 17600
disp entry 18400 (-0.47992524008597015-0.074700493544606j)
starting: 18400
some stuff:
tdelaylist (1+0j)
ESFGt (-1.2295290237510557e-29+4.366871611496847e-30j)
ESFGw (5.618934137419096e-12-1.5246033602256404e-12j)
intensity 3.3896836246665e-23
data entry 18400 [3.29773233e-23 3.10803755e-23 2.92167654e-23 ... 3.88376268e-23
 3.68588303e-23 3.49043525e-23]
finishing 18400
disp entry 19200 (-0.22402246681164956-0.19489641306904357j)
starting: 19200
some stuff:
tdelaylist (1+0j)
ESFGt (1.7879491009340428e-30-8.563785923932597e-30j)
ESFGw (5.618927198525192e-12-1.5246111664812823e-12j)
intensity 3.389678207128558e-23
data entry 19200 [3.29773330e-23 3.10805127e-23 2.92169281e-23 ... 3.88375740e-23
 3.68589828e-23 3.49045083e-23]
finishing 19200
disp entry 20000 (-0.09066145967086797+0.05439885406254672j)
starting: 20000
some stuff:
tdelaylist (1+0j)
ESFGt (1.058681283017233e-29+3.821192463675643e-30j)
ESFGw (5.618928933248668e-12-1.5245972886934744e-12j)
intensity 3.389675924959051e-23
data entry 20000 [3.29775117e-23 3.10805986e-23 2.92169782e-23 ... 3.88376787e-23
 3.68589545e-23 3.49046394e-23]
finishing 20000
disp entry 20800 (-0.33267250941214777+0.2005629407697033j)
starting: 20800
some stuff:
tdelaylist (1+0j)
ESFGt (-5.672706280571079e-31+2.252054884107618e-29j)
ESFGw (5.61893240269562e-12-1.5246033602256404e-12j)
intensity 3.38968167520741e-23
data entry 20800 [3.29773651e-23 3.10804781e-23 2.92168856e-23 ... 3.88377354e-23
 3.68587423e-23 3.49044875e-23]
finishing 20800
disp entry 21600 (-0.49124291371500883-0.03350695331973686j)
starting: 21600
some stuff:
tdelaylist (1+0j)
ESFGt (-1.2517313848911948e-29+1.1713903144814198e-29j)
ESFGw (5.618930667972144e-12-1.5245946866082605e-12j)
intensity 3.3896770809912025e-23
data entry 21600 [3.29772264e-23 3.10803817e-23 2.92168929e-23 ... 3.88377330e-23
 3.68587782e-23 3.49044846e-23]
finishing 21600
disp entry 22400 (-0.26574955729597927-0.20405323633608952j)
starting: 22400
some stuff:
tdelaylist (1+0j)
ESFGt (-9.538143975453481e-30+2.1775773675988407e-29j)
ESFGw (5.61893240269562e-12-1.5246059623108543e-12j)
intensity 3.3896824686376585e-23
data entry 22400 [3.29773991e-23 3.10805058e-23 2.92167976e-23 ... 3.88376431e-23
 3.68589265e-23 3.49045575e-23]
finishing 22400
disp entry 23200 (-0.08369034293483901+0.012251481379495556j)
starting: 23200
some stuff:
tdelaylist (1+0j)
ESFGt (-6.255017217787636e-30+1.4923056137022345e-29j)
ESFGw (5.618939341589524e-12-1.5246007581404264e-12j)
intensity 3.389688679618487e-23
data entry 23200 [3.29774151e-23 3.10803746e-23 2.92168787e-23 ... 3.88375226e-23
 3.68589495e-23 3.49045227e-23]
finishing 23200
disp entry 24000 (-0.29021926344586946+0.20532942789944855j)
starting: 24000
some stuff:
tdelaylist (1+0j)
ESFGt (1.757382185304187e-29-2.086659631602288e-29j)
ESFGw (5.618918524907812e-12-1.5245929518847845e-12j)
intensity 3.389662905848895e-23
data entry 24000 [3.29773703e-23 3.10805264e-23 2.92168099e-23 ... 3.88378183e-23
 3.68588367e-23 3.49044097e-23]
finishing 24000
disp entry 24800 (-0.4937918326235938+0.009136926722173132j)
starting: 24800
some stuff:
tdelaylist (1+0j)
ESFGt (1.4306048368151436e-32+2.1839774735452825e-29j)
ESFGw (5.618921994354764e-12-1.5246068296725923e-12j)
intensity 3.389671036372804e-23
data entry 24800 [3.29773705e-23 3.10805772e-23 2.92169177e-23 ... 3.88377024e-23
 3.68589170e-23 3.49045237e-23]
finishing 24800
disp entry 25600 (-0.3084683147303033-0.2043776679908563j)
starting: 25600
some stuff:
tdelaylist (1+0j)
ESFGt (7.025313963904078e-30-1.9951469638088517e-29j)
ESFGw (5.61892372907824e-12-1.5245903497995705e-12j)
intensity 3.3896679607900487e-23
data entry 25600 [3.29774465e-23 3.10806177e-23 2.92169566e-23 ... 3.88377562e-23
 3.68588348e-23 3.49047030e-23]
finishing 25600
disp entry 26400 (-0.08559127920263429-0.030426193509574158j)
starting: 26400
some stuff:
tdelaylist (1+0j)
ESFGt (-2.667764756117726e-29+4.849904471198888e-29j)
ESFGw (5.618935872142572e-12-1.5245894824378325e-12j)
intensity 3.389681342521066e-23
data entry 26400 [3.29774253e-23 3.10805302e-23 2.92170388e-23 ... 3.88377092e-23
 3.68589389e-23 3.49044585e-23]
finishing 26400
disp entry 27200 (-0.24769851952128205+0.20120828379483222j)
starting: 27200
some stuff:
tdelaylist (1+0j)
ESFGt (-1.1161507316311944e-29+1.5307321290645132e-30j)
ESFGw (5.618928933248668e-12-1.5245964213317365e-12j)
intensity 3.389675660483656e-23
data entry 27200 [3.29774211e-23 3.10805521e-23 2.92170043e-23 ... 3.88375504e-23
 3.68589861e-23 3.49045530e-23]
finishing 27200
disp entry 28000 (-0.48746166751534703+0.051385317251679545j)
starting: 28000
some stuff:
tdelaylist (1+0j)
ESFGt (2.718525348141036e-30-4.469872752335107e-30j)
ESFGw (5.61893240269562e-12-1.5245981560552124e-12j)
intensity 3.3896800883509727e-23
data entry 28000 [3.29773449e-23 3.10804256e-23 2.92168952e-23 ... 3.88377815e-23
 3.68589840e-23 3.49044830e-23]
finishing 28000
disp entry 28800 (-0.3503296687365974-0.19585566509299235j)
starting: 28800
some stuff:
tdelaylist (1+0j)
ESFGt (-3.672977108127355e-29-3.8330880903477724e-30j)
ESFGw (5.618927198525192e-12-1.5246059623108543e-12j)
intensity 3.389676620263997e-23
data entry 28800 [3.29775158e-23 3.10805504e-23 2.92168607e-23 ... 3.88377207e-23
 3.68589886e-23 3.49043682e-23]
finishing 28800
disp entry 29600 (-0.09628198693905932-0.07178687847399047j)
starting: 29600
some stuff:
tdelaylist (1+0j)
ESFGt (2.351960393486829e-29+6.913221831875202e-30j)
ESFGw (5.618921994354764e-12-1.5245998907786884e-12j)
intensity 3.389668920560611e-23
data entry 29600 [3.29774439e-23 3.10805448e-23 2.92169501e-23 ... 3.88377344e-23
 3.68590867e-23 3.49047444e-23]
finishing 29600
disp entry 30400 (-0.20695077705280712+0.18837789111361647j)
starting: 30400
some stuff:
tdelaylist (1+0j)
ESFGt (-2.3742945604575372e-29+1.4934984865615393e-29j)
ESFGw (5.618954954100808e-12-1.5245946866082605e-12j)
intensity 3.3897043734648156e-23
data entry 30400 [3.29773304e-23 3.10804715e-23 2.92169341e-23 ... 3.88376635e-23
 3.68590039e-23 3.49045054e-23]
finishing 30400
disp entry 31200 (-0.472526417951415+0.0914095076006959j)
starting: 31200
some stuff:
tdelaylist (1+0j)
ESFGt (3.238998887815072e-30+2.3408709490523582e-29j)
ESFGw (5.618927198525192e-12-1.5246024928639024e-12j)
intensity 3.3896755623572995e-23
data entry 31200 [3.29773586e-23 3.10805467e-23 2.92169925e-23 ... 3.88378839e-23
 3.68588884e-23 3.49044082e-23]
finishing 31200
disp entry 32000 (-0.38952166142267697-0.17885610033604898j)
starting: 32000
some stuff:
tdelaylist (1+0j)
ESFGt (1.5077160625228705e-29-4.462250282727087e-30j)
ESFGw (5.618935872142572e-12-1.5246068296725923e-12j)
intensity 3.389686632033491e-23
data entry 32000 [3.29773096e-23 3.10804153e-23 2.92169422e-23 ... 3.88375710e-23
 3.68589648e-23 3.49045348e-23]
finishing 32000
disp entry 32800 (-0.11529972162196883-0.11004028695169102j)
starting: 32800
some stuff:
tdelaylist (1+0j)
ESFGt (1.2988465526416442e-29-5.729087879693015e-30j)
ESFGw (5.618935872142572e-12-1.5245903497995705e-12j)
intensity 3.3896816069952577e-23
data entry 32800 [3.29773589e-23 3.10805176e-23 2.92168712e-23 ... 3.88378343e-23
 3.68588157e-23 3.49045283e-23]
finishing 32800
disp entry 33600 (-0.16973979154494+0.16739361008793785j)
starting: 33600
some stuff:
tdelaylist (1+0j)
ESFGt (2.3161958744195582e-29-1.5355638058124946e-29j)
ESFGw (5.618928933248668e-12-1.5246085643960683e-12j)
intensity 3.389679363152885e-23
data entry 33600 [3.29774072e-23 3.10804929e-23 2.92170146e-23 ... 3.88376533e-23
 3.68587899e-23 3.49045505e-23]
finishing 33600
disp entry 34400 (-0.4496325523502561+0.12747706103127154j)
starting: 34400
some stuff:
tdelaylist (1+0j)
ESFGt (5.702859121262892e-31-6.986277771343779e-30j)
ESFGw (5.618942811036476e-12-1.5245929518847845e-12j)
intensity 3.389690198263526e-23
data entry 34400 [3.29774224e-23 3.10804528e-23 2.92168536e-23 ... 3.88375455e-23
 3.68590080e-23 3.49045081e-23]
finishing 34400
disp entry 35200 (-0.4243478775114139-0.15411479548824286j)
starting: 35200
some stuff:
tdelaylist (1+0j)
ESFGt (-4.5636986425476846e-30-2.0563891286279353e-29j)
ESFGw (5.618946280483428e-12-1.5246050949491163e-12j)
intensity 3.389697799850334e-23
data entry 35200 [3.29773602e-23 3.10804610e-23 2.92170064e-23 ... 3.88376575e-23
 3.68589840e-23 3.49043910e-23]
finishing 35200
disp entry 36000 (-0.14182130551934682-0.1435306300404952j)
starting: 36000
some stuff:
tdelaylist (1+0j)
ESFGt (-2.693109091406201e-29-4.3553340874237524e-30j)
ESFGw (5.618930667972144e-12-1.5246016255021644e-12j)
intensity 3.389679196796173e-23
data entry 36000 [3.29773789e-23 3.10805174e-23 2.92169269e-23 ... 3.88376322e-23
 3.68588281e-23 3.49046574e-23]
finishing 36000
disp entry 36800 (-0.13767623089095254+0.13916373990015324j)
starting: 36800
some stuff:
tdelaylist (1+0j)
ESFGt (-3.031091440126378e-29-2.4322292415236896e-29j)
ESFGw (5.618928933248668e-12-1.5246024928639024e-12j)
intensity 3.389677511814584e-23
data entry 36800 [3.29772242e-23 3.10805321e-23 2.92168542e-23 ... 3.88376660e-23
 3.68588855e-23 3.49045211e-23]
finishing 36800
disp entry 37600 (-0.4197710257691817+0.15802680281216688j)
starting: 37600
some stuff:
tdelaylist (1+0j)
ESFGt (-2.1177664094696798e-29-7.076609904266616e-30j)
ESFGw (5.618934137419096e-12-1.5246050949491163e-12j)
intensity 3.389684153619848e-23
data entry 37600 [3.29773412e-23 3.10804218e-23 2.92168906e-23 ... 3.88375858e-23
 3.68588413e-23 3.49045494e-23]
finishing 37600
disp entry 38400 (-0.45330087323767376-0.12270267153734568j)
starting: 38400
some stuff:
tdelaylist (1+0j)
ESFGt (-7.856611531743447e-30-2.2095438926304693e-29j)
ESFGw (5.618927198525192e-12-1.5245981560552124e-12j)
intensity 3.3896742399773123e-23
data entry 38400 [3.29772623e-23 3.10805463e-23 2.92168875e-23 ... 3.88375751e-23
 3.68589247e-23 3.49044566e-23]
finishing 38400
disp entry 39200 (-0.17469875872474322-0.17080828689291422j)
starting: 39200
some stuff:
tdelaylist (1+0j)
ESFGt (6.273341237502265e-29-5.00526322128153e-30j)
ESFGw (5.618942811036476e-12-1.5245929518847845e-12j)
intensity 3.389690198263526e-23
data entry 39200 [3.29774160e-23 3.10804914e-23 2.92168599e-23 ... 3.88375444e-23
 3.68589677e-23 3.49044585e-23]
finishing 39200
disp entry 40000 (-0.11214795802928271+0.10491020318740657j)
starting: 40000
some stuff:
tdelaylist (1+0j)
ESFGt (-9.782372957260549e-30-1.6191341190712101e-29j)
ESFGw (5.618930667972144e-12-1.5245981560552124e-12j)
intensity 3.389678138892484e-23
data entry 40000 [3.29774268e-23 3.10805236e-23 2.92168286e-23 ... 3.88376884e-23
 3.68588482e-23 3.49044308e-23]
finishing 40000
disp entry 40800 (-0.3842343866707455+0.1817363952637222j)
starting: 40800
some stuff:
tdelaylist (1+0j)
ESFGt (-4.176858460403941e-29+6.820109137595156e-31j)
ESFGw (5.618934137419096e-12-1.5246172380134482e-12j)
intensity 3.3896878563101435e-23
data entry 40800 [3.29774118e-23 3.10804571e-23 2.92169313e-23 ... 3.88377290e-23
 3.68588971e-23 3.49044480e-23]
finishing 40800
disp entry 41600 (-0.47512742566221566-0.0859793941524216j)
starting: 41600
some stuff:
tdelaylist (1+0j)
ESFGt (6.650506931867555e-30-3.1712329362359306e-29j)
ESFGw (5.618935872142572e-12-1.5245955539699985e-12j)
intensity 3.38968319384357e-23
data entry 41600 [3.29774493e-23 3.10805493e-23 2.92168564e-23 ... 3.88376035e-23
 3.68588973e-23 3.49045984e-23]
finishing 41600
disp entry 42400 (-0.21250898917091932-0.19069255117999337j)
starting: 42400
some stuff:
tdelaylist (1+0j)
ESFGt (-3.1353305928070145e-29-1.1790657471629106e-29j)
ESFGw (5.61893240269562e-12-1.5245929518847845e-12j)
intensity 3.389678501499953e-23
data entry 42400 [3.29773023e-23 3.10805851e-23 2.92169670e-23 ... 3.88377117e-23
 3.68589156e-23 3.49045948e-23]
finishing 42400
disp entry 43200 (-0.09425995765484863+0.0661156554360073j)
starting: 43200
some stuff:
tdelaylist (1+0j)
ESFGt (4.006288173952732e-29-5.195641396284208e-29j)
ESFGw (5.618935872142572e-12-1.5245998907786884e-12j)
intensity 3.389684516221298e-23
data entry 43200 [3.29774039e-23 3.10806078e-23 2.92170392e-23 ... 3.88377550e-23
 3.68589642e-23 3.49044393e-23]
finishing 43200
disp entry 44000 (-0.3445608292964949+0.1975795748026719j)
starting: 44000
some stuff:
tdelaylist (1+0j)
ESFGt (-1.690990565296298e-30+1.6667858388671037e-29j)
ESFGw (5.618939341589524e-12-1.5245860129908806e-12j)
intensity 3.3896841835469936e-23
data entry 44000 [3.29772021e-23 3.10804723e-23 2.92168760e-23 ... 3.88376167e-23
 3.68588968e-23 3.49045093e-23]
finishing 44000
disp entry 44800 (-0.4888827781028081-0.045534520906651124j)
starting: 44800
some stuff:
tdelaylist (1+0j)
ESFGt (-5.004816646275675e-29-5.343859761098035e-30j)
ESFGw (5.618925463801716e-12-1.5245964213317365e-12j)
intensity 3.389671761569687e-23
data entry 44800 [3.29772975e-23 3.10804398e-23 2.92169464e-23 ... 3.88377653e-23
 3.68589057e-23 3.49043693e-23]
finishing 44800
disp entry 45600 (-0.25361539080227835-0.20232273765968942j)
starting: 45600
some stuff:
tdelaylist (1+0j)
ESFGt (-1.6517145342726122e-29-1.0359600041277031e-28j)
ESFGw (5.618941076313e-12-1.5245990234169504e-12j)
intensity 3.389690100128141e-23
data entry 45600 [3.29775130e-23 3.10805281e-23 2.92170122e-23 ... 3.88378413e-23
 3.68590388e-23 3.49045317e-23]
finishing 45600
disp entry 46400 (-0.08478650724202158+0.024459308621781518j)
starting: 46400
some stuff:
tdelaylist (1+0j)
ESFGt (5.806413966960163e-30+5.656046685625576e-29j)
ESFGw (5.618935872142572e-12-1.5245990234169504e-12j)
intensity 3.3896842517454525e-23
data entry 46400 [3.29774216e-23 3.10805551e-23 2.92169440e-23 ... 3.88376907e-23
 3.68589456e-23 3.49045647e-23]
finishing 46400
disp entry 47200 (-0.3024676133266657+0.20487057349617535j)
starting: 47200
some stuff:
tdelaylist (1+0j)
ESFGt (6.652474991529476e-29+1.558048436060108e-29j)
ESFGw (5.618935872142572e-12-1.5245964213317365e-12j)
intensity 3.3896834583188143e-23
data entry 47200 [3.29773069e-23 3.10804910e-23 2.92168331e-23 ... 3.88375081e-23
 3.68590445e-23 3.49045147e-23]
finishing 47200
disp entry 48000 (-0.4939715336831175-0.0031186976884791016j)
starting: 48000
some stuff:
tdelaylist (1+0j)
ESFGt (3.178756401007747e-29+3.30557046190214e-29j)
ESFGw (5.618939341589524e-12-1.5245877477143566e-12j)
intensity 3.389684712494324e-23
data entry 48000 [3.29773635e-23 3.10806280e-23 2.92169683e-23 ... 3.88376055e-23
 3.68588871e-23 3.49043773e-23]
finishing 48000
disp entry 48800 (-0.2962386836451342-0.2051954367151953j)
starting: 48800
some stuff:
tdelaylist (1+0j)
ESFGt (-1.054709654360042e-29+1.1324350711640961e-29j)
ESFGw (5.618930667972144e-12-1.5245877477143566e-12j)
intensity 3.3896749651958613e-23
data entry 48800 [3.29774383e-23 3.10806803e-23 2.92169175e-23 ... 3.88377717e-23
 3.68589212e-23 3.49045165e-23]
finishing 48800
disp entry 49600 (-0.08413766264420536-0.01825575304643144j)
starting: 49600
some stuff:
tdelaylist (1+0j)
ESFGt (-1.9228707250411983e-29-1.1933645732937706e-29j)
ESFGw (5.618927198525192e-12-1.5246033602256404e-12j)
intensity 3.389675826833748e-23
data entry 49600 [3.29772564e-23 3.10804602e-23 2.92169075e-23 ... 3.88375358e-23
 3.68589319e-23 3.49044599e-23]
finishing 49600
disp entry 50400 (-0.25977673273862095+0.20329380234960573j)
starting: 50400
some stuff:
tdelaylist (1+0j)
ESFGt (-2.458256680089314e-29+3.105228307776242e-29j)
ESFGw (5.618944545759952e-12-1.5246016255021644e-12j)
intensity 3.389694792480935e-23
data entry 50400 [3.29774458e-23 3.10804477e-23 2.92168564e-23 ... 3.88376926e-23
 3.68588790e-23 3.49045401e-23]
finishing 50400
disp entry 51200 (-0.49017342693266497+0.03943211755333818j)
starting: 51200
some stuff:
tdelaylist (1+0j)
ESFGt (8.935020957775389e-30+3.593704026057053e-30j)
ESFGw (5.618920259631288e-12-1.5245903497995705e-12j)
intensity 3.389664061879692e-23
data entry 51200 [3.29774873e-23 3.10805761e-23 2.92169523e-23 ... 3.88377683e-23
 3.68587947e-23 3.49044946e-23]
finishing 51200
disp entry 52000 (-0.3385339294816315-0.19918630431012985j)
starting: 52000
some stuff:
tdelaylist (1+0j)
ESFGt (-5.74004732385624e-29-3.7413301674129806e-29j)
ESFGw (5.618939341589524e-12-1.5245946866082605e-12j)
intensity 3.389686828289665e-23
data entry 52000 [3.29773253e-23 3.10804940e-23 2.92168989e-23 ... 3.88377096e-23
 3.68588312e-23 3.49043161e-23]
finishing 52000
disp entry 52800 (-0.09234150893217033-0.06018061916088426j)
starting: 52800
some stuff:
tdelaylist (1+0j)
ESFGt (3.097997945467837e-29-3.3525279441383926e-29j)
ESFGw (5.61893240269562e-12-1.5245972886934744e-12j)
intensity 3.389679823875427e-23
data entry 52800 [3.29774650e-23 3.10804398e-23 2.92169646e-23 ... 3.88377704e-23
 3.68589424e-23 3.49045582e-23]
finishing 52800
disp entry 53600 (-0.21833605126830066+0.19291751149464198j)
starting: 53600
some stuff:
tdelaylist (1+0j)
ESFGt (-4.5116822840153235e-29+3.3430319058063483e-29j)
ESFGw (5.618934137419096e-12-1.5246050949491163e-12j)
intensity 3.389684153619848e-23
data entry 53600 [3.29773257e-23 3.10804991e-23 2.92170108e-23 ... 3.88377191e-23
 3.68590183e-23 3.49047028e-23]
finishing 53600
disp entry 54400 (-0.4776528579208011+0.08027612377519103j)
starting: 54400
some stuff:
tdelaylist (1+0j)
ESFGt (4.83222894820772e-29-6.487698744945334e-29j)
ESFGw (5.618935872142572e-12-1.5246094317578063e-12j)
intensity 3.3896874254655467e-23
data entry 54400 [3.29774333e-23 3.10804389e-23 2.92168853e-23 ... 3.88377126e-23
 3.68589235e-23 3.49043124e-23]
finishing 54400
disp entry 55200 (-0.378670389523831-0.18455544418802738j)
starting: 55200
some stuff:
tdelaylist (1+0j)
ESFGt (5.448999586954226e-29+1.6963220810501586e-29j)
ESFGw (5.618928933248668e-12-1.5245981560552124e-12j)
intensity 3.3896761894345974e-23
data entry 55200 [3.29774538e-23 3.10805862e-23 2.92169771e-23 ... 3.88376235e-23
 3.68590095e-23 3.49045924e-23]
finishing 55200
disp entry 56000 (-0.10904294473902171-0.09950058272420632j)
starting: 56000
some stuff:
tdelaylist (1+0j)
ESFGt (-7.011534537005095e-30+9.544575076834965e-29j)
ESFGw (5.61893240269562e-12-1.5246085643960683e-12j)
intensity 3.389683262069262e-23
data entry 56000 [3.29774063e-23 3.10806533e-23 2.92170835e-23 ... 3.88377299e-23
 3.68589181e-23 3.49044475e-23]
finishing 56000
disp entry 56800 (-0.17993931810585606+0.17419083599995314j)
starting: 56800
some stuff:
tdelaylist (1+0j)
ESFGt (-8.8625879362732e-32+8.816476960432817e-30j)
ESFGw (5.618927198525192e-12-1.5246016255021644e-12j)
intensity 3.3896752978809993e-23
data entry 56800 [3.29775465e-23 3.10805184e-23 2.92169200e-23 ... 3.88377869e-23
 3.68589924e-23 3.49045159e-23]
finishing 56800
disp entry 57600 (-0.45695177624218736+0.11764539872088291j)
starting: 57600
some stuff:
tdelaylist (1+0j)
ESFGt (-1.9569211664579646e-29+3.094971226189611e-29j)
ESFGw (5.618928933248668e-12-1.5245981560552124e-12j)
intensity 3.3896761894345974e-23
data entry 57600 [3.29774180e-23 3.10804788e-23 2.92169415e-23 ... 3.88378427e-23
 3.68590867e-23 3.49044390e-23]
finishing 57600
disp entry 58400 (-0.4149107674691098-0.16193614934900882j)
starting: 58400
some stuff:
tdelaylist (1+0j)
ESFGt (-4.171465254706549e-29-3.488304500584924e-30j)
ESFGw (5.618928933248668e-12-1.5245998907786884e-12j)
intensity 3.3896767183861403e-23
data entry 58400 [3.29773966e-23 3.10805493e-23 2.92170224e-23 ... 3.88377632e-23
 3.68589436e-23 3.49045173e-23]
finishing 58400
disp entry 59200 (-0.13351905273111578-0.1345136892729075j)
starting: 59200
some stuff:
tdelaylist (1+0j)
ESFGt (-1.5096344693034124e-29-8.630862452776959e-30j)
ESFGw (5.618937606866048e-12-1.5246224421838761e-12j)
intensity 3.389693342106427e-23
data entry 59200 [3.29775030e-23 3.10805872e-23 2.92167609e-23 ... 3.88376765e-23
 3.68589343e-23 3.49046154e-23]
finishing 59200
disp entry 60000 (-0.1462485259254141+0.14792435517579497j)
starting: 60000
some stuff:
tdelaylist (1+0j)
ESFGt (-2.9131164948970614e-29-1.6840623332479186e-29j)
ESFGw (5.618935872142572e-12-1.5245964213317365e-12j)
intensity 3.3896834583188143e-23
data entry 60000 [3.29773792e-23 3.10804455e-23 2.92169610e-23 ... 3.88376866e-23
 3.68588557e-23 3.49046601e-23]
finishing 60000
disp entry 60800 (-0.4289662228686123+0.14992242297972885j)
starting: 60800
some stuff:
tdelaylist (1+0j)
ESFGt (5.956837220633759e-29-1.073034275927779e-29j)
ESFGw (5.618942811036476e-12-1.5246016255021644e-12j)
intensity 3.3896928430182335e-23
data entry 60800 [3.29773856e-23 3.10804194e-23 2.92169927e-23 ... 3.88378534e-23
 3.68590542e-23 3.49046346e-23]
finishing 60800
disp entry 61600 (-0.44568640792176867-0.1323074901258889j)
starting: 61600
some stuff:
tdelaylist (1+0j)
ESFGt (-1.2421525917568526e-30+3.472909098091978e-29j)
ESFGw (5.618935872142572e-12-1.5245946866082605e-12j)
intensity 3.389682929368475e-23
data entry 61600 [3.29775019e-23 3.10805448e-23 2.92169289e-23 ... 3.88376874e-23
 3.68588710e-23 3.49045504e-23]
finishing 61600
disp entry 62400 (-0.1647103908980596-0.16370440553658375j)
starting: 62400
some stuff:
tdelaylist (1+0j)
ESFGt (-1.6145001510690822e-29-4.2113166573011206e-29j)
ESFGw (5.618928933248668e-12-1.5245972886934744e-12j)
intensity 3.389675924959051e-23
data entry 62400 [3.29772445e-23 3.10805630e-23 2.92168698e-23 ... 3.88376960e-23
 3.68587306e-23 3.49044856e-23]
finishing 62400
disp entry 63200 (-0.11872197196160783+0.1152550068580099j)
starting: 63200
some stuff:
tdelaylist (1+0j)
ESFGt (-1.1949176552379866e-29-1.6149464251483832e-29j)
ESFGw (5.618935872142572e-12-1.5246050949491163e-12j)
intensity 3.3896861030795416e-23
data entry 63200 [3.29772990e-23 3.10804460e-23 2.92168841e-23 ... 3.88379429e-23
 3.68589045e-23 3.49044055e-23]
finishing 63200
disp entry 64000 (-0.3949075452470487+0.17571009389630268j)
starting: 64000
some stuff:
tdelaylist (1+0j)
ESFGt (4.626928126328133e-29+4.95479482894197e-29j)
ESFGw (5.618927198525192e-12-1.5245981560552124e-12j)
intensity 3.3896742399773123e-23
data entry 64000 [3.29772741e-23 3.10804730e-23 2.92168317e-23 ... 3.88374857e-23
 3.68587317e-23 3.49045686e-23]
finishing 64000
Top-level running in PID 196864 (name=__main__)
Running interfere() with b=638.4615384615385, sigma_s=13.0
MID-level running in PID 196864 (name=__main__)
E1_shared element:  0j
E1 element:  (-5.354438107672909e-10+7.00731679438559e-10j)
this thing psm_26c937c2
ill try to just make an array with this now
testfreq element:  0.0
did it
disp entry 0 (-0.08332452033614668+0j)
starting: 0
some stuff:
tdelaylist (1+0j)
ESFGt (-2.2373513117618828e-32+6.643329833559174e-33j)
ESFGw (-2.5910491200514807e-12+7.071683733386736e-13j)
intensity 7.213622650770021e-24
data entry 0 [4.73197734e-25 4.26449571e-25 3.81915460e-25 ... 6.26025336e-25
 5.73060943e-25 5.22093895e-25]
finishing 0
disp entry 800 (-0.27796535717647075+0.2050566582042932j)
starting: 800
some stuff:
tdelaylist (1+0j)
ESFGt (-2.622424453181651e-31-5.482219772009029e-31j)
ESFGw (-1.3795220174528389e-11+3.2082340256645026e-12j)
intensity 2.0060086522714655e-22
data entry 800 [6.65037884e-24 5.80381414e-24 5.01177876e-24 ... 9.50690350e-24
 8.50328436e-24 7.55062856e-24]
finishing 800
disp entry 1600 (-0.4928812110671021+0.021359994690023542j)
starting: 1600
some stuff:
tdelaylist (1+0j)
ESFGt (-6.101391202801835e-31+7.170432785213656e-31j)
ESFGw (-1.2476472112388226e-11+3.2505690847339785e-12j)
intensity 1.6622855574582947e-22
data entry 1600 [1.06744452e-23 9.60237807e-24 8.58118122e-24 ... 1.41797736e-23
 1.29649424e-23 1.17959434e-23]
finishing 1600
disp entry 2400 (-0.32062736491562593-0.20283166645248532j)
starting: 2400
some stuff:
tdelaylist (1+0j)
ESFGt (-2.2017893162653263e-31+1.5694403116811585e-30j)
ESFGw (-1.247646213772824e-11+3.2505690847339785e-12j)
intensity 1.6622830684879462e-22
data entry 2400 [1.06746595e-23 9.60243014e-24 8.58120570e-24 ... 1.41797178e-23
 1.29650781e-23 1.17959317e-23]
finishing 2400
disp entry 3200 (-0.08776846410639105-0.04248822020746742j)
starting: 3200
some stuff:
tdelaylist (1+0j)
ESFGt (1.7720782344860768e-30-3.485162827363142e-30j)
ESFGw (-1.247647471447344e-11+3.2505899014156903e-12j)
intensity 1.662287560080808e-22
data entry 3200 [1.06744901e-23 9.60241425e-24 8.58114172e-24 ... 1.41798157e-23
 1.29649692e-23 1.17958350e-23]
finishing 3200
disp entry 4000 (-0.23576625864575806+0.19840582548751706j)
starting: 4000
some stuff:
tdelaylist (1+0j)
ESFGt (1.8577760984802325e-30-3.049168399140329e-30j)
ESFGw (-1.247647037766475e-11+3.2505708194574545e-12j)
intensity 1.6622852373705435e-22
data entry 4000 [1.06745715e-23 9.60247714e-24 8.58112682e-24 ... 1.41798147e-23
 1.29650233e-23 1.17960012e-23]
finishing 4000
disp entry 4800 (-0.4840415430690601+0.06315542221883048j)
starting: 4800
some stuff:
tdelaylist (1+0j)
ESFGt (-7.415614199563534e-30-6.517662904687907e-31j)
ESFGw (-1.247646213772824e-11+3.2505872993304763e-12j)
intensity 1.662284252647349e-22
data entry 4800 [1.06744995e-23 9.60237526e-24 8.58112556e-24 ... 1.41797483e-23
 1.29649324e-23 1.17959082e-23]
finishing 4800
disp entry 5600 (-0.3619056678810876-0.1918271584251852j)
starting: 5600
some stuff:
tdelaylist (1+0j)
ESFGt (-1.1073176344971946e-29-2.27430960646812e-30j)
ESFGw (-1.2476466474536929e-11+3.2505794930748344e-12j)
intensity 1.6622848273104264e-22
data entry 5600 [1.06744761e-23 9.60234669e-24 8.58114529e-24 ... 1.41796586e-23
 1.29648341e-23 1.17959505e-23]
finishing 5600
disp entry 6400 (-0.10090794045923898-0.08313734878120543j)
starting: 6400
some stuff:
tdelaylist (1+0j)
ESFGt (2.090783529095707e-30-7.865004373329222e-30j)
ESFGw (-1.2476463438770846e-11+3.2505777583513584e-12j)
intensity 1.6622839570207417e-22
data entry 6400 [1.06744732e-23 9.60235351e-24 8.58116126e-24 ... 1.41797366e-23
 1.29650159e-23 1.17960060e-23]
finishing 6400
disp entry 7200 (-0.19585664640014067+0.18316704787788468j)
starting: 7200
some stuff:
tdelaylist (1+0j)
ESFGt (2.251968819113228e-30+7.11327178631735e-31j)
ESFGw (-1.2476460836685632e-11+3.2505846972452623e-12j)
intensity 1.662283758833154e-22
data entry 7200 [1.06745124e-23 9.60247927e-24 8.58114181e-24 ... 1.41797743e-23
 1.29650434e-23 1.17958956e-23]
finishing 7200
disp entry 8000 (-0.46674482981831067+0.10221718361476176j)
starting: 8000
some stuff:
tdelaylist (1+0j)
ESFGt (7.801210953186933e-30-7.4073673073563575e-31j)
ESFGw (-1.2476469076622143e-11+3.2505799267557034e-12j)
intensity 1.662285504801357e-22
data entry 8000 [1.06744260e-23 9.60233789e-24 8.58107985e-24 ... 1.41797851e-23
 1.29648849e-23 1.17958982e-23]
finishing 8000
disp entry 8800 (-0.4000135453943324-0.17251946140905j)
starting: 8800
some stuff:
tdelaylist (1+0j)
ESFGt (-1.3788891039100392e-30-2.6420599108177866e-31j)
ESFGw (-1.2476463005089977e-11+3.2505829625217864e-12j)
intensity 1.6622841871361574e-22
data entry 8800 [1.06744668e-23 9.60241572e-24 8.58113049e-24 ... 1.41798021e-23
 1.29648589e-23 1.17958654e-23]
finishing 8800
disp entry 9600 (-0.12217421055568767-0.12018789869367334j)
starting: 9600
some stuff:
tdelaylist (1+0j)
ESFGt (-7.669173409171497e-30-7.623793684856873e-31j)
ESFGw (-1.2476472546069095e-11+3.2505716868191925e-12j)
intensity 1.6622858348396642e-22
data entry 9600 [1.06744842e-23 9.60234056e-24 8.58116239e-24 ... 1.41797761e-23
 1.29648260e-23 1.17959150e-23]
finishing 9600
disp entry 10400 (-0.1599639976939711+0.15999993192688947j)
starting: 10400
some stuff:
tdelaylist (1+0j)
ESFGt (-1.9122055870476e-29-6.650747673110603e-31j)
ESFGw (-1.2476463005089977e-11+3.2505925035009042e-12j)
intensity 1.6622848074119515e-22
data entry 10400 [1.06745381e-23 9.60245552e-24 8.58113796e-24 ... 1.41799539e-23
 1.29649344e-23 1.17960170e-23]
finishing 10400
disp entry 11200 (-0.44173975507885027+0.13685450062843046j)
starting: 11200
some stuff:
tdelaylist (1+0j)
ESFGt (1.5904458879167932e-29-8.194443718113273e-30j)
ESFGw (-1.2476466474536929e-11+3.2505786257130964e-12j)
intensity 1.6622847709218677e-22
data entry 11200 [1.06745692e-23 9.60242172e-24 8.58120819e-24 ... 1.41799753e-23
 1.29649625e-23 1.17959334e-23]
finishing 11200
disp entry 12000 (-0.43330150782337373-0.14574430408077105j)
starting: 12000
some stuff:
tdelaylist (1+0j)
ESFGt (-1.015812038477773e-29-2.7257069603477237e-30j)
ESFGw (-1.2476459969323894e-11+3.2505729878617995e-12j)
intensity 1.6622827811555837e-22
data entry 12000 [1.06745312e-23 9.60239102e-24 8.58116760e-24 ... 1.41798436e-23
 1.29650581e-23 1.17960170e-23]
finishing 12000
disp entry 12800 (-0.15064676938931237-0.1520361464648941j)
starting: 12800
some stuff:
tdelaylist (1+0j)
ESFGt (-2.573798333204519e-29-1.1127282939347075e-29j)
ESFGw (-1.2476467775579536e-11+3.2505816614791794e-12j)
intensity 1.6622852929301932e-22
data entry 12800 [1.06746045e-23 9.60246980e-24 8.58117972e-24 ... 1.41797878e-23
 1.29649070e-23 1.17959720e-23]
finishing 12800
disp entry 13600 (-0.12964191655268456+0.12990726026263566j)
starting: 13600
some stuff:
tdelaylist (1+0j)
ESFGt (4.292311039259218e-31-8.29624265736906e-30j)
ESFGw (-1.247647037766475e-11+3.2505825288409174e-12j)
intensity 1.662285998615518e-22
data entry 13600 [1.06744684e-23 9.60239435e-24 8.58122783e-24 ... 1.41797680e-23
 1.29649424e-23 1.17959589e-23]
finishing 13600
disp entry 14400 (-0.41010865705005745+0.16556810594236218j)
starting: 14400
some stuff:
tdelaylist (1+0j)
ESFGt (-1.168091557598549e-31-1.2089376729167411e-29j)
ESFGw (-1.2476468642941274e-11+3.2505786257130964e-12j)
intensity 1.6622853120023977e-22
data entry 14400 [1.06744597e-23 9.60236646e-24 8.58113913e-24 ... 1.41797180e-23
 1.29649845e-23 1.17959339e-23]
finishing 14400
disp entry 15200 (-0.4603286943152921-0.11266064220723578j)
starting: 15200
some stuff:
tdelaylist (1+0j)
ESFGt (1.9088719226844873e-30-4.154382857952942e-30j)
ESFGw (-1.2476467775579536e-11+3.2505807941174414e-12j)
intensity 1.6622852365415978e-22
data entry 15200 [1.06745396e-23 9.60242801e-24 8.58119574e-24 ... 1.41796920e-23
 1.29648561e-23 1.17959024e-23]
finishing 15200
disp entry 16000 (-0.18509318960763632-0.17730354891892558j)
starting: 16000
some stuff:
tdelaylist (1+0j)
ESFGt (1.4748366767902577e-29+2.2659449015151264e-29j)
ESFGw (-1.2476465173494322e-11+3.2505881666922143e-12j)
intensity 1.6622850665485616e-22
data entry 16000 [1.06744903e-23 9.60247046e-24 8.58117597e-24 ... 1.41798157e-23
 1.29650200e-23 1.17959082e-23]
finishing 16000
disp entry 16800 (-0.10620288642397324+0.09419158640287606j)
starting: 16800
some stuff:
tdelaylist (1+0j)
ESFGt (9.64903841979819e-30+5.910970898081623e-30j)
ESFGw (-1.2476469076622143e-11+3.2505803604365724e-12j)
intensity 1.6622855329956457e-22
data entry 16800 [1.06745428e-23 9.60240023e-24 8.58115271e-24 ... 1.41798281e-23
 1.29649250e-23 1.17958751e-23]
finishing 16800
disp entry 17600 (-0.37322067963738087+0.18711513856946j)
starting: 17600
some stuff:
tdelaylist (1+0j)
ESFGt (-5.6581971067791055e-30+7.897381061253694e-31j)
ESFGw (-1.2476458668281287e-11+3.2505768909896204e-12j)
intensity 1.6622827102556702e-22
data entry 17600 [1.06743910e-23 9.60231959e-24 8.58113909e-24 ... 1.41798048e-23
 1.29649097e-23 1.17958371e-23]
finishing 17600
disp entry 18400 (-0.47992524008597015-0.074700493544606j)
starting: 18400
some stuff:
tdelaylist (1+0j)
ESFGt (4.635407935687959e-30+1.481826899708722e-29j)
ESFGw (-1.2476466474536929e-11+3.2505855646070003e-12j)
intensity 1.6622852220307531e-22
data entry 18400 [1.06745015e-23 9.60238355e-24 8.58102817e-24 ... 1.41796944e-23
 1.29648334e-23 1.17958611e-23]
finishing 18400
disp entry 19200 (-0.22402246681164956-0.19489641306904357j)
starting: 19200
some stuff:
tdelaylist (1+0j)
ESFGt (-5.887146542816445e-30-9.805249393881224e-30j)
ESFGw (-1.2476468642941274e-11+3.2505695184148475e-12j)
intensity 1.6622847199234464e-22
data entry 19200 [1.06745049e-23 9.60232319e-24 8.58119579e-24 ... 1.41797823e-23
 1.29649030e-23 1.17959286e-23]
finishing 19200
disp entry 20000 (-0.09066145967086797+0.05439885406254672j)
starting: 20000
some stuff:
tdelaylist (1+0j)
ESFGt (-3.049081130439724e-30+1.9657449348687962e-29j)
ESFGw (-1.247647037766475e-11+3.2505656152870266e-12j)
intensity 1.6622848990403232e-22
data entry 20000 [1.06744937e-23 9.60239756e-24 8.58121552e-24 ... 1.41797527e-23
 1.29649691e-23 1.17959385e-23]
finishing 20000
disp entry 20800 (-0.33267250941214777+0.2005629407697033j)
starting: 20800
some stuff:
tdelaylist (1+0j)
ESFGt (-2.2019158558812037e-29-5.422440712094572e-31j)
ESFGw (-1.247646213772824e-11+3.2505699520957165e-12j)
intensity 1.6622831248763383e-22
data entry 20800 [1.06745011e-23 9.60240356e-24 8.58111452e-24 ... 1.41798112e-23
 1.29648086e-23 1.17959861e-23]
finishing 20800
disp entry 21600 (-0.49124291371500883-0.03350695331973686j)
starting: 21600
some stuff:
tdelaylist (1+0j)
ESFGt (-1.635646711395177e-29-7.38768821536992e-30j)
ESFGw (-1.247647037766475e-11+3.2505768909896204e-12j)
intensity 1.6622856320898174e-22
data entry 21600 [1.06745417e-23 9.60233481e-24 8.58102578e-24 ... 1.41798200e-23
 1.29648929e-23 1.17959332e-23]
finishing 21600
disp entry 22400 (-0.26574955729597927-0.20405323633608952j)
starting: 22400
some stuff:
tdelaylist (1+0j)
ESFGt (-2.1708525619008373e-30-2.0755551408401264e-30j)
ESFGw (-1.2476467775579536e-11+3.2505868656496073e-12j)
intensity 1.6622856312620832e-22
data entry 22400 [1.06745204e-23 9.60249756e-24 8.58114167e-24 ... 1.41799182e-23
 1.29650146e-23 1.17960106e-23]
finishing 22400
disp entry 23200 (-0.08369034293483901+0.012251481379495556j)
starting: 23200
some stuff:
tdelaylist (1+0j)
ESFGt (-1.6685251943481284e-29+1.6270376540804893e-30j)
ESFGw (-1.2476467775579536e-11+3.2505846972452623e-12j)
intensity 1.6622854902903968e-22
data entry 23200 [1.06744713e-23 9.60243562e-24 8.58117366e-24 ... 1.41797492e-23
 1.29649511e-23 1.17960083e-23]
finishing 23200
disp entry 24000 (-0.29021926344586946+0.20532942789944855j)
starting: 24000
some stuff:
tdelaylist (1+0j)
ESFGt (-3.918931903720526e-30+2.725881497748934e-30j)
ESFGw (-1.2476460836685632e-11+3.2505786257130964e-12j)
intensity 1.6622833641129321e-22
data entry 24000 [1.06745620e-23 9.60236845e-24 8.58119593e-24 ... 1.41796910e-23
 1.29649016e-23 1.17959662e-23]
finishing 24000
disp entry 24800 (-0.4937918326235938+0.009136926722173132j)
starting: 24800
some stuff:
tdelaylist (1+0j)
ESFGt (-9.614741820460407e-30+1.9012533651216668e-29j)
ESFGw (-1.2476455632515204e-11+3.2505738552235375e-12j)
intensity 1.6622817553838318e-22
data entry 24800 [1.06744424e-23 9.60243415e-24 8.58109582e-24 ... 1.41798282e-23
 1.29648455e-23 1.17959321e-23]
finishing 24800
disp entry 25600 (-0.3084683147303033-0.2043776679908563j)
starting: 25600
some stuff:
tdelaylist (1+0j)
ESFGt (-6.662179872889864e-30+2.919268938289717e-29j)
ESFGw (-1.2476463438770846e-11+3.2505855646070003e-12j)
intensity 1.6622844645181706e-22
data entry 25600 [1.06744559e-23 9.60233521e-24 8.58116873e-24 ... 1.41796326e-23
 1.29649698e-23 1.17959229e-23]
finishing 25600
disp entry 26400 (-0.08559127920263429-0.030426193509574158j)
starting: 26400
some stuff:
tdelaylist (1+0j)
ESFGt (1.3917263297690416e-29-2.512099361876751e-29j)
ESFGw (-1.2476459101962156e-11+3.2505742889044065e-12j)
intensity 1.6622826493062075e-22
data entry 26400 [1.06745167e-23 9.60238541e-24 8.58121063e-24 ... 1.41798785e-23
 1.29649698e-23 1.17959971e-23]
finishing 26400
disp entry 27200 (-0.24769851952128205+0.20120828379483222j)
starting: 27200
some stuff:
tdelaylist (1+0j)
ESFGt (9.295425644946541e-30-3.561095323759593e-29j)
ESFGw (-1.2476468642941274e-11+3.2505916361391662e-12j)
intensity 1.662286157832348e-22
data entry 27200 [1.06745228e-23 9.60232106e-24 8.58110963e-24 ... 1.41797977e-23
 1.29648955e-23 1.17959276e-23]
finishing 27200
disp entry 28000 (-0.48746166751534703+0.051385317251679545j)
starting: 28000
some stuff:
tdelaylist (1+0j)
ESFGt (-1.612267426503085e-29+6.530971381530177e-30j)
ESFGw (-1.2476465607175191e-11+3.2505859982878693e-12j)
intensity 1.662285033792906e-22
data entry 28000 [1.06745228e-23 9.60239356e-24 8.58119579e-24 ... 1.41798561e-23
 1.29649097e-23 1.17959953e-23]
finishing 28000
disp entry 28800 (-0.3503296687365974-0.19585566509299235j)
starting: 28800
some stuff:
tdelaylist (1+0j)
ESFGt (-1.673944580655702e-30-3.400132568928615e-29j)
ESFGw (-1.2476465173494322e-11+3.2505768909896204e-12j)
intensity 1.6622843334965245e-22
data entry 28800 [1.06744551e-23 9.60236818e-24 8.58125742e-24 ... 1.41798398e-23
 1.29648802e-23 1.17959917e-23]
finishing 28800
disp entry 29600 (-0.09628198693905932-0.07178687847399047j)
starting: 29600
some stuff:
tdelaylist (1+0j)
ESFGt (-5.784823991357028e-30+3.489949515591329e-29j)
ESFGw (-1.2476466474536929e-11+3.2505820951600484e-12j)
intensity 1.6622849964761902e-22
data entry 29600 [1.06745621e-23 9.60239156e-24 8.58111302e-24 ... 1.41798631e-23
 1.29649237e-23 1.17960555e-23]
finishing 29600
disp entry 30400 (-0.20695077705280712+0.18837789111361647j)
starting: 30400
some stuff:
tdelaylist (1+0j)
ESFGt (-1.1282272151621638e-29+7.247665585249122e-31j)
ESFGw (-1.2476464306132584e-11+3.2505742889044065e-12j)
intensity 1.6622839478988681e-22
data entry 30400 [1.06745788e-23 9.60231853e-24 8.58116126e-24 ... 1.41798246e-23
 1.29649283e-23 1.17958961e-23]
finishing 30400
disp entry 31200 (-0.472526417951415+0.0914095076006959j)
starting: 31200
some stuff:
tdelaylist (1+0j)
ESFGt (-7.170825494366379e-30-2.0741195707151734e-29j)
ESFGw (-1.2476475148154309e-11+3.2505742889044065e-12j)
intensity 1.662286653301985e-22
data entry 31200 [1.06744827e-23 9.60249770e-24 8.58111569e-24 ... 1.41798695e-23
 1.29650140e-23 1.17960435e-23]
finishing 31200
disp entry 32000 (-0.38952166142267697-0.17885610033604898j)
starting: 32000
some stuff:
tdelaylist (1+0j)
ESFGt (-2.4272698214536156e-29-2.0652356169935796e-29j)
ESFGw (-1.2476462571409108e-11+3.2505855646070003e-12j)
intensity 1.6622842480860379e-22
data entry 32000 [1.06744742e-23 9.60245377e-24 8.58124126e-24 ... 1.41798631e-23
 1.29650180e-23 1.17959772e-23]
finishing 32000
disp entry 32800 (-0.11529972162196883-0.11004028695169102j)
starting: 32800
some stuff:
tdelaylist (1+0j)
ESFGt (4.133961982011361e-30+2.3112548108692666e-29j)
ESFGw (-1.2476473413430833e-11+3.2505729878617995e-12j)
intensity 1.6622861358546316e-22
data entry 32800 [1.06745638e-23 9.60240531e-24 8.58115252e-24 ... 1.41798452e-23
 1.29649337e-23 1.17958299e-23]
finishing 32800
disp entry 33600 (-0.16973979154494+0.16739361008793785j)
starting: 33600
some stuff:
tdelaylist (1+0j)
ESFGt (6.1111652972696e-30+1.7731603663735793e-29j)
ESFGw (-1.2476465173494322e-11+3.2505660489678956e-12j)
intensity 1.662283628641195e-22
data entry 33600 [1.06744995e-23 9.60242145e-24 8.58120330e-24 ... 1.41797797e-23
 1.29650006e-23 1.17958936e-23]
finishing 33600
disp entry 34400 (-0.4496325523502561+0.12747706103127154j)
starting: 34400
some stuff:
tdelaylist (1+0j)
ESFGt (2.0610467193645374e-29-2.7086895637297397e-30j)
ESFGw (-1.2476479918643868e-11+3.2505829625217864e-12j)
intensity 1.6622884075656056e-22
data entry 34400 [1.06744527e-23 9.60237526e-24 8.58114895e-24 ... 1.41798120e-23
 1.29648882e-23 1.17960159e-23]
finishing 34400
disp entry 35200 (-0.4243478775114139-0.15411479548824286j)
starting: 35200
some stuff:
tdelaylist (1+0j)
ESFGt (-9.149643280585811e-30+7.480629381514294e-30j)
ESFGw (-1.2476456933557811e-11+3.2505768909896204e-12j)
intensity 1.6622822773915858e-22
data entry 35200 [1.06744568e-23 9.60241678e-24 8.58116995e-24 ... 1.41796693e-23
 1.29649110e-23 1.17958660e-23]
finishing 35200
disp entry 36000 (-0.14182130551934682-0.1435306300404952j)
starting: 36000
some stuff:
tdelaylist (1+0j)
ESFGt (1.0470149623791074e-29-3.0093738716644278e-30j)
ESFGw (-1.2476476449196916e-11+3.2505855646070003e-12j)
intensity 1.6622877110019672e-22
data entry 36000 [1.06745517e-23 9.60242319e-24 8.58120330e-24 ... 1.41798141e-23
 1.29649752e-23 1.17959710e-23]
finishing 36000
disp entry 36800 (-0.13767623089095254+0.13916373990015324j)
starting: 36800
some stuff:
tdelaylist (1+0j)
ESFGt (-2.0195460887918075e-29+2.5265772393071284e-29j)
ESFGw (-1.2476463438770846e-11+3.2505781920322274e-12j)
intensity 1.6622839852150115e-22
data entry 36800 [1.06745040e-23 9.60234149e-24 8.58113791e-24 ... 1.41797789e-23
 1.29649712e-23 1.17960216e-23]
finishing 36800
disp entry 37600 (-0.4197710257691817+0.15802680281216688j)
starting: 37600
some stuff:
tdelaylist (1+0j)
ESFGt (-9.691101933489823e-30-1.4454402149914477e-29j)
ESFGw (-1.2476463005089977e-11+3.2505773246704894e-12j)
intensity 1.662283820610408e-22
data entry 37600 [1.06744076e-23 9.60234122e-24 8.58111564e-24 ... 1.41796426e-23
 1.29648909e-23 1.17959579e-23]
finishing 37600
disp entry 38400 (-0.45330087323767376-0.12270267153734568j)
starting: 38400
some stuff:
tdelaylist (1+0j)
ESFGt (1.3297480985993374e-29-9.813801726540518e-30j)
ESFGw (-1.2476475581835178e-11+3.2505890340539523e-12j)
intensity 1.662287720124412e-22
data entry 38400 [1.06744598e-23 9.60235924e-24 8.58112438e-24 ... 1.41796497e-23
 1.29648013e-23 1.17959317e-23]
finishing 38400
disp entry 39200 (-0.17469875872474322-0.17080828689291422j)
starting: 39200
some stuff:
tdelaylist (1+0j)
ESFGt (6.27129027257477e-29+4.339466681631155e-29j)
ESFGw (-1.247645346411086e-11+3.2505794930748344e-12j)
intensity 1.662281580829225e-22
data entry 39200 [1.06744675e-23 9.60240838e-24 8.58110202e-24 ... 1.41798398e-23
 1.29648561e-23 1.17959285e-23]
finishing 39200
disp entry 40000 (-0.11214795802928271+0.10491020318740657j)
starting: 40000
some stuff:
tdelaylist (1+0j)
ESFGt (3.4661862484165746e-29+7.025174033056556e-30j)
ESFGw (-1.2476467775579536e-11+3.2505786257130964e-12j)
intensity 1.662285095570174e-22
data entry 40000 [1.06745167e-23 9.60243655e-24 8.58124747e-24 ... 1.41796963e-23
 1.29649484e-23 1.17959344e-23]
finishing 40000
disp entry 40800 (-0.3842343866707455+0.1817363952637222j)
starting: 40800
some stuff:
tdelaylist (1+0j)
ESFGt (2.715919775574868e-29-1.7877909640300154e-29j)
ESFGw (-1.2476464306132584e-11+3.2505786257130964e-12j)
intensity 1.662284229841433e-22
data entry 40800 [1.06745578e-23 9.60242907e-24 8.58127964e-24 ... 1.41799205e-23
 1.29648943e-23 1.17959934e-23]
finishing 40800
disp entry 41600 (-0.47512742566221566-0.0859793941524216j)
starting: 41600
some stuff:
tdelaylist (1+0j)
ESFGt (1.4717779088340508e-29+3.818817250386417e-29j)
ESFGw (-1.2476469510303012e-11+3.2505742889044065e-12j)
intensity 1.6622852464920707e-22
data entry 41600 [1.06745644e-23 9.60242093e-24 8.58118714e-24 ... 1.41798201e-23
 1.29649645e-23 1.17959567e-23]
finishing 41600
disp entry 42400 (-0.21250898917091932-0.19069255117999337j)
starting: 42400
some stuff:
tdelaylist (1+0j)
ESFGt (-1.0860284349845935e-29-9.172333142743123e-30j)
ESFGw (-1.2476472979749964e-11+3.2505825288409174e-12j)
intensity 1.662286647912368e-22
data entry 42400 [1.06745109e-23 9.60243655e-24 8.58113171e-24 ... 1.41796918e-23
 1.29648983e-23 1.17959981e-23]
finishing 42400
disp entry 43200 (-0.09425995765484863+0.0661156554360073j)
starting: 43200
some stuff:
tdelaylist (1+0j)
ESFGt (8.489717366610448e-30+6.57512934403633e-30j)
ESFGw (-1.2476462571409108e-11+3.2505838298835243e-12j)
intensity 1.6622841353087262e-22
data entry 43200 [1.06745214e-23 9.60250838e-24 8.58121181e-24 ... 1.41799278e-23
 1.29649631e-23 1.17960587e-23]
finishing 43200
disp entry 44000 (-0.3445608292964949+0.1975795748026719j)
starting: 44000
some stuff:
tdelaylist (1+0j)
ESFGt (9.243806208538656e-30-3.125847042926953e-29j)
ESFGw (-1.2476475581835178e-11+3.2505647479252886e-12j)
intensity 1.6622861412458402e-22
data entry 44000 [1.06744576e-23 9.60242199e-24 8.58125014e-24 ... 1.41797321e-23
 1.29649752e-23 1.17959677e-23]
finishing 44000
disp entry 44800 (-0.4888827781028081-0.045534520906651124j)
starting: 44800
some stuff:
tdelaylist (1+0j)
ESFGt (4.128725859975058e-30-5.654579819139026e-29j)
ESFGw (-1.2476460836685632e-11+3.2505803604365724e-12j)
intensity 1.662283476890063e-22
data entry 44800 [1.06745046e-23 9.60232466e-24 8.58120344e-24 ... 1.41797715e-23
 1.29649491e-23 1.17959949e-23]
finishing 44800
disp entry 45600 (-0.25361539080227835-0.20232273765968942j)
starting: 45600
some stuff:
tdelaylist (1+0j)
ESFGt (7.320469498728882e-29+1.3685041285380386e-30j)
ESFGw (-1.2476459101962156e-11+3.2505833962026554e-12j)
intensity 1.6622832413860275e-22
data entry 45600 [1.06744925e-23 9.60243401e-24 8.58114026e-24 ... 1.41797672e-23
 1.29649738e-23 1.17959452e-23]
finishing 45600
disp entry 46400 (-0.08478650724202158+0.024459308621781518j)
starting: 46400
some stuff:
tdelaylist (1+0j)
ESFGt (2.258570696314e-29+4.203755125320247e-29j)
ESFGw (-1.2476465173494322e-11+3.2505734215426685e-12j)
intensity 1.6622841079425636e-22
data entry 46400 [1.06745689e-23 9.60242760e-24 8.58121176e-24 ... 1.41797464e-23
 1.29648507e-23 1.17959406e-23]
finishing 46400
disp entry 47200 (-0.3024676133266657+0.20487057349617535j)
starting: 47200
some stuff:
tdelaylist (1+0j)
ESFGt (-9.242628081080488e-29+8.117996336383252e-29j)
ESFGw (-1.2476452163068252e-11+3.2505751562661445e-12j)
intensity 1.6622809742386514e-22
data entry 47200 [1.06745525e-23 9.60240877e-24 8.58110601e-24 ... 1.41796891e-23
 1.29648735e-23 1.17959982e-23]
finishing 47200
disp entry 48000 (-0.4939715336831175-0.0031186976884791016j)
starting: 48000
some stuff:
tdelaylist (1+0j)
ESFGt (-4.2963952144475344e-29-2.7730327766858405e-29j)
ESFGw (-1.247646604085606e-11+3.2505816614791794e-12j)
intensity 1.6622848600657923e-22
data entry 48000 [1.06744750e-23 9.60237848e-24 8.58113664e-24 ... 1.41797940e-23
 1.29649036e-23 1.17959102e-23]
finishing 48000
disp entry 48800 (-0.2962386836451342-0.2051954367151953j)
starting: 48800
some stuff:
tdelaylist (1+0j)
ESFGt (-6.501670915302032e-29+2.035756249929195e-29j)
ESFGw (-1.2476461270366501e-11+3.2505886003730833e-12j)
intensity 1.6622841207983078e-22
data entry 48800 [1.06744901e-23 9.60235831e-24 8.58109248e-24 ... 1.41797054e-23
 1.29648106e-23 1.17958591e-23]
finishing 48800
disp entry 49600 (-0.08413766264420536-0.01825575304643144j)
starting: 49600
some stuff:
tdelaylist (1+0j)
ESFGt (4.196315468593667e-30-3.4833738190007385e-29j)
ESFGw (-1.2476461270366501e-11+3.2505764573087514e-12j)
intensity 1.6622833313576525e-22
data entry 49600 [1.06745265e-23 9.60235831e-24 8.58112072e-24 ... 1.41797788e-23
 1.29649156e-23 1.17958670e-23]
finishing 49600
disp entry 50400 (-0.25977673273862095+0.20329380234960573j)
starting: 50400
some stuff:
tdelaylist (1+0j)
ESFGt (2.560376407051463e-29-8.266265858711226e-30j)
ESFGw (-1.2476463438770846e-11+3.2505907687774283e-12j)
intensity 1.6622848028504666e-22
data entry 50400 [1.06744996e-23 9.60239770e-24 8.58114162e-24 ... 1.41798237e-23
 1.29649778e-23 1.17959495e-23]
finishing 50400
disp entry 51200 (-0.49017342693266497+0.03943211755333818j)
starting: 51200
some stuff:
tdelaylist (1+0j)
ESFGt (2.2344714446419163e-30-4.752217091447814e-31j)
ESFGw (-1.247646170404737e-11+3.2505899014156903e-12j)
intensity 1.6622843135974628e-22
data entry 51200 [1.06744597e-23 9.60232840e-24 8.58121805e-24 ... 1.41797662e-23
 1.29648387e-23 1.17959469e-23]
finishing 51200
disp entry 52000 (-0.3385339294816315-0.19918630431012985j)
starting: 52000
some stuff:
tdelaylist (1+0j)
ESFGt (5.652171203002327e-29-2.1730735503312357e-29j)
ESFGw (-1.2476472979749964e-11+3.2505734215426685e-12j)
intensity 1.6622860558327053e-22
data entry 52000 [1.06745024e-23 9.60237019e-24 8.58119579e-24 ... 1.41797483e-23
 1.29648776e-23 1.17960760e-23]
finishing 52000
disp entry 52800 (-0.09234150893217033-0.06018061916088426j)
starting: 52800
some stuff:
tdelaylist (1+0j)
ESFGt (-2.448912459203667e-29+9.313970243825114e-30j)
ESFGw (-1.2476467341898667e-11+3.2505768909896204e-12j)
intensity 1.662284874576997e-22
data entry 52800 [1.06745788e-23 9.60241545e-24 8.58125249e-24 ... 1.41798821e-23
 1.29650032e-23 1.17958831e-23]
finishing 52800
disp entry 53600 (-0.21833605126830066+0.19291751149464198j)
starting: 53600
some stuff:
tdelaylist (1+0j)
ESFGt (4.8425140159638557e-29+3.5383792809920994e-29j)
ESFGw (-1.2476473847111702e-11+3.2505768909896204e-12j)
intensity 1.6622864978189807e-22
data entry 53600 [1.06745476e-23 9.60240544e-24 8.58119452e-24 ... 1.41797725e-23
 1.29650313e-23 1.17959347e-23]
finishing 53600
disp entry 54400 (-0.4776528579208011+0.08027612377519103j)
starting: 54400
some stuff:
tdelaylist (1+0j)
ESFGt (7.224495745238482e-30+1.1887000612464308e-29j)
ESFGw (-1.2476460836685632e-11+3.2505877330113453e-12j)
intensity 1.6622839561935418e-22
data entry 54400 [1.06745704e-23 9.60243908e-24 8.58118452e-24 ... 1.41798298e-23
 1.29649718e-23 1.17959704e-23]
finishing 54400
disp entry 55200 (-0.378670389523831-0.18455544418802738j)
starting: 55200
some stuff:
tdelaylist (1+0j)
ESFGt (9.352281203390729e-30-1.904683025055445e-30j)
ESFGw (-1.2476463005089977e-11+3.2505768909896204e-12j)
intensity 1.6622837924161457e-22
data entry 55200 [1.06745485e-23 9.60238167e-24 8.58112316e-24 ... 1.41798129e-23
 1.29648942e-23 1.17959746e-23]
finishing 55200
disp entry 56000 (-0.10904294473902171-0.09950058272420632j)
starting: 56000
some stuff:
tdelaylist (1+0j)
ESFGt (-5.366488384701646e-29-1.875906171030931e-29j)
ESFGw (-1.2476474280792571e-11+3.2505838298835243e-12j)
intensity 1.6622870571437872e-22
data entry 56000 [1.06745763e-23 9.60246887e-24 8.58114538e-24 ... 1.41798245e-23
 1.29650200e-23 1.17959540e-23]
finishing 56000
disp entry 56800 (-0.17993931810585606+0.17419083599995314j)
starting: 56800
some stuff:
tdelaylist (1+0j)
ESFGt (-2.114629701536036e-29+2.0060238036330555e-29j)
ESFGw (-1.247646170404737e-11+3.2505920698200352e-12j)
intensity 1.6622844545693746e-22
data entry 56800 [1.06744903e-23 9.60235604e-24 8.58115524e-24 ... 1.41797006e-23
 1.29649845e-23 1.17958926e-23]
finishing 56800
disp entry 57600 (-0.45695177624218736+0.11764539872088291j)
starting: 57600
some stuff:
tdelaylist (1+0j)
ESFGt (-2.971918145364742e-29+1.8333408623108195e-29j)
ESFGw (-1.2476459101962156e-11+3.2505838298835243e-12j)
intensity 1.6622832695803462e-22
data entry 57600 [1.06745805e-23 9.60244803e-24 8.58116511e-24 ... 1.41798479e-23
 1.29649684e-23 1.17959772e-23]
finishing 57600
disp entry 58400 (-0.4149107674691098-0.16193614934900882j)
starting: 58400
some stuff:
tdelaylist (1+0j)
ESFGt (-2.551008112041511e-29+4.688205499554012e-30j)
ESFGw (-1.2476468642941274e-11+3.2505768909896204e-12j)
intensity 1.6622851992253258e-22
data entry 58400 [1.06744942e-23 9.60238568e-24 8.58108863e-24 ... 1.41798020e-23
 1.29648889e-23 1.17959782e-23]
finishing 58400
disp entry 59200 (-0.13351905273111578-0.1345136892729075j)
starting: 59200
some stuff:
tdelaylist (1+0j)
ESFGt (2.5901437608278443e-29+4.403840438632468e-30j)
ESFGw (-1.2476468209260405e-11+3.2505751562661445e-12j)
intensity 1.662284978232202e-22
data entry 59200 [1.06745156e-23 9.60240410e-24 8.58112795e-24 ... 1.41798211e-23
 1.29650306e-23 1.17959679e-23]
finishing 59200
disp entry 60000 (-0.1462485259254141+0.14792435517579497j)
starting: 60000
some stuff:
tdelaylist (1+0j)
ESFGt (-5.580920672393337e-30-2.304207863295409e-29j)
ESFGw (-1.2476475581835178e-11+3.2505777583513584e-12j)
intensity 1.6622869870721796e-22
data entry 60000 [1.06745573e-23 9.60243775e-24 8.58116760e-24 ... 1.41798776e-23
 1.29649042e-23 1.17959486e-23]
finishing 60000
disp entry 60800 (-0.4289662228686123+0.14992242297972885j)
starting: 60800
some stuff:
tdelaylist (1+0j)
ESFGt (2.615024067370343e-29-3.222728390903646e-29j)
ESFGw (-1.2476468209260405e-11+3.2505716868191925e-12j)
intensity 1.6622847526783613e-22
data entry 60800 [1.06744539e-23 9.60240397e-24 8.58112053e-24 ... 1.41797108e-23
 1.29649504e-23 1.17958987e-23]
finishing 60800
disp entry 61600 (-0.44568640792176867-0.1323074901258889j)
starting: 61600
some stuff:
tdelaylist (1+0j)
ESFGt (4.5641224975987267e-29+6.173854768349235e-29j)
ESFGw (-1.2476469076622143e-11+3.2505812277983104e-12j)
intensity 1.6622855893842339e-22
data entry 61600 [1.06745960e-23 9.60237286e-24 8.58119710e-24 ... 1.41798020e-23
 1.29650200e-23 1.17960017e-23]
finishing 61600
disp entry 62400 (-0.1647103908980596-0.16370440553658375j)
starting: 62400
some stuff:
tdelaylist (1+0j)
ESFGt (-1.9014366293929374e-29+1.4174531427074093e-29j)
ESFGw (-1.2476461270366501e-11+3.2505803604365724e-12j)
intensity 1.6622835851061127e-22
data entry 62400 [1.06744373e-23 9.60236084e-24 8.58115896e-24 ... 1.41798389e-23
 1.29648835e-23 1.17958540e-23]
finishing 62400
disp entry 63200 (-0.11872197196160783+0.1152550068580099j)
starting: 63200
some stuff:
tdelaylist (1+0j)
ESFGt (-5.48275211108272e-29+4.697761422270265e-30j)
ESFGw (-1.2476467341898667e-11+3.2505751562661445e-12j)
intensity 1.6622847617999869e-22
data entry 63200 [1.06745225e-23 9.60239356e-24 8.58119330e-24 ... 1.41798174e-23
 1.29648548e-23 1.17960027e-23]
finishing 63200
disp entry 64000 (-0.3949075452470487+0.17571009389630268j)
starting: 64000
some stuff:
tdelaylist (1+0j)
ESFGt (-5.290664974180952e-31-1.075870358234166e-29j)
ESFGw (-1.2476463438770846e-11+3.2505786257130964e-12j)
intensity 1.662284013409285e-22
data entry 64000 [1.06744858e-23 9.60241959e-24 8.58109465e-24 ... 1.41797320e-23
 1.29648869e-23 1.17960101e-23]
finishing 64000
