Top-level running in PID 232460 (name=__main__)
Running interfere() with b=8300.0, sigma_s=10.0
MID-level running in PID 232460 (name=__main__)
E1_shared element:  0j
E1 element:  (3.0408497129632443e-12-3.979539371706424e-12j)
this thing psm_b4c4fcfa
ill try to just make an array with this now
testfreq element:  0.0
did it
disp entry 0 (-0.08332452033614668+0j)
starting: 0
some stuff:
tdelaylist (1+0j)
ESFGt (-2.9674949905194903e-29-2.051251247356508e-29j)
ESFGw (2.07277446075127e-13-1.6921576986850262e-14j)
intensity 4.325027941914908e-26
data entry 0 [2.61717627e-27 7.11913558e-28 6.34144790e-27 ... 4.53827481e-26
 2.67805092e-26 1.17681361e-26]
finishing 0
disp entry 800 (-0.27796535717647075+0.2050566582042932j)
starting: 800
some stuff:
tdelaylist (1+0j)
ESFGt (-3.4211473459936323e-28-1.7920240997432587e-28j)
ESFGw (6.987275341652222e-13+1.1503627911357839e-12j)
intensity 1.8115547182303225e-24
data entry 800 [7.76009027e-25 3.39692384e-25 1.90394716e-25 ... 3.15742765e-24
 2.28297577e-24 1.45206947e-24]
finishing 800
disp entry 1600 (-0.4928812110671021+0.021359994690023542j)
starting: 1600
some stuff:
tdelaylist (1+0j)
ESFGt (-1.9386176172721582e-28-6.44282754889083e-30j)
ESFGw (5.987580223298927e-13+8.875122858853501e-13j)
intensity 1.146189226901844e-24
data entry 1600 [9.75563731e-25 4.17925260e-25 1.50422095e-25 ... 3.67677016e-24
 2.70951394e-24 1.76988569e-24]
finishing 1600
disp entry 2400 (-0.32062736491562593-0.20283166645248532j)
starting: 2400
some stuff:
tdelaylist (1+0j)
ESFGt (-2.2115158191986064e-28-2.5052486898860346e-28j)
ESFGw (7.470673385467919e-13+6.208228375825797e-13j)
intensity 9.435306039874729e-25
data entry 2400 [8.18822504e-25 2.83754028e-25 2.26007691e-26 ... 3.34517257e-24
 2.44954057e-24 1.57066220e-24]
finishing 2400
disp entry 3200 (-0.08776846410639105-0.04248822020746742j)
starting: 3200
some stuff:
tdelaylist (1+0j)
ESFGt (-2.8828730753125518e-28-4.8635483683011985e-28j)
ESFGw (3.4415872929294267e-13-8.461937747727966e-14j)
intensity 1.2560566999317534e-25
data entry 3200 [1.22072269e-25 2.95824166e-26 2.90463804e-26 ... 6.01769555e-25
 4.47701135e-25 2.74535553e-25]
finishing 3200
disp entry 4000 (-0.23576625864575806+0.19840582548751706j)
starting: 4000
some stuff:
tdelaylist (1+0j)
ESFGt (1.918819911322954e-28-7.006697725697789e-29j)
ESFGw (8.360681938435199e-13-7.892514766738579e-14j)
intensity 7.052392036910844e-25
data entry 4000 [4.36239531e-25 5.31010145e-25 7.09498236e-25 ... 4.90764353e-25
 4.40175048e-25 4.13108758e-25]
finishing 4000
disp entry 4800 (-0.4840415430690601+0.06315542221883048j)
starting: 4800
some stuff:
tdelaylist (1+0j)
ESFGt (-9.45161608431876e-29-2.6352073345262217e-28j)
ESFGw (8.372894391706076e-13+1.9872124779052314e-14j)
intensity 7.014485062898649e-25
data entry 4800 [1.56125212e-25 1.75650707e-25 2.53860143e-25 ... 4.32344309e-25
 2.94089835e-25 1.97586073e-25]
finishing 4800
disp entry 5600 (-0.3619056678810876-0.1918271584251852j)
starting: 5600
some stuff:
tdelaylist (1+0j)
ESFGt (1.2208600481979223e-28+1.5465776349271568e-28j)
ESFGw (1.2983568213609242e-12-7.702224275041303e-13j)
intensity 2.2789730234047978e-24
data entry 5600 [2.41165522e-25 1.16776911e-25 2.10858352e-25 ... 1.68840582e-24
 1.08182123e-24 5.76522996e-25]
finishing 5600
disp entry 6400 (-0.10090794045923898-0.08313734878120543j)
starting: 6400
some stuff:
tdelaylist (1+0j)
ESFGt (-5.625123087393861e-28+5.933219630122913e-28j)
ESFGw (1.36127220606852e-13+1.5079344023449792e-13j)
intensity 4.126928180790165e-26
data entry 6400 [8.13516613e-25 4.11009814e-25 1.93073912e-25 ... 2.59873173e-24
 1.97632877e-24 1.35644773e-24]
finishing 6400
disp entry 7200 (-0.19585664640014067+0.18316704787788468j)
starting: 7200
some stuff:
tdelaylist (1+0j)
ESFGt (6.098328765422462e-28-5.118521769083257e-28j)
ESFGw (1.8177347647918563e-12+3.151797399458811e-13j)
intensity 3.4034979436052575e-24
data entry 7200 [1.32368184e-25 4.12094481e-25 8.18775206e-25 ... 2.53130682e-25
 5.46658246e-26 1.01396966e-26]
finishing 7200
disp entry 8000 (-0.46674482981831067+0.10221718361476176j)
starting: 8000
some stuff:
tdelaylist (1+0j)
ESFGt (-8.206263202844124e-28+6.413777171436812e-29j)
ESFGw (3.3852174535775603e-13+3.301013976053646e-13j)
intensity 2.2356390478107643e-25
data entry 8000 [4.57008682e-25 4.75084293e-25 8.12116022e-25 ... 1.95607834e-24
 1.27232455e-24 7.42172361e-25]
finishing 8000
disp entry 8800 (-0.4000135453943324-0.17251946140905j)
starting: 8800
some stuff:
tdelaylist (1+0j)
ESFGt (-1.1682042912683749e-27-8.746952868972924e-28j)
ESFGw (1.945733938552019e-12+5.576804209400654e-13j)
intensity 4.096888011533041e-24
data entry 8800 [9.79011366e-25 9.33285331e-25 1.29069327e-24 ... 3.13118359e-24
 2.17161920e-24 1.41519526e-24]
finishing 8800
disp entry 9600 (-0.12217421055568767-0.12018789869367334j)
starting: 9600
some stuff:
tdelaylist (1+0j)
ESFGt (-1.1523079786590977e-29-1.0010977653718634e-28j)
ESFGw (1.530163148966146e-12+3.2798069815598296e-13j)
intensity 2.448970600816878e-24
data entry 9600 [2.15105630e-25 4.78451033e-25 8.15824836e-25 ... 1.77758485e-25
 5.24758403e-26 6.55799486e-26]
finishing 9600
disp entry 10400 (-0.1599639976939711+0.15999993192688947j)
starting: 10400
some stuff:
tdelaylist (1+0j)
ESFGt (6.86815855063982e-29-1.5347870955692e-28j)
ESFGw (9.948305200457863e-13-7.961773601516953e-14j)
intensity 9.96026747502751e-25
data entry 10400 [5.31892978e-26 9.30317758e-27 1.38072346e-25 ... 1.03349390e-24
 6.07191871e-25 2.63071394e-25]
finishing 10400
disp entry 11200 (-0.44173975507885027+0.13685450062843046j)
starting: 11200
some stuff:
tdelaylist (1+0j)
ESFGt (-9.52701100011221e-28+3.4502832251451475e-28j)
ESFGw (9.948305200457863e-13-7.961383288734858e-14j)
intensity 9.960261260015845e-25
data entry 11200 [5.31893897e-26 9.30330986e-27 1.38072186e-25 ... 1.03348998e-24
 6.07189475e-25 2.63070396e-25]
finishing 11200
disp entry 12000 (-0.43330150782337373-0.14574430408077105j)
starting: 12000
some stuff:
tdelaylist (1+0j)
ESFGt (-9.676054289245624e-29+1.8135444418822372e-28j)
ESFGw (9.948287853223103e-13-7.96120981638726e-14j)
intensity 9.960223982799177e-25
data entry 12000 [5.31887259e-26 9.30398881e-27 1.38072267e-25 ... 1.03350160e-24
 6.07187711e-25 2.63069567e-25]
finishing 12000
disp entry 12800 (-0.15064676938931237-0.1520361464648941j)
starting: 12800
some stuff:
tdelaylist (1+0j)
ESFGt (1.1864739984420188e-28+7.164660468482192e-29j)
ESFGw (9.948326884501313e-13-7.961730233430053e-14j)
intensity 9.960309928399076e-25
data entry 12800 [5.31897414e-26 9.30294063e-27 1.38072026e-25 ... 1.03348956e-24
 6.07190947e-25 2.63070487e-25]
finishing 12800
disp entry 13600 (-0.12964191655268456+0.12990726026263566j)
starting: 13600
some stuff:
tdelaylist (1+0j)
ESFGt (-3.9226599511403173e-29-1.3797646541382096e-27j)
ESFGw (9.948300863649173e-13-7.961383288734858e-14j)
intensity 9.960252631238435e-25
data entry 13600 [5.31894593e-26 9.30417566e-27 1.38072546e-25 ... 1.03348501e-24
 6.07188171e-25 2.63067797e-25]
finishing 13600
disp entry 14400 (-0.41010865705005745+0.16556810594236218j)
starting: 14400
some stuff:
tdelaylist (1+0j)
ESFGt (-1.9937761568398606e-28-6.503643878185989e-28j)
ESFGw (9.948305200457863e-13-7.961730233430053e-14j)
intensity 9.960266784455609e-25
data entry 14400 [5.31905856e-26 9.30347389e-27 1.38071587e-25 ... 1.03350157e-24
 6.07193451e-25 2.63073746e-25]
finishing 14400
disp entry 15200 (-0.4603286943152921-0.11266064220723578j)
starting: 15200
some stuff:
tdelaylist (1+0j)
ESFGt (2.0004025501508131e-28-2.025814018391861e-28j)
ESFGw (9.948313874075243e-13-7.961816969603852e-14j)
intensity 9.960285423169267e-25
data entry 15200 [5.31897075e-26 9.30348763e-27 1.38071747e-25 ... 1.03348595e-24
 6.07179642e-25 2.63072768e-25]
finishing 15200
disp entry 16000 (-0.18509318960763632-0.17730354891892558j)
starting: 16000
some stuff:
tdelaylist (1+0j)
ESFGt (6.36421362574795e-28+1.091205080674287e-27j)
ESFGw (9.948266169179654e-13-7.96194707386455e-14j)
intensity 9.96019257849146e-25
data entry 16000 [5.31899557e-26 9.30386578e-27 1.38074346e-25 ... 1.03349437e-24
 6.07192577e-25 2.63070942e-25]
finishing 16000
disp entry 16800 (-0.10620288642397324+0.09419158640287606j)
starting: 16800
some stuff:
tdelaylist (1+0j)
ESFGt (3.6283386750006415e-28-1.0596753390626895e-27j)
ESFGw (9.948352905353453e-13-7.961643497256254e-14j)
intensity 9.96036032012285e-25
data entry 16800 [5.31882654e-26 9.30429409e-27 1.38070707e-25 ... 1.03349194e-24
 6.07189348e-25 2.63066918e-25]
finishing 16800
disp entry 17600 (-0.37322067963738087+0.18711513856946j)
starting: 17600
some stuff:
tdelaylist (1+0j)
ESFGt (4.131791368686071e-28+4.675259671182531e-28j)
ESFGw (9.948326884501313e-13-7.961686865343154e-14j)
intensity 9.96030923783094e-25
data entry 17600 [5.31911009e-26 9.30426231e-27 1.38072186e-25 ... 1.03350001e-24
 6.07184286e-25 2.63074379e-25]
finishing 17600
disp entry 18400 (-0.47992524008597015-0.074700493544606j)
starting: 18400
some stuff:
tdelaylist (1+0j)
ESFGt (4.672110978848881e-28-2.210326644914727e-28j)
ESFGw (9.948274842797034e-13-7.961816969603852e-14j)
intensity 9.960207764240308e-25
data entry 18400 [5.31906045e-26 9.30423505e-27 1.38073066e-25 ... 1.03349024e-24
 6.07186397e-25 2.63072715e-25]
finishing 18400
disp entry 19200 (-0.22402246681164956-0.19489641306904357j)
starting: 19200
some stuff:
tdelaylist (1+0j)
ESFGt (-1.3345320677680315e-27+2.1517776027287445e-27j)
ESFGw (9.948322547692623e-13-7.961816969603852e-14j)
intensity 9.96030268075042e-25
data entry 19200 [5.31896717e-26 9.30424413e-27 1.38073625e-25 ... 1.03349266e-24
 6.07187334e-25 2.63067634e-25]
finishing 19200
disp entry 20000 (-0.09066145967086797+0.05439885406254672j)
starting: 20000
some stuff:
tdelaylist (1+0j)
ESFGt (-3.4154506088469485e-28+1.5701921230733116e-28j)
ESFGw (9.948279179605723e-13-7.961730233430053e-14j)
intensity 9.960215011847587e-25
data entry 20000 [5.31882126e-26 9.30397509e-27 1.38072426e-25 ... 1.03349240e-24
 6.07184223e-25 2.63069040e-25]
finishing 20000
disp entry 20800 (-0.33267250941214777+0.2005629407697033j)
starting: 20800
some stuff:
tdelaylist (1+0j)
ESFGt (-1.4745027777139462e-27+1.4900962177150052e-27j)
ESFGw (9.948296526840483e-13-7.961513392995556e-14j)
intensity 9.960246074101488e-25
data entry 20800 [5.31903016e-26 9.30430357e-27 1.38071308e-25 ... 1.03346954e-24
 6.07181091e-25 2.63071699e-25]
finishing 20800
disp entry 21600 (-0.49124291371500883-0.03350695331973686j)
starting: 21600
some stuff:
tdelaylist (1+0j)
ESFGt (2.766450194519541e-28-2.5150748809468746e-27j)
ESFGw (9.948287853223103e-13-7.962207282385947e-14j)
intensity 9.960239865866314e-25
data entry 21600 [5.31888933e-26 9.30426231e-27 1.38073426e-25 ... 1.03348273e-24
 6.07192730e-25 2.63066497e-25]
finishing 21600
disp entry 22400 (-0.26574955729597927-0.20405323633608952j)
starting: 22400
some stuff:
tdelaylist (1+0j)
ESFGt (-2.0289392079854994e-27+8.968495328907428e-28j)
ESFGw (9.948326884501313e-13-7.961860337690752e-14j)
intensity 9.960312000126053e-25
data entry 22400 [5.31880941e-26 9.30445383e-27 1.38072987e-25 ... 1.03349787e-24
 6.07191419e-25 2.63070673e-25]
finishing 22400
disp entry 23200 (-0.08369034293483901+0.012251481379495556j)
starting: 23200
some stuff:
tdelaylist (1+0j)
ESFGt (5.053488619936444e-29-7.792219825413595e-28j)
ESFGw (9.948287853223103e-13-7.961513392995556e-14j)
intensity 9.960228816565482e-25
data entry 23200 [5.31898880e-26 9.30300909e-27 1.38068588e-25 ... 1.03350311e-24
 6.07189501e-25 2.63071143e-25]
finishing 23200
disp entry 24000 (-0.29021926344586946+0.20532942789944855j)
starting: 24000
some stuff:
tdelaylist (1+0j)
ESFGt (-1.4300813385874456e-27+1.6450657326539092e-27j)
ESFGw (9.948287853223103e-13-7.96194707386455e-14j)
intensity 9.96023572226565e-25
data entry 24000 [5.31907530e-26 9.30380195e-27 1.38069468e-25 ... 1.03348723e-24
 6.07192501e-25 2.63071503e-25]
finishing 24000
disp entry 24800 (-0.4937918326235938+0.009136926722173132j)
starting: 24800
some stuff:
tdelaylist (1+0j)
ESFGt (-4.083686840943076e-28+1.4411963691140752e-27j)
ESFGw (9.948292190031793e-13-7.961686865343154e-14j)
intensity 9.960240207566533e-25
data entry 24800 [5.31894593e-26 9.30409813e-27 1.38072307e-25 ... 1.03349233e-24
 6.07192782e-25 2.63075232e-25]
finishing 24800
disp entry 25600 (-0.3084683147303033-0.2043776679908563j)
starting: 25600
some stuff:
tdelaylist (1+0j)
ESFGt (2.068522421261812e-27+8.100619500864256e-28j)
ESFGw (9.948313874075243e-13-7.961643497256254e-14j)
intensity 9.9602826608892e-25
data entry 25600 [5.31908507e-26 9.30351955e-27 1.38072627e-25 ... 1.03348986e-24
 6.07189569e-25 2.63072120e-25]
finishing 25600
disp entry 26400 (-0.08559127920263429-0.030426193509574158j)
starting: 26400
some stuff:
tdelaylist (1+0j)
ESFGt (-1.569416870254933e-27+3.172191717388631e-28j)
ESFGw (9.948296526840483e-13-7.961860337690752e-14j)
intensity 9.960251598631537e-25
data entry 26400 [5.31904521e-26 9.30447200e-27 1.38071347e-25 ... 1.03349394e-24
 6.07189033e-25 2.63069907e-25]
finishing 26400
disp entry 27200 (-0.24769851952128205+0.20120828379483222j)
starting: 27200
some stuff:
tdelaylist (1+0j)
ESFGt (-8.18807141025724e-30-1.449977707821215e-28j)
ESFGw (9.948287853223103e-13-7.961600129169355e-14j)
intensity 9.960230197675426e-25
data entry 27200 [5.31900554e-26 9.30426231e-27 1.38073945e-25 ... 1.03348771e-24
 6.07190211e-25 2.63069214e-25]
finishing 27200
disp entry 28000 (-0.48746166751534703+0.051385317251679545j)
starting: 28000
some stuff:
tdelaylist (1+0j)
ESFGt (1.744215458410457e-27+4.517370155113416e-28j)
ESFGw (9.948313874075243e-13-7.961773601516953e-14j)
intensity 9.960284732593611e-25
data entry 28000 [5.31911386e-26 9.30385668e-27 1.38069787e-25 ... 1.03348433e-24
 6.07190109e-25 2.63068512e-25]
finishing 28000
disp entry 28800 (-0.3503296687365974-0.19585566509299235j)
starting: 28800
some stuff:
tdelaylist (1+0j)
ESFGt (1.3658256207791815e-27+1.064567749654117e-28j)
ESFGw (9.948287853223103e-13-7.961773601516953e-14j)
intensity 9.960232959940445e-25
data entry 28800 [5.31888256e-26 9.30453119e-27 1.38075505e-25 ... 1.03349212e-24
 6.07184948e-25 2.63067690e-25]
finishing 28800
disp entry 29600 (-0.09628198693905932-0.07178687847399047j)
starting: 29600
some stuff:
tdelaylist (1+0j)
ESFGt (1.2648869158124902e-29+6.419562224884666e-28j)
ESFGw (9.948305200457863e-13-7.961686865343154e-14j)
intensity 9.96026609388747e-25
data entry 29600 [5.31893916e-26 9.30370175e-27 1.38074105e-25 ... 1.03348711e-24
 6.07190208e-25 2.63067213e-25]
finishing 29600
disp entry 30400 (-0.20695077705280712+0.18837789111361647j)
starting: 30400
some stuff:
tdelaylist (1+0j)
ESFGt (-9.917652691489903e-28+1.0176241698484921e-27j)
ESFGw (9.948283516414413e-13-7.961903705777651e-14j)
intensity 9.960226402916347e-25
data entry 30400 [5.31889780e-26 9.30345571e-27 1.38070308e-25 ... 1.03348961e-24
 6.07194424e-25 2.63072973e-25]
finishing 30400
disp entry 31200 (-0.472526417951415+0.0914095076006959j)
starting: 31200
some stuff:
tdelaylist (1+0j)
ESFGt (-4.729360448271216e-28-7.294161877793355e-28j)
ESFGw (9.948279179605723e-13-7.961686865343154e-14j)
intensity 9.96021432127945e-25
data entry 31200 [5.31891734e-26 9.30414838e-27 1.38073226e-25 ... 1.03348843e-24
 6.07194782e-25 2.63068501e-25]
finishing 31200
disp entry 32000 (-0.38952166142267697-0.17885610033604898j)
starting: 32000
some stuff:
tdelaylist (1+0j)
ESFGt (3.817285109544922e-27-9.768589891031056e-29j)
ESFGw (9.948279179605723e-13-7.961730233430053e-14j)
intensity 9.960215011847587e-25
data entry 32000 [5.31902358e-26 9.30324161e-27 1.38071987e-25 ... 1.03350151e-24
 6.07192017e-25 2.63071787e-25]
finishing 32000
disp entry 32800 (-0.11529972162196883-0.11004028695169102j)
starting: 32800
some stuff:
tdelaylist (1+0j)
ESFGt (7.327290111918455e-28+1.2157388279132259e-27j)
ESFGw (9.948283516414413e-13-7.961339920647958e-14j)
intensity 9.960217425628376e-25
data entry 32800 [5.31894893e-26 9.30365611e-27 1.38071466e-25 ... 1.03347286e-24
 6.07183943e-25 2.63068930e-25]
finishing 32800
disp entry 33600 (-0.16973979154494+0.16739361008793785j)
starting: 33600
some stuff:
tdelaylist (1+0j)
ESFGt (-1.98828235553327e-27-7.607807873869306e-29j)
ESFGw (9.948292190031793e-13-7.961686865343154e-14j)
intensity 9.960240207566533e-25
data entry 33600 [5.31894893e-26 9.30433971e-27 1.38072347e-25 ... 1.03348628e-24
 6.07187123e-25 2.63068948e-25]
finishing 33600
disp entry 34400 (-0.4496325523502561+0.12747706103127154j)
starting: 34400
some stuff:
tdelaylist (1+0j)
ESFGt (6.705421380503507e-28+9.430138604700493e-29j)
ESFGw (9.948361578970832e-13-7.961773601516953e-14j)
intensity 9.960379649476116e-25
data entry 34400 [5.31892939e-26 9.30294972e-27 1.38069828e-25 ... 1.03349572e-24
 6.07190049e-25 2.63070771e-25]
finishing 34400
disp entry 35200 (-0.4243478775114139-0.15411479548824286j)
starting: 35200
some stuff:
tdelaylist (1+0j)
ESFGt (-1.2995751862944647e-27+3.912259571149948e-28j)
ESFGw (9.948331221310003e-13-7.961773601516953e-14j)
intensity 9.96031924777095e-25
data entry 35200 [5.31884758e-26 9.30513279e-27 1.38075624e-25 ... 1.03348559e-24
 6.07183005e-25 2.63067125e-25]
finishing 35200
disp entry 36000 (-0.14182130551934682-0.1435306300404952j)
starting: 36000
some stuff:
tdelaylist (1+0j)
ESFGt (1.2568558733323051e-27-1.1684529897618224e-27j)
ESFGw (9.948348568544763e-13-7.961730233430053e-14j)
intensity 9.960353072436575e-25
data entry 36000 [5.31899088e-26 9.30370175e-27 1.38071546e-25 ... 1.03349773e-24
 6.07192870e-25 2.63068229e-25]
finishing 36000
disp entry 36800 (-0.13767623089095254+0.13916373990015324j)
starting: 36800
some stuff:
tdelaylist (1+0j)
ESFGt (3.383287699334382e-27-2.7400143599701413e-27j)
ESFGw (9.948344231736073e-13-7.962163914299047e-14j)
intensity 9.960351349509807e-25
data entry 36800 [5.31893239e-26 9.30335087e-27 1.38069828e-25 ... 1.03349004e-24
 6.07194600e-25 2.63076267e-25]
finishing 36800
disp entry 37600 (-0.4197710257691817+0.15802680281216688j)
starting: 37600
some stuff:
tdelaylist (1+0j)
ESFGt (8.284912603346908e-28-1.2265534751525142e-27j)
ESFGw (9.948261832370964e-13-7.961730233430053e-14j)
intensity 9.9601804968508e-25
data entry 37600 [5.31897733e-26 9.30447646e-27 1.38070747e-25 ... 1.03348466e-24
 6.07189851e-25 2.63071829e-25]
finishing 37600
disp entry 38400 (-0.45330087323767376-0.12270267153734568j)
starting: 38400
some stuff:
tdelaylist (1+0j)
ESFGt (2.6101523136000833e-27-1.9948431733746444e-27j)
ESFGw (9.948309537266553e-13-7.961860337690752e-14j)
intensity 9.960277484963759e-25
data entry 38400 [5.31892939e-26 9.30365611e-27 1.38071627e-25 ... 1.03349219e-24
 6.07182646e-25 2.63066823e-25]
finishing 38400
disp entry 39200 (-0.17469875872474322-0.17080828689291422j)
starting: 39200
some stuff:
tdelaylist (1+0j)
ESFGt (-1.5417618151277702e-27+5.032752958832854e-27j)
ESFGw (9.948305200457863e-13-7.961643497256254e-14j)
intensity 9.9602654033231e-25
data entry 39200 [5.31907191e-26 9.30355128e-27 1.38071267e-25 ... 1.03350218e-24
 6.07197090e-25 2.63072655e-25]
finishing 39200
disp entry 40000 (-0.11214795802928271+0.10491020318740657j)
starting: 40000
some stuff:
tdelaylist (1+0j)
ESFGt (9.668285907874825e-29+1.7107816853738326e-27j)
ESFGw (9.948283516414413e-13-7.961816969603852e-14j)
intensity 9.96022502175374e-25
data entry 40000 [5.31897564e-26 9.30323230e-27 1.38072186e-25 ... 1.03348843e-24
 6.07196844e-25 2.63076426e-25]
finishing 40000
disp entry 40800 (-0.3842343866707455+0.1817363952637222j)
starting: 40800
some stuff:
tdelaylist (1+0j)
ESFGt (-4.624286314681722e-28+2.1933385538411067e-28j)
ESFGw (9.948292190031793e-13-7.961816969603852e-14j)
intensity 9.960242279282231e-25
data entry 40800 [5.31886282e-26 9.30418939e-27 1.38072027e-25 ... 1.03348392e-24
 6.07194580e-25 2.63074808e-25]
finishing 40800
disp entry 41600 (-0.47512742566221566-0.0859793941524216j)
starting: 41600
some stuff:
tdelaylist (1+0j)
ESFGt (-3.1946286099643013e-27+3.4600037746227186e-27j)
ESFGw (9.948292190031793e-13-7.961860337690752e-14j)
intensity 9.96024296986165e-25
data entry 41600 [5.31905875e-26 9.30449018e-27 1.38071107e-25 ... 1.03348528e-24
 6.07194447e-25 2.63072510e-25]
finishing 41600
disp entry 42400 (-0.21250898917091932-0.19069255117999337j)
starting: 42400
some stuff:
tdelaylist (1+0j)
ESFGt (-2.4285468578276483e-28+2.8345919770333183e-29j)
ESFGw (9.948300863649173e-13-7.961600129169355e-14j)
intensity 9.960256083985074e-25
data entry 42400 [5.31888575e-26 9.30371993e-27 1.38074145e-25 ... 1.03348742e-24
 6.07190337e-25 2.63063313e-25]
finishing 42400
disp entry 43200 (-0.09425995765484863+0.0661156554360073j)
starting: 43200
some stuff:
tdelaylist (1+0j)
ESFGt (-4.2109405480094225e-28-7.443344178067511e-28j)
ESFGw (9.948287853223103e-13-7.961730233430053e-14j)
intensity 9.960232269368545e-25
data entry 43200 [5.31910859e-26 9.30394780e-27 1.38071186e-25 ... 1.03348619e-24
 6.07189195e-25 2.63066614e-25]
finishing 43200
disp entry 44000 (-0.3445608292964949+0.1975795748026719j)
starting: 44000
some stuff:
tdelaylist (1+0j)
ESFGt (4.046680475100659e-28+3.333339844481389e-27j)
ESFGw (9.948296526840483e-13-7.961556761082456e-14j)
intensity 9.960246764654582e-25
data entry 44000 [5.31891904e-26 9.30315938e-27 1.38073625e-25 ... 1.03348576e-24
 6.07188417e-25 2.63068820e-25]
finishing 44000
disp entry 44800 (-0.4888827781028081-0.045534520906651124j)
starting: 44800
some stuff:
tdelaylist (1+0j)
ESFGt (-2.122040894748366e-27+3.044275230213986e-27j)
ESFGw (9.948300863649173e-13-7.961600129169355e-14j)
intensity 9.960256083985074e-25
data entry 44800 [5.31897395e-26 9.30411203e-27 1.38070747e-25 ... 1.03349154e-24
 6.07193055e-25 2.63073955e-25]
finishing 44800
disp entry 45600 (-0.25361539080227835-0.20232273765968942j)
starting: 45600
some stuff:
tdelaylist (1+0j)
ESFGt (-1.4921390489739094e-27-1.492766468613463e-28j)
ESFGw (9.948274842797034e-13-7.961513392995556e-14j)
intensity 9.96020293028968e-25
data entry 45600 [5.31905367e-26 9.30383850e-27 1.38072627e-25 ... 1.03348321e-24
 6.07185649e-25 2.63072117e-25]
finishing 45600
disp entry 46400 (-0.08478650724202158+0.024459308621781518j)
starting: 46400
some stuff:
tdelaylist (1+0j)
ESFGt (-2.1914334816804013e-27+1.257867401549634e-27j)
ESFGw (9.948253158753584e-13-7.961600129169355e-14j)
intensity 9.960161167681857e-25
data entry 46400 [5.31900065e-26 9.30315938e-27 1.38070148e-25 ... 1.03349142e-24
 6.07192899e-25 2.63067623e-25]
finishing 46400
disp entry 47200 (-0.3024676133266657+0.20487057349617535j)
starting: 47200
some stuff:
tdelaylist (1+0j)
ESFGt (1.5885920646766764e-27+1.705294720178149e-27j)
ESFGw (9.948279179605723e-13-7.961470024908657e-14j)
intensity 9.960210868495192e-25
data entry 47200 [5.31889083e-26 9.30453119e-27 1.38073267e-25 ... 1.03348706e-24
 6.07188536e-25 2.63071756e-25]
finishing 47200
disp entry 48000 (-0.4939715336831175-0.0031186976884791016j)
starting: 48000
some stuff:
tdelaylist (1+0j)
ESFGt (9.960565517717518e-28-5.239907771342954e-28j)
ESFGw (9.948296526840483e-13-7.961773601516953e-14j)
intensity 9.96025021747645e-25
data entry 48000 [5.31887259e-26 9.30363792e-27 1.38069268e-25 ... 1.03349057e-24
 6.07197245e-25 2.63069949e-25]
finishing 48000
disp entry 48800 (-0.2962386836451342-0.2051954367151953j)
starting: 48800
some stuff:
tdelaylist (1+0j)
ESFGt (3.0702909805101418e-27-2.6058833189144507e-28j)
ESFGw (9.948326884501313e-13-7.961730233430053e-14j)
intensity 9.960309928399076e-25
data entry 48800 [5.31891773e-26 9.30413465e-27 1.38071347e-25 ... 1.03348858e-24
 6.07187126e-25 2.63065799e-25]
finishing 48800
disp entry 49600 (-0.08413766264420536-0.01825575304643144j)
starting: 49600
some stuff:
tdelaylist (1+0j)
ESFGt (-1.289493115880287e-29-1.710485787772934e-27j)
ESFGw (9.948279179605723e-13-7.96125318447416e-14j)
intensity 9.960207415804976e-25
data entry 49600 [5.31903374e-26 9.30390234e-27 1.38070987e-25 ... 1.03349117e-24
 6.07190975e-25 2.63074546e-25]
finishing 49600
disp entry 50400 (-0.25977673273862095+0.20329380234960573j)
starting: 50400
some stuff:
tdelaylist (1+0j)
ESFGt (1.6873221237155738e-27-7.774723168464035e-28j)
ESFGw (9.948287853223103e-13-7.961860337690752e-14j)
intensity 9.960234341095527e-25
data entry 50400 [5.31908846e-26 9.30392961e-27 1.38069988e-25 ... 1.03349976e-24
 6.07187904e-25 2.63074724e-25]
finishing 50400
disp entry 51200 (-0.49017342693266497+0.03943211755333818j)
starting: 51200
some stuff:
tdelaylist (1+0j)
ESFGt (-4.8050064072931854e-27-5.281794889976144e-27j)
ESFGw (9.948313874075243e-13-7.962294018559746e-14j)
intensity 9.960293019749786e-25
data entry 51200 [5.31885474e-26 9.30392961e-27 1.38069188e-25 ... 1.03349670e-24
 6.07190827e-25 2.63071249e-25]
finishing 51200
disp entry 52000 (-0.3385339294816315-0.19918630431012985j)
starting: 52000
some stuff:
tdelaylist (1+0j)
ESFGt (3.369718894503914e-28+1.2370624418567185e-27j)
ESFGw (9.948283516414413e-13-7.961643497256254e-14j)
intensity 9.960222259473676e-25
data entry 52000 [5.31880433e-26 9.30401627e-27 1.38075065e-25 ... 1.03349800e-24
 6.07194673e-25 2.63071139e-25]
finishing 52000
disp entry 52800 (-0.09234150893217033-0.06018061916088426j)
starting: 52800
some stuff:
tdelaylist (1+0j)
ESFGt (-5.8565675619125725e-28+3.6540491979382956e-27j)
ESFGw (9.948274842797034e-13-7.961730233430053e-14j)
intensity 9.96020638309275e-25
data entry 52800 [5.31899238e-26 9.30339187e-27 1.38071146e-25 ... 1.03349480e-24
 6.07193157e-25 2.63070002e-25]
finishing 52800
disp entry 53600 (-0.21833605126830066+0.19291751149464198j)
starting: 53600
some stuff:
tdelaylist (1+0j)
ESFGt (-1.3313326047989351e-28+1.9565022256315858e-27j)
ESFGw (9.948318210883933e-13-7.961860337690752e-14j)
intensity 9.960294742537385e-25
data entry 53600 [5.31882107e-26 9.30380659e-27 1.38072986e-25 ... 1.03348001e-24
 6.07192392e-25 2.63064939e-25]
finishing 53600
disp entry 54400 (-0.4776528579208011+0.08027612377519103j)
starting: 54400
some stuff:
tdelaylist (1+0j)
ESFGt (-3.0812217685661218e-27+5.132584468115534e-27j)
ESFGw (9.948279179605723e-13-7.961513392995556e-14j)
intensity 9.96021155904452e-25
data entry 54400 [5.31892939e-26 9.30336443e-27 1.38070907e-25 ... 1.03348513e-24
 6.07192737e-25 2.63073008e-25]
finishing 54400
disp entry 55200 (-0.378670389523831-0.18455544418802738j)
starting: 55200
some stuff:
tdelaylist (1+0j)
ESFGt (-1.911384886420274e-27+1.826900122157777e-27j)
ESFGw (9.948309537266553e-13-7.961686865343154e-14j)
intensity 9.960274722668644e-25
data entry 55200 [5.31913190e-26 9.30356499e-27 1.38069789e-25 ... 1.03350120e-24
 6.07197838e-25 2.63074390e-25]
finishing 55200
disp entry 56000 (-0.10904294473902171-0.09950058272420632j)
starting: 56000
some stuff:
tdelaylist (1+0j)
ESFGt (-9.671957650055608e-28-2.3005864043430963e-27j)
ESFGw (9.948274842797034e-13-7.961513392995556e-14j)
intensity 9.96020293028968e-25
data entry 56000 [5.31894386e-26 9.30357873e-27 1.38071506e-25 ... 1.03347873e-24
 6.07189469e-25 2.63067786e-25]
finishing 56000
disp entry 56800 (-0.17993931810585606+0.17419083599995314j)
starting: 56800
some stuff:
tdelaylist (1+0j)
ESFGt (-1.0737996813008423e-27-2.3868743025544722e-27j)
ESFGw (9.948266169179654e-13-7.96199044195145e-14j)
intensity 9.960193269082167e-25
data entry 56800 [5.31898222e-26 9.30453119e-27 1.38074505e-25 ... 1.03349491e-24
 6.07193204e-25 2.63067910e-25]
finishing 56800
disp entry 57600 (-0.45695177624218736+0.11764539872088291j)
starting: 57600
some stuff:
tdelaylist (1+0j)
ESFGt (6.652693686140875e-28-3.177375819756209e-27j)
ESFGw (9.948309537266553e-13-7.961816969603852e-14j)
intensity 9.96027679438434e-25
data entry 57600 [5.31890230e-26 9.30430332e-27 1.38073666e-25 ... 1.03347910e-24
 6.07188654e-25 2.63070661e-25]
finishing 57600
disp entry 58400 (-0.4149107674691098-0.16193614934900882j)
starting: 58400
some stuff:
tdelaylist (1+0j)
ESFGt (-2.1441418329193624e-27-1.7372713295407145e-29j)
ESFGw (9.948339894927383e-13-7.961816969603852e-14j)
intensity 9.960337195957847e-25
data entry 58400 [5.31912194e-26 9.30419404e-27 1.38071147e-25 ... 1.03348465e-24
 6.07188319e-25 2.63072014e-25]
finishing 58400
disp entry 59200 (-0.13351905273111578-0.1345136892729075j)
starting: 59200
some stuff:
tdelaylist (1+0j)
ESFGt (8.311195284053892e-28-1.919237939683598e-27j)
ESFGw (9.948257495562274e-13-7.961426656821757e-14j)
intensity 9.960167034213048e-25
data entry 59200 [5.31886902e-26 9.30392961e-27 1.38074664e-25 ... 1.03349889e-24
 6.07194072e-25 2.63072950e-25]
finishing 59200
disp entry 60000 (-0.1462485259254141+0.14792435517579497j)
starting: 60000
some stuff:
tdelaylist (1+0j)
ESFGt (1.934090820876746e-27-2.958097179128508e-27j)
ESFGw (9.948283516414413e-13-7.961686865343154e-14j)
intensity 9.960222950038049e-25
data entry 60000 [5.31886921e-26 9.30416657e-27 1.38072306e-25 ... 1.03348307e-24
 6.07183664e-25 2.63073947e-25]
finishing 60000
disp entry 60800 (-0.4289662228686123+0.14992242297972885j)
starting: 60800
some stuff:
tdelaylist (1+0j)
ESFGt (5.994418664643672e-27+7.238590938131961e-28j)
ESFGw (9.948335558118693e-13-7.961470024908657e-14j)
intensity 9.960323042650395e-25
data entry 60800 [5.31889422e-26 9.30418476e-27 1.38073066e-25 ... 1.03347991e-24
 6.07190537e-25 2.63062082e-25]
finishing 60800
disp entry 61600 (-0.44568640792176867-0.1323074901258889j)
starting: 61600
some stuff:
tdelaylist (1+0j)
ESFGt (4.875068348168127e-27-2.76642147728659e-27j)
ESFGw (9.948318210883933e-13-7.962120546212148e-14j)
intensity 9.960298886092902e-25
data entry 61600 [5.31910839e-26 9.30421221e-27 1.38072186e-25 ... 1.03349631e-24
 6.07181263e-25 2.63073356e-25]
finishing 61600
disp entry 62400 (-0.1647103908980596-0.16370440553658375j)
starting: 62400
some stuff:
tdelaylist (1+0j)
ESFGt (-2.9344477742862355e-27-5.289007505517196e-27j)
ESFGw (9.948270505988344e-13-7.962294018559746e-14j)
intensity 9.960206732069748e-25
data entry 62400 [5.31893408e-26 9.30459949e-27 1.38071587e-25 ... 1.03348619e-24
 6.07198409e-25 2.63068395e-25]
finishing 62400
disp entry 63200 (-0.11872197196160783+0.1152550068580099j)
starting: 63200
some stuff:
tdelaylist (1+0j)
ESFGt (8.374671931978522e-28-5.431503181090259e-28j)
ESFGw (9.948300863649173e-13-7.962033810038349e-14j)
intensity 9.96026298976048e-25
data entry 63200 [5.31893239e-26 9.30435807e-27 1.38071147e-25 ... 1.03348385e-24
 6.07184950e-25 2.63066242e-25]
finishing 63200
disp entry 64000 (-0.3949075452470487+0.17571009389630268j)
starting: 64000
some stuff:
tdelaylist (1+0j)
ESFGt (1.5109371192291519e-27+1.7201007312141854e-27j)
ESFGw (9.948300863649173e-13-7.96199044195145e-14j)
intensity 9.960262299166011e-25
data entry 64000 [5.31881618e-26 9.30365611e-27 1.38071627e-25 ... 1.03349851e-24
 6.07196360e-25 2.63070445e-25]
finishing 64000
Top-level running in PID 238805 (name=__main__)
Running interfere() with b=7904.761904761905, sigma_s=10.5
MID-level running in PID 238805 (name=__main__)
E1_shared element:  0j
E1 element:  (-5.101617789485821e-11+6.676452560647298e-11j)
this thing psm_927be1a2
ill try to just make an array with this now
testfreq element:  0.0
did it
disp entry 0 (-0.08332452033614668+0j)
starting: 0
some stuff:
tdelaylist (1+0j)
ESFGt (-6.400421033000594e-29+1.3271760299731563e-29j)
ESFGw (2.826186550411447e-13-3.359283879712793e-14j)
intensity 8.100178299571535e-26
data entry 0 [1.98679927e-26 5.00043631e-27 9.91307578e-29 ... 9.64563740e-26
 6.93367699e-26 4.24523547e-26]
finishing 0
disp entry 800 (-0.27796535717647075+0.2050566582042932j)
starting: 800
some stuff:
tdelaylist (1+0j)
ESFGt (-1.234154027903462e-28+1.1688099633220428e-28j)
ESFGw (8.6186570033564e-13-5.254640039059622e-13j)
intensity 1.0189249048159284e-24
data entry 800 [9.11038426e-25 7.02909694e-25 4.99934325e-25 ... 1.23017660e-24
 1.20246386e-24 1.08837608e-24]
finishing 800
disp entry 1600 (-0.4928812110671021+0.021359994690023542j)
starting: 1600
some stuff:
tdelaylist (1+0j)
ESFGt (-4.7345607525244517e-29+9.427743125888659e-29j)
ESFGw (1.199759692635527e-12+6.277302896234849e-13j)
intensity 1.8334686365836787e-24
data entry 1600 [1.85163347e-24 8.60035503e-25 2.45102066e-25 ... 5.73514667e-24
 4.45661169e-24 3.10305691e-24]
finishing 1600
disp entry 2400 (-0.32062736491562593-0.20283166645248532j)
starting: 2400
some stuff:
tdelaylist (1+0j)
ESFGt (-7.811419021361112e-29+8.069196920326945e-29j)
ESFGw (1.1340707019302787e-12+5.009042226139515e-13j)
intensity 1.537021397209122e-24
data entry 2400 [1.88813717e-24 9.86870778e-25 3.55095348e-25 ... 4.97967954e-24
 4.02538460e-24 2.94693419e-24]
finishing 2400
disp entry 3200 (-0.08776846410639105-0.04248822020746742j)
starting: 3200
some stuff:
tdelaylist (1+0j)
ESFGt (-3.320259963110298e-28-1.8065221176236452e-28j)
ESFGw (1.048030585926174e-12-7.272849857076213e-14j)
intensity 1.1036575435411168e-24
data entry 3200 [4.03110291e-25 1.84476305e-25 5.45702736e-26 ... 1.11112315e-24
 9.16094586e-25 6.64133004e-25]
finishing 3200
disp entry 4000 (-0.23576625864575806+0.19840582548751706j)
starting: 4000
some stuff:
tdelaylist (1+0j)
ESFGt (-4.685261384614807e-28+1.0991787786844176e-28j)
ESFGw (2.01674245879635e-12-4.0870085094013575e-13j)
intensity 4.234286530671139e-24
data entry 4000 [2.93485292e-25 3.02414118e-25 7.02111483e-25 ... 1.95766012e-24
 1.22935686e-24 6.32946664e-25]
finishing 4000
disp entry 4800 (-0.4840415430690601+0.06315542221883048j)
starting: 4800
some stuff:
tdelaylist (1+0j)
ESFGt (-3.430424183781508e-28+2.3998081500054116e-28j)
ESFGw (1.3124239108680547e-12-2.316531298382496e-13j)
intensity 1.7761196943820564e-24
data entry 4800 [9.79837301e-25 3.37034917e-25 5.80065882e-26 ... 4.08841588e-24
 2.99091422e-24 1.90552399e-24]
finishing 4800
disp entry 5600 (-0.3619056678810876-0.1918271584251852j)
starting: 5600
some stuff:
tdelaylist (1+0j)
ESFGt (-1.8937748512538258e-28-1.3678849119682628e-28j)
ESFGw (1.4952856661198943e-12-9.85432655614682e-13j)
intensity 3.2069567420554197e-24
data entry 5600 [7.25431758e-25 1.97298001e-25 6.31198514e-27 ... 3.42463576e-24
 2.46375417e-24 1.51852016e-24]
finishing 5600
disp entry 6400 (-0.10090794045923898-0.08313734878120543j)
starting: 6400
some stuff:
tdelaylist (1+0j)
ESFGt (-3.9109917675787444e-28-1.4684533569031456e-29j)
ESFGw (9.038887260198747e-13-1.0837316287426457e-13j)
intensity 8.287595714572042e-25
data entry 6400 [1.15027554e-24 6.59240775e-25 2.84488117e-25 ... 2.71001091e-24
 2.24077059e-24 1.69934095e-24]
finishing 6400
disp entry 7200 (-0.19585664640014067+0.18316704787788468j)
starting: 7200
some stuff:
tdelaylist (1+0j)
ESFGt (-3.8116741304475433e-28-5.731261848349381e-29j)
ESFGw (1.9730519301708327e-12+7.552981677594328e-13j)
intensity 4.463409241371603e-24
data entry 7200 [5.60723721e-26 1.00995907e-25 2.97133257e-25 ... 5.64901689e-25
 3.28440947e-25 1.43695451e-25]
finishing 7200
disp entry 8000 (-0.46674482981831067+0.10221718361476176j)
starting: 8000
some stuff:
tdelaylist (1+0j)
ESFGt (-9.033263748262876e-28+3.2876959700351746e-29j)
ESFGw (2.0778094956402926e-12-8.11489981114577e-13j)
intensity 4.975808289622304e-24
data entry 8000 [6.65924784e-25 5.40719277e-25 4.84417105e-25 ... 1.25695120e-24
 1.05421598e-24 8.45836561e-25]
finishing 8000
disp entry 8800 (-0.4000135453943324-0.17251946140905j)
starting: 8800
some stuff:
tdelaylist (1+0j)
ESFGt (-5.498486119895595e-28-2.099996436918017e-28j)
ESFGw (1.8080744150147932e-12-6.882399381305526e-13j)
intensity 3.742807302669032e-24
data entry 8800 [1.78697120e-26 3.96136558e-26 2.72575463e-25 ... 1.07393483e-24
 5.77855221e-25 2.07313973e-25]
finishing 8800
disp entry 9600 (-0.12217421055568767-0.12018789869367334j)
starting: 9600
some stuff:
tdelaylist (1+0j)
ESFGt (-4.829354745089734e-28+8.975283970531449e-28j)
ESFGw (1.7056576420357294e-12-7.279441806284925e-13j)
intensity 3.439170721945773e-24
data entry 9600 [7.24835658e-25 4.13019077e-25 4.82617489e-25 ... 3.23882612e-24
 2.25334697e-24 1.37085091e-24]
finishing 9600
disp entry 10400 (-0.1599639976939711+0.15999993192688947j)
starting: 10400
some stuff:
tdelaylist (1+0j)
ESFGt (-3.283566012633278e-28-3.668039806158986e-28j)
ESFGw (1.3570063042006586e-12-1.5531488855441422e-13j)
intensity 1.865588824247e-24
data entry 10400 [4.67046284e-25 1.23678069e-25 8.41931109e-27 ... 2.22498984e-24
 1.60366639e-24 9.86577147e-25]
finishing 10400
disp entry 11200 (-0.44173975507885027+0.13685450062843046j)
starting: 11200
some stuff:
tdelaylist (1+0j)
ESFGt (-5.6747260554016675e-28+2.6743227450614156e-29j)
ESFGw (1.3570032684345756e-12-1.5532030956527665e-13j)
intensity 1.8655822691055747e-24
data entry 11200 [4.67061742e-25 1.23682551e-25 8.42033872e-27 ... 2.22499680e-24
 1.60367812e-24 9.86597825e-25]
finishing 11200
disp entry 12000 (-0.43330150782337373-0.14574430408077105j)
starting: 12000
some stuff:
tdelaylist (1+0j)
ESFGt (9.18909654512455e-28-9.653784628702912e-28j)
ESFGw (1.357006087360224e-12-1.5531608117680396e-13j)
intensity 1.8655886062048234e-24
data entry 12000 [4.67048894e-25 1.23677261e-25 8.41966909e-27 ... 2.22497590e-24
 1.60364537e-24 9.86569873e-25]
finishing 12000
disp entry 12800 (-0.15064676938931237-0.1520361464648941j)
starting: 12800
some stuff:
tdelaylist (1+0j)
ESFGt (-2.712281280135909e-28-8.933197688924834e-28j)
ESFGw (1.3570087978656553e-12-1.5531141910746227e-13j)
intensity 1.865594514389965e-24
data entry 12800 [4.67046257e-25 1.23677720e-25 8.41959707e-27 ... 2.22497110e-24
 1.60366366e-24 9.86570089e-25]
finishing 12800
disp entry 13600 (-0.12964191655268456+0.12990726026263566j)
starting: 13600
some stuff:
tdelaylist (1+0j)
ESFGt (-6.069464640816552e-28-3.5050605274445957e-28j)
ESFGw (1.357009556807176e-12-1.553155390757177e-13j)
intensity 1.8655978539443888e-24
data entry 13600 [4.67048975e-25 1.23675563e-25 8.41973903e-27 ... 2.22497710e-24
 1.60367387e-24 9.86563173e-25]
finishing 13600
disp entry 14400 (-0.41010865705005745+0.16556810594236218j)
starting: 14400
some stuff:
tdelaylist (1+0j)
ESFGt (-1.5513567821239843e-27+3.391073823899031e-28j)
ESFGw (1.3570059789400069e-12-1.5531868326201792e-13j)
intensity 1.8655891202491737e-24
data entry 14400 [4.67046852e-25 1.23679057e-25 8.41991908e-27 ... 2.22499972e-24
 1.60366225e-24 9.86578716e-25]
finishing 14400
disp entry 15200 (-0.4603286943152921-0.11266064220723578j)
starting: 15200
some stuff:
tdelaylist (1+0j)
ESFGt (-5.811877523643463e-28+4.33000096729178e-28j)
ESFGw (1.3570037021154446e-12-1.553164064374557e-13j)
intensity 1.8655822336636673e-24
data entry 15200 [4.67048935e-25 1.23679308e-25 8.41945931e-27 ... 2.22497967e-24
 1.60364380e-24 9.86557612e-25]
finishing 15200
disp entry 16000 (-0.18509318960763632-0.17730354891892558j)
starting: 16000
some stuff:
tdelaylist (1+0j)
ESFGt (2.3077912769498795e-28-3.786690748096805e-28j)
ESFGw (1.3570057620995724e-12-1.553132622511555e-13j)
intensity 1.8655868478025374e-24
data entry 16000 [4.67048908e-25 1.23679071e-25 8.41931109e-27 ... 2.22497659e-24
 1.60365220e-24 9.86574010e-25]
finishing 16000
disp entry 16800 (-0.10620288642397324+0.09419158640287606j)
starting: 16800
some stuff:
tdelaylist (1+0j)
ESFGt (-7.613279927025774e-28+4.779244553150338e-28j)
ESFGw (1.3570058705197896e-12-1.5531770748006268e-13j)
intensity 1.8655885228820343e-24
data entry 16800 [4.67048881e-25 1.23679474e-25 8.41906112e-27 ... 2.22497585e-24
 1.60365437e-24 9.86565668e-25]
finishing 16800
disp entry 17600 (-0.37322067963738087+0.18711513856946j)
starting: 17600
some stuff:
tdelaylist (1+0j)
ESFGt (1.1760957808459818e-27+9.106130484862722e-28j)
ESFGw (1.3570037021154446e-12-1.55312178048983e-13j)
intensity 1.8655809202053418e-24
data entry 17600 [4.67050030e-25 1.23676621e-25 8.41945512e-27 ... 2.22498961e-24
 1.60366093e-24 9.86565668e-25]
finishing 17600
disp entry 18400 (-0.47992524008597015-0.074700493544606j)
starting: 18400
some stuff:
tdelaylist (1+0j)
ESFGt (4.617457851070677e-28+6.541033383716718e-28j)
ESFGw (1.3570068463017448e-12-1.553172737991937e-13j)
intensity 1.8655910364502214e-24
data entry 18400 [4.67050071e-25 1.23680352e-25 8.41924116e-27 ... 2.22497978e-24
 1.60366195e-24 9.86583350e-25]
finishing 18400
disp entry 19200 (-0.22402246681164956-0.19489641306904357j)
starting: 19200
some stuff:
tdelaylist (1+0j)
ESFGt (-4.121709515691328e-28+9.631905282125633e-28j)
ESFGw (1.3570061957804413e-12-1.5531987588440765e-13j)
intensity 1.8655900792312533e-24
data entry 19200 [4.67042619e-25 1.23675313e-25 8.41931947e-27 ... 2.22497950e-24
 1.60365315e-24 9.86578574e-25]
finishing 19200
disp entry 20000 (-0.09066145967086797+0.05439885406254672j)
starting: 20000
some stuff:
tdelaylist (1+0j)
ESFGt (-2.440883221624528e-27-1.160477834326776e-27j)
ESFGw (1.3570046778973999e-12-1.5531749063962819e-13j)
intensity 1.8655852187340173e-24
data entry 20000 [4.67046284e-25 1.23679516e-25 8.41981313e-27 ... 2.22497899e-24
 1.60365563e-24 9.86573084e-25]
finishing 20000
disp entry 20800 (-0.33267250941214777+0.2005629407697033j)
starting: 20800
some stuff:
tdelaylist (1+0j)
ESFGt (1.3704252333132146e-28-7.189591790539121e-28j)
ESFGw (1.3570084726050036e-12-1.5531423803311073e-13j)
intensity 1.8655945072575705e-24
data entry 20800 [4.67055900e-25 1.23683859e-25 8.42069880e-27 ... 2.22498384e-24
 1.60367089e-24 9.86576221e-25]
finishing 20800
disp entry 21600 (-0.49124291371500883-0.03350695331973686j)
starting: 21600
some stuff:
tdelaylist (1+0j)
ESFGt (-2.0616906795261608e-27-1.885416441026061e-27j)
ESFGw (1.3570022926526204e-12-1.5531358751180724e-13j)
intensity 1.865577532730256e-24
data entry 21600 [4.67054764e-25 1.23678111e-25 8.41924325e-27 ... 2.22496985e-24
 1.60367166e-24 9.86577361e-25]
finishing 21600
disp entry 22400 (-0.26574955729597927-0.20405323633608952j)
starting: 22400
some stuff:
tdelaylist (1+0j)
ESFGt (-8.167727296917954e-28+1.670210541035908e-28j)
ESFGw (1.3570045694771826e-12-1.5531911694288691e-13j)
intensity 1.865585429669872e-24
data entry 22400 [4.67048921e-25 1.23677219e-25 8.42016489e-27 ... 2.22497008e-24
 1.60366963e-24 9.86579071e-25]
finishing 22400
disp entry 23200 (-0.08369034293483901+0.012251481379495556j)
starting: 23200
some stuff:
tdelaylist (1+0j)
ESFGt (-9.861940867419969e-28-2.889421617983638e-28j)
ESFGw (1.3570123757328245e-12-1.5531803274071443e-13j)
intensity 1.86560627918649e-24
data entry 23200 [4.67047339e-25 1.23679363e-25 8.41995509e-27 ... 2.22498310e-24
 1.60366725e-24 9.86570089e-25]
finishing 23200
disp entry 24000 (-0.29021926344586946+0.20532942789944855j)
starting: 24000
some stuff:
tdelaylist (1+0j)
ESFGt (3.709886396944304e-28-7.1257221635682655e-28j)
ESFGw (1.3570076052432656e-12-1.553132622511555e-13j)
intensity 1.8655918501191583e-24
data entry 24000 [4.67048948e-25 1.23678960e-25 8.41974111e-27 ... 2.22497853e-24
 1.60367852e-24 9.86577790e-25]
finishing 24000
disp entry 24800 (-0.4937918326235938+0.009136926722173132j)
starting: 24800
some stuff:
tdelaylist (1+0j)
ESFGt (2.0306811908374576e-27+9.427887925163584e-28j)
ESFGw (1.3570061957804413e-12-1.5531738221941094e-13j)
intensity 1.8655893046059965e-24
data entry 24800 [4.67051599e-25 1.23679113e-25 8.41991491e-27 ... 2.22497904e-24
 1.60364714e-24 9.86573226e-25]
finishing 24800
disp entry 25600 (-0.3084683147303033-0.2043776679908563j)
starting: 25600
some stuff:
tdelaylist (1+0j)
ESFGt (1.8010529740507947e-28-2.6557676193958327e-28j)
ESFGw (1.3570078220837e-12-1.553172737991937e-13j)
intensity 1.8655936847367607e-24
data entry 25600 [4.67049422e-25 1.23680128e-25 8.41938519e-27 ... 2.22498258e-24
 1.60365183e-24 9.86568092e-25]
finishing 25600
disp entry 26400 (-0.08559127920263429-0.030426193509574158j)
starting: 26400
some stuff:
tdelaylist (1+0j)
ESFGt (-4.2736574993257935e-28-5.371911790259504e-28j)
ESFGw (1.3570050031580516e-12-1.5531434645332798e-13j)
intensity 1.8655851248102084e-24
data entry 26400 [4.67053695e-25 1.23678417e-25 8.41984497e-27 ... 2.22496751e-24
 1.60366731e-24 9.86581711e-25]
finishing 26400
disp entry 27200 (-0.24769851952128205+0.20120828379483222j)
starting: 27200
some stuff:
tdelaylist (1+0j)
ESFGt (6.287759813593632e-28-6.192328988030035e-28j)
ESFGw (1.3570116167913038e-12-1.553157559161522e-13j)
intensity 1.865603512142354e-24
data entry 27200 [4.67051626e-25 1.23678403e-25 8.42016697e-27 ... 2.22497973e-24
 1.60365370e-24 9.86566881e-25]
finishing 27200
disp entry 28000 (-0.48746166751534703+0.051385317251679545j)
starting: 28000
some stuff:
tdelaylist (1+0j)
ESFGt (4.320848506210176e-28-6.529302860398337e-28j)
ESFGw (1.3570064126208758e-12-1.5531814116093168e-13j)
intensity 1.865590128867866e-24
data entry 28000 [4.67051112e-25 1.23678556e-25 8.41959499e-27 ... 2.22497276e-24
 1.60366342e-24 9.86580713e-25]
finishing 28000
disp entry 28800 (-0.3503296687365974-0.19585566509299235j)
starting: 28800
some stuff:
tdelaylist (1+0j)
ESFGt (6.621946696061219e-28-1.3992913438463008e-27j)
ESFGw (1.3570077136634828e-12-1.553161895970212e-13j)
intensity 1.8655930536931305e-24
data entry 28800 [4.67050030e-25 1.23678417e-25 8.42034494e-27 ... 2.22500503e-24
 1.60367095e-24 9.86568876e-25]
finishing 28800
disp entry 29600 (-0.09628198693905932-0.07178687847399047j)
starting: 29600
some stuff:
tdelaylist (1+0j)
ESFGt (-6.24206797578056e-28-8.276627248964572e-28j)
ESFGw (1.3570028347537066e-12-1.5531543065550046e-13j)
intensity 1.865579576529299e-24
data entry 29600 [4.67049435e-25 1.23676871e-25 8.42023900e-27 ... 2.22497619e-24
 1.60365143e-24 9.86566594e-25]
finishing 29600
disp entry 30400 (-0.20695077705280712+0.18837789111361647j)
starting: 30400
some stuff:
tdelaylist (1+0j)
ESFGt (6.8067413547118985e-28-3.9774054003640447e-28j)
ESFGw (1.3570056536793551e-12-1.5531879168223517e-13j)
intensity 1.8655882711673638e-24
data entry 30400 [4.67052641e-25 1.23680824e-25 8.41902719e-27 ... 2.22496842e-24
 1.60365290e-24 9.86569018e-25]
finishing 30400
disp entry 31200 (-0.472526417951415+0.0914095076006959j)
starting: 31200
some stuff:
tdelaylist (1+0j)
ESFGt (7.246216541137722e-28+2.5094853483207485e-28j)
ESFGw (1.357008689445438e-12-1.5531478013419697e-13j)
intensity 1.8655952641585597e-24
data entry 31200 [4.67044729e-25 1.23677261e-25 8.42035123e-27 ... 2.22497208e-24
 1.60364871e-24 9.86574295e-25]
finishing 31200
disp entry 32000 (-0.38952166142267697-0.17885610033604898j)
starting: 32000
some stuff:
tdelaylist (1+0j)
ESFGt (-1.9020041676575483e-27-3.038158796162957e-28j)
ESFGw (1.3570068463017448e-12-1.5531532223528322e-13j)
intensity 1.865590430230857e-24
data entry 32000 [4.67047379e-25 1.23678918e-25 8.42052291e-27 ... 2.22498310e-24
 1.60366069e-24 9.86567665e-25]
finishing 32000
disp entry 32800 (-0.11529972162196883-0.11004028695169102j)
starting: 32800
some stuff:
tdelaylist (1+0j)
ESFGt (-6.751995200191561e-28+1.2952512542690893e-27j)
ESFGw (1.3570089062858726e-12-1.5531673169810745e-13j)
intensity 1.8655964588845623e-24
data entry 32800 [4.67048434e-25 1.23678111e-25 8.41952298e-27 ... 2.22498001e-24
 1.60366351e-24 9.86565955e-25]
finishing 32800
disp entry 33600 (-0.16973979154494+0.16739361008793785j)
starting: 33600
some stuff:
tdelaylist (1+0j)
ESFGt (-2.2750243930796065e-27+1.3246406500302971e-27j)
ESFGw (1.3570096652273933e-12-1.5531510539484872e-13j)
intensity 1.8655980134843757e-24
data entry 33600 [4.67046744e-25 1.23680421e-25 8.41960126e-27 ... 2.22497013e-24
 1.60366700e-24 9.86581711e-25]
finishing 33600
disp entry 34400 (-0.4496325523502561+0.12747706103127154j)
starting: 34400
some stuff:
tdelaylist (1+0j)
ESFGt (-8.125362097773358e-28+1.7880681701422613e-27j)
ESFGw (1.3570070631421793e-12-1.5531759905984543e-13j)
intensity 1.8655917259954776e-24
data entry 34400 [4.67055372e-25 1.23679503e-25 8.42045089e-27 ... 2.22498744e-24
 1.60366118e-24 9.86570802e-25]
finishing 34400
disp entry 35200 (-0.4243478775114139-0.15411479548824286j)
starting: 35200
some stuff:
tdelaylist (1+0j)
ESFGt (-4.880239885911688e-28-1.5615438027426736e-27j)
ESFGw (1.3570063042006586e-12-1.5531629801723845e-13j)
intensity 1.8655892620701096e-24
data entry 35200 [4.67043660e-25 1.23678013e-25 8.41881951e-27 ... 2.22496916e-24
 1.60366498e-24 9.86564528e-25]
finishing 35200
disp entry 36000 (-0.14182130551934682-0.1435306300404952j)
starting: 36000
some stuff:
tdelaylist (1+0j)
ESFGt (-3.181633899271498e-27-5.7904845308008705e-28j)
ESFGw (1.3570043526367481e-12-1.5531358751180724e-13j)
intensity 1.8655831235408677e-24
data entry 36000 [4.67051653e-25 1.23678807e-25 8.41892334e-27 ... 2.22496916e-24
 1.60365462e-24 9.86578003e-25]
finishing 36000
disp entry 36800 (-0.13767623089095254+0.13916373990015324j)
starting: 36800
some stuff:
tdelaylist (1+0j)
ESFGt (9.30482857378165e-28-9.524500689608233e-29j)
ESFGw (1.3570026179132721e-12-1.5531716537897644e-13j)
intensity 1.865579526884834e-24
data entry 36800 [4.67046865e-25 1.23680950e-25 8.41959916e-27 ... 2.22498966e-24
 1.60365689e-24 9.86566523e-25]
finishing 36800
disp entry 37600 (-0.4197710257691817+0.15802680281216688j)
starting: 37600
some stuff:
tdelaylist (1+0j)
ESFGt (-1.1977275512918193e-27-3.9879029909160404e-29j)
ESFGw (1.3570061957804413e-12-1.553172737991937e-13j)
intensity 1.8655892709269192e-24
data entry 37600 [4.67048935e-25 1.23675563e-25 8.42031311e-27 ... 2.22498601e-24
 1.60365952e-24 9.86566168e-25]
finishing 37600
disp entry 38400 (-0.45330087323767376-0.12270267153734568j)
starting: 38400
some stuff:
tdelaylist (1+0j)
ESFGt (-3.1307814502639932e-27-7.014342660413446e-28j)
ESFGw (1.3570040273760964e-12-1.5531629801723845e-13j)
intensity 1.865583082744725e-24
data entry 38400 [4.67049503e-25 1.23678306e-25 8.42041696e-27 ... 2.22497379e-24
 1.60365052e-24 9.86574439e-25]
finishing 38400
disp entry 39200 (-0.17469875872474322-0.17080828689291422j)
starting: 39200
some stuff:
tdelaylist (1+0j)
ESFGt (-2.8153227573575205e-28-3.9269562786086744e-28j)
ESFGw (1.3570097736476106e-12-1.5531944220353866e-13j)
intensity 1.8655996549015576e-24
data entry 39200 [4.67049462e-25 1.23680463e-25 8.42033872e-27 ... 2.22499149e-24
 1.60367267e-24 9.86581285e-25]
finishing 39200
disp entry 40000 (-0.11214795802928271+0.10491020318740657j)
starting: 40000
some stuff:
tdelaylist (1+0j)
ESFGt (7.041040499394068e-28-1.068891881325453e-27j)
ESFGw (1.357006087360224e-12-1.553168401183247e-13j)
intensity 1.8655888419570458e-24
data entry 40000 [4.67049949e-25 1.23677066e-25 8.41987890e-27 ... 2.22498550e-24
 1.60365205e-24 9.86577076e-25]
finishing 40000
disp entry 40800 (-0.3842343866707455+0.1817363952637222j)
starting: 40800
some stuff:
tdelaylist (1+0j)
ESFGt (-2.2189934071530572e-27+9.574712199756714e-28j)
ESFGw (1.3570051115782689e-12-1.5531369593202449e-13j)
intensity 1.8655852169936157e-24
data entry 40800 [4.67049462e-25 1.23675368e-25 8.41959916e-27 ... 2.22497516e-24
 1.60366038e-24 9.86566310e-25]
finishing 40800
disp entry 41600 (-0.47512742566221566-0.0859793941524216j)
starting: 41600
some stuff:
tdelaylist (1+0j)
ESFGt (3.0646561729197576e-28-2.3388327966371285e-27j)
ESFGw (1.3570034852750101e-12-1.553172737991937e-13j)
intensity 1.8655819145889387e-24
data entry 41600 [4.67046825e-25 1.23680560e-25 8.42009704e-27 ... 2.22498093e-24
 1.60367034e-24 9.86573013e-25]
finishing 41600
disp entry 42400 (-0.21250898917091932-0.19069255117999337j)
starting: 42400
some stuff:
tdelaylist (1+0j)
ESFGt (-1.7654697037992002e-27+1.6857630211714115e-27j)
ESFGw (1.3570054368389206e-12-1.5531412961289348e-13j)
intensity 1.8655862344678008e-24
data entry 42400 [4.67048921e-25 1.23680769e-25 8.41909921e-27 ... 2.22497482e-24
 1.60365275e-24 9.86575150e-25]
finishing 42400
disp entry 43200 (-0.09425995765484863+0.0661156554360073j)
starting: 43200
some stuff:
tdelaylist (1+0j)
ESFGt (-1.2587444481350933e-27-9.009607695576872e-28j)
ESFGw (1.357008255764569e-12-1.553159727565867e-13j)
intensity 1.865594457606523e-24
data entry 43200 [4.67051545e-25 1.23680560e-25 8.41995300e-27 ... 2.22499121e-24
 1.60367120e-24 9.86573155e-25]
finishing 43200
disp entry 44000 (-0.3445608292964949+0.1975795748026719j)
starting: 44000
some stuff:
tdelaylist (1+0j)
ESFGt (-9.119989114690272e-28+2.276022544171223e-27j)
ESFGw (1.3570070631421793e-12-1.553202011450594e-13j)
intensity 1.8655925343015044e-24
data entry 44000 [4.67054236e-25 1.23681312e-25 8.41970720e-27 ... 2.22497682e-24
 1.60365821e-24 9.86578503e-25]
finishing 44000
disp entry 44800 (-0.4888827781028081-0.045534520906651124j)
starting: 44800
some stuff:
tdelaylist (1+0j)
ESFGt (7.306938824302047e-28-6.201274096610132e-28j)
ESFGw (1.3570064126208758e-12-1.5531564749593496e-13j)
intensity 1.86558935425126e-24
data entry 44800 [4.67053181e-25 1.23678514e-25 8.42066696e-27 ... 2.22498498e-24
 1.60366256e-24 9.86565526e-25]
finishing 44800
disp entry 45600 (-0.25361539080227835-0.20232273765968942j)
starting: 45600
some stuff:
tdelaylist (1+0j)
ESFGt (-1.5566390567016077e-27-2.9092375802064666e-27j)
ESFGw (1.3570074968230483e-12-1.5531456329376248e-13j)
intensity 1.8655919600050877e-24
data entry 45600 [4.67049422e-25 1.23681312e-25 8.41938311e-27 ... 2.22496745e-24
 1.60365336e-24 9.86580427e-25]
finishing 45600
disp entry 46400 (-0.08478650724202158+0.024459308621781518j)
starting: 46400
some stuff:
tdelaylist (1+0j)
ESFGt (-3.350091335719618e-27-1.1433768288393184e-27j)
ESFGw (1.357007388402831e-12-1.5531488855441422e-13j)
intensity 1.8655917667865418e-24
data entry 46400 [4.67049435e-25 1.23678527e-25 8.41956107e-27 ... 2.22498521e-24
 1.60367175e-24 9.86572371e-25]
finishing 46400
disp entry 47200 (-0.3024676133266657+0.20487057349617535j)
starting: 47200
some stuff:
tdelaylist (1+0j)
ESFGt (7.70713089965469e-27+1.485509582450526e-27j)
ESFGw (1.3570050031580516e-12-1.5531781590027993e-13j)
intensity 1.8655862025320166e-24
data entry 47200 [4.67051599e-25 1.23677066e-25 8.41949113e-27 ... 2.22498692e-24
 1.60365618e-24 9.86557467e-25]
finishing 47200
disp entry 48000 (-0.4939715336831175-0.0031186976884791016j)
starting: 48000
some stuff:
tdelaylist (1+0j)
ESFGt (-4.601042912610766e-27+7.659466784317887e-28j)
ESFGw (1.3570074968230483e-12-1.553157559161522e-13j)
intensity 1.865592330469761e-24
data entry 48000 [4.67051599e-25 1.23681409e-25 8.41987890e-27 ... 2.22498790e-24
 1.60365992e-24 9.86585490e-25]
finishing 48000
disp entry 48800 (-0.2962386836451342-0.2051954367151953j)
starting: 48800
some stuff:
tdelaylist (1+0j)
ESFGt (-2.1519442132543295e-27+1.1735017364939713e-28j)
ESFGw (1.3570063042006586e-12-1.5531358751180724e-13j)
intensity 1.865588420106118e-24
data entry 48800 [4.67045243e-25 1.23675716e-25 8.41973903e-27 ... 2.22498167e-24
 1.60365741e-24 9.86562818e-25]
finishing 48800
disp entry 49600 (-0.08413766264420536-0.01825575304643144j)
starting: 49600
some stuff:
tdelaylist (1+0j)
ESFGt (1.6931560510211906e-27-6.876829679698604e-28j)
ESFGw (1.3570058705197896e-12-1.553172737991937e-13j)
intensity 1.8655883881655853e-24
data entry 49600 [4.67052667e-25 1.23677805e-25 8.41974321e-27 ... 2.22497384e-24
 1.60365588e-24 9.86568592e-25]
finishing 49600
disp entry 50400 (-0.25977673273862095+0.20329380234960573j)
starting: 50400
some stuff:
tdelaylist (1+0j)
ESFGt (4.608153635549172e-28-6.49922749794978e-28j)
ESFGw (1.3570077136634828e-12-1.5531564749593496e-13j)
intensity 1.8655928852992745e-24
data entry 50400 [4.67053709e-25 1.23676259e-25 8.41942120e-27 ... 2.22498846e-24
 1.60365618e-24 9.86570160e-25]
finishing 50400
disp entry 51200 (-0.49017342693266497+0.03943211755333818j)
starting: 51200
some stuff:
tdelaylist (1+0j)
ESFGt (-3.805873194002139e-27-6.590367930880899e-28j)
ESFGw (1.357006087360224e-12-1.5531857484180067e-13j)
intensity 1.8655893808235922e-24
data entry 51200 [4.67046324e-25 1.23677066e-25 8.41952298e-27 ... 2.22496848e-24
 1.60366568e-24 9.86567665e-25]
finishing 51200
disp entry 52000 (-0.3385339294816315-0.19918630431012985j)
starting: 52000
some stuff:
tdelaylist (1+0j)
ESFGt (-1.0276806537943531e-27+3.2272064648449677e-27j)
ESFGw (1.3570109662700003e-12-1.553161895970212e-13j)
intensity 1.8656018813279777e-24
data entry 52000 [4.67053763e-25 1.23679405e-25 8.41955899e-27 ... 2.22497202e-24
 1.60366427e-24 9.86576508e-25]
finishing 52000
disp entry 52800 (-0.09234150893217033-0.06018061916088426j)
starting: 52800
some stuff:
tdelaylist (1+0j)
ESFGt (5.465424645386062e-28+3.2862851531881426e-27j)
ESFGw (1.357006087360224e-12-1.5531835800136617e-13j)
intensity 1.865589313464945e-24
data entry 52800 [4.67046351e-25 1.23678055e-25 8.42030685e-27 ... 2.22497430e-24
 1.60366250e-24 9.86579858e-25]
finishing 52800
disp entry 53600 (-0.21833605126830066+0.19291751149464198j)
starting: 53600
some stuff:
tdelaylist (1+0j)
ESFGt (-1.4690709099133162e-28+3.801451503164572e-27j)
ESFGw (1.3570096652273933e-12-1.5531033490528978e-13j)
intensity 1.8655965316489557e-24
data entry 53600 [4.67044675e-25 1.23677122e-25 8.41938103e-27 ... 2.22496385e-24
 1.60366271e-24 9.86586058e-25]
finishing 53600
disp entry 54400 (-0.4776528579208011+0.08027612377519103j)
starting: 54400
some stuff:
tdelaylist (1+0j)
ESFGt (-1.32968294122959e-27+5.2345692774784686e-27j)
ESFGw (1.3570059789400069e-12-1.5531337067137274e-13j)
intensity 1.865587469988229e-24
data entry 54400 [4.67047379e-25 1.23678306e-25 8.41974321e-27 ... 2.22496991e-24
 1.60365876e-24 9.86565668e-25]
finishing 54400
disp entry 55200 (-0.378670389523831-0.18455544418802738j)
starting: 55200
some stuff:
tdelaylist (1+0j)
ESFGt (-2.497920816747726e-27-2.8668884752722453e-27j)
ESFGw (1.3570070631421793e-12-1.5532074324614564e-13j)
intensity 1.8655927027002974e-24
data entry 55200 [4.67053128e-25 1.23679113e-25 8.41959707e-27 ... 2.22498378e-24
 1.60366240e-24 9.86584848e-25]
finishing 55200
disp entry 56000 (-0.10904294473902171-0.09950058272420632j)
starting: 56000
some stuff:
tdelaylist (1+0j)
ESFGt (-1.60326623113785e-27-3.0397077450690355e-28j)
ESFGw (1.3570057620995724e-12-1.5531900852266967e-13j)
intensity 1.8655886327799067e-24
data entry 56000 [4.67051572e-25 1.23677512e-25 8.41953133e-27 ... 2.22496071e-24
 1.60365487e-24 9.86564741e-25]
finishing 56000
disp entry 56800 (-0.17993931810585606+0.17419083599995314j)
starting: 56800
some stuff:
tdelaylist (1+0j)
ESFGt (-1.4780010046093662e-27+1.8710959444217447e-27j)
ESFGw (1.3570061957804413e-12-1.5531890010245242e-13j)
intensity 1.865589776115541e-24
data entry 56800 [4.67045148e-25 1.23678430e-25 8.41907160e-27 ... 2.22498498e-24
 1.60367040e-24 9.86573724e-25]
finishing 56800
disp entry 57600 (-0.45695177624218736+0.11764539872088291j)
starting: 57600
some stuff:
tdelaylist (1+0j)
ESFGt (-2.4083682912385798e-27+3.7336024741334433e-28j)
ESFGw (1.3570079305039173e-12-1.5531510539484872e-13j)
intensity 1.865593305414337e-24
data entry 57600 [4.67049516e-25 1.23681660e-25 8.41966909e-27 ... 2.22498938e-24
 1.60366498e-24 9.86578432e-25]
finishing 57600
disp entry 58400 (-0.4149107674691098-0.16193614934900882j)
starting: 58400
some stuff:
tdelaylist (1+0j)
ESFGt (-2.7570875069938008e-27-1.0145959889135705e-27j)
ESFGw (1.3570087978656553e-12-1.5531759905984543e-13j)
intensity 1.865596434062506e-24
data entry 58400 [4.67053669e-25 1.23677567e-25 8.41945512e-27 ... 2.22498019e-24
 1.60365493e-24 9.86576861e-25]
finishing 58400
disp entry 59200 (-0.13351905273111578-0.1345136892729075j)
starting: 59200
some stuff:
tdelaylist (1+0j)
ESFGt (-3.1458721536185784e-27+2.7190455739805405e-27j)
ESFGw (1.3570097736476106e-12-1.5531749063962819e-13j)
intensity 1.86559904867373e-24
data entry 59200 [4.67045202e-25 1.23678570e-25 8.41963517e-27 ... 2.22499275e-24
 1.60365937e-24 9.86573795e-25]
finishing 59200
disp entry 60000 (-0.1462485259254141+0.14792435517579497j)
starting: 60000
some stuff:
tdelaylist (1+0j)
ESFGt (-8.383437022438507e-27+1.194839851900013e-27j)
ESFGw (1.3570053284187034e-12-1.5531651485767295e-13j)
intensity 1.8655866811442867e-24
data entry 60000 [4.67051559e-25 1.23677512e-25 8.41824131e-27 ... 2.22498167e-24
 1.60365594e-24 9.86581566e-25]
finishing 60000
disp entry 60800 (-0.4289662228686123+0.14992242297972885j)
starting: 60800
some stuff:
tdelaylist (1+0j)
ESFGt (1.2587248427701125e-28+4.783642227039646e-27j)
ESFGw (1.3570089062858726e-12-1.5531900852266967e-13j)
intensity 1.8655971661476456e-24
data entry 60800 [4.67047840e-25 1.23681409e-25 8.41952506e-27 ... 2.22498333e-24
 1.60366660e-24 9.86575150e-25]
finishing 60800
disp entry 61600 (-0.44568640792176867-0.1323074901258889j)
starting: 61600
some stuff:
tdelaylist (1+0j)
ESFGt (-6.418754307805425e-27-4.433417334864468e-27j)
ESFGw (1.3570055452591379e-12-1.5531651485767295e-13j)
intensity 1.8655872696515834e-24
data entry 61600 [4.67045243e-25 1.23679822e-25 8.41885133e-27 ... 2.22498647e-24
 1.60365563e-24 9.86572084e-25]
finishing 61600
disp entry 62400 (-0.1647103908980596-0.16370440553658375j)
starting: 62400
some stuff:
tdelaylist (1+0j)
ESFGt (-2.1394621298174676e-27+1.4304217405925454e-27j)
ESFGw (1.3570084726050036e-12-1.5531879168223517e-13j)
intensity 1.8655959217713936e-24
data entry 62400 [4.67053168e-25 1.23680811e-25 8.42027501e-27 ... 2.22499178e-24
 1.60365517e-24 9.86573226e-25]
finishing 62400
disp entry 63200 (-0.11872197196160783+0.1152550068580099j)
starting: 63200
some stuff:
tdelaylist (1+0j)
ESFGt (-2.1176676879746345e-27+5.250174991615381e-27j)
ESFGw (1.3570053284187034e-12-1.5531673169810745e-13j)
intensity 1.865586748502135e-24
data entry 63200 [4.67051045e-25 1.23679698e-25 8.42037887e-27 ... 2.22500069e-24
 1.60366382e-24 9.86575366e-25]
finishing 63200
disp entry 64000 (-0.3949075452470487+0.17571009389630268j)
starting: 64000
some stuff:
tdelaylist (1+0j)
ESFGt (1.1718785159051468e-27+5.9217206013268984e-27j)
ESFGw (1.357009556807176e-12-1.5531890010245242e-13j)
intensity 1.865598897995044e-24
data entry 64000 [4.67049516e-25 1.23678111e-25 8.42041488e-27 ... 2.22499224e-24
 1.60366124e-24 9.86576079e-25]
finishing 64000
Top-level running in PID 28440 (name=__main__)
Running interfere() with b=7545.454545454545, sigma_s=11.0
MID-level running in PID 28440 (name=__main__)
E1_shared element:  0j
E1 element:  (7.517413550027516e-10-9.837988068993388e-10j)
this thing psm_d3f09a31
ill try to just make an array with this now
testfreq element:  0.0
did it
disp entry 0 (-0.08332452033614668+0j)
starting: 0
some stuff:
tdelaylist (1+0j)
ESFGt (5.834306548306305e-29+9.314724111862183e-30j)
ESFGw (-4.276199620095733e-13+4.887973706346749e-14j)
intensity 1.8524806060446266e-25
data entry 0 [2.55016298e-25 2.32434636e-25 1.94536956e-25 ... 2.10973827e-25
 2.43409015e-25 2.58868314e-25]
finishing 0
disp entry 800 (-0.27796535717647075+0.2050566582042932j)
starting: 800
some stuff:
tdelaylist (1+0j)
ESFGt (3.019308643984809e-28+2.505702189964209e-30j)
ESFGw (-1.5031049321878598e-12-1.0178403259120117e-13j)
intensity 2.2696844264579976e-24
data entry 800 [6.38267644e-24 6.44615540e-24 6.16779755e-24 ... 4.48229127e-24
 5.32228357e-24 5.98849008e-24]
finishing 800
disp entry 1600 (-0.4928812110671021+0.021359994690023542j)
starting: 1600
some stuff:
tdelaylist (1+0j)
ESFGt (2.393095266641312e-28-4.772467990906266e-29j)
ESFGw (-2.0698564390242424e-12+2.63803302119614e-13j)
intensity 4.353897860379329e-24
data entry 1600 [6.01214403e-24 4.60849025e-24 3.11340967e-24 ... 7.86225940e-24
 7.76295956e-24 7.11666767e-24]
finishing 1600
disp entry 2400 (-0.32062736491562593-0.20283166645248532j)
starting: 2400
some stuff:
tdelaylist (1+0j)
ESFGt (5.230722014618962e-28-1.4823183012512499e-28j)
ESFGw (-2.075651282795743e-12+3.4865556622354354e-13j)
intensity 4.429888951630273e-24
data entry 2400 [3.37349209e-24 3.50382004e-24 3.34858157e-24 ... 1.70442420e-24
 2.38935633e-24 2.97971682e-24]
finishing 2400
disp entry 3200 (-0.08776846410639105-0.04248822020746742j)
starting: 3200
some stuff:
tdelaylist (1+0j)
ESFGt (3.4597761291390547e-28+1.3907204531404723e-28j)
ESFGw (-2.038254981462373e-12+2.707517370026391e-13j)
intensity 4.2277898725461245e-24
data entry 3200 [5.13255694e-24 5.01520532e-24 4.62296347e-24 ... 3.93850625e-24
 4.54672413e-24 4.96631999e-24]
finishing 3200
disp entry 4000 (-0.23576625864575806+0.19840582548751706j)
starting: 4000
some stuff:
tdelaylist (1+0j)
ESFGt (4.660459721465565e-28+3.728603705095272e-28j)
ESFGw (-2.1009123260529172e-12+1.5189282123739822e-13j)
intensity 4.4369040309045354e-24
data entry 4000 [7.56358738e-24 6.99115721e-24 5.92850264e-24 ... 5.89122866e-24
 6.96850861e-24 7.55598527e-24]
finishing 4000
disp entry 4800 (-0.4840415430690601+0.06315542221883048j)
starting: 4800
some stuff:
tdelaylist (1+0j)
ESFGt (-1.0009260277630981e-28+1.1430472639517377e-28j)
ESFGw (-1.493671505925498e-12+1.1669810083547727e-12j)
intensity 3.592899241474467e-24
data entry 4800 [1.18139401e-23 1.11451711e-23 9.82080601e-24 ... 9.47093616e-24
 1.09186566e-23 1.17355064e-23]
finishing 4800
disp entry 5600 (-0.3619056678810876-0.1918271584251852j)
starting: 5600
some stuff:
tdelaylist (1+0j)
ESFGt (3.1479883724003977e-28-8.566945417648737e-29j)
ESFGw (-2.1916791298481897e-12-5.751237160123157e-13j)
intensity 5.1342246969319334e-24
data entry 5600 [3.87000650e-24 3.33674470e-24 2.65013176e-24 ... 3.98806618e-24
 4.21635958e-24 4.17654703e-24]
finishing 5600
disp entry 6400 (-0.10090794045923898-0.08313734878120543j)
starting: 6400
some stuff:
tdelaylist (1+0j)
ESFGt (5.734902982538059e-28+2.0504180781195436e-29j)
ESFGw (-2.1593820481724535e-12+9.97401813918053e-13j)
intensity 5.657741208376481e-24
data entry 6400 [7.15246924e-24 6.47630130e-24 5.33944304e-24 ... 5.78647473e-24
 6.77780624e-24 7.25882446e-24]
finishing 6400
disp entry 7200 (-0.19585664640014067+0.18316704787788468j)
starting: 7200
some stuff:
tdelaylist (1+0j)
ESFGt (5.151980743120091e-28+1.6666613775252386e-28j)
ESFGw (-2.5872940942472944e-12-1.0956990523225407e-13j)
intensity 6.706096294259533e-24
data entry 7200 [2.32793690e-24 2.43218891e-24 2.36340066e-24 ... 1.27505636e-24
 1.68949607e-24 2.06467731e-24]
finishing 7200
disp entry 8000 (-0.46674482981831067+0.10221718361476176j)
starting: 8000
some stuff:
tdelaylist (1+0j)
ESFGt (-2.310912074332386e-29-1.9405499212171134e-28j)
ESFGw (-1.0920483267673475e-12+8.972219668612613e-13j)
intensity 1.9975768058137538e-24
data entry 8000 [1.93519557e-24 1.31402640e-24 7.72095728e-25 ... 3.33565208e-24
 3.02461295e-24 2.53541635e-24]
finishing 8000
disp entry 8800 (-0.4000135453943324-0.17251946140905j)
starting: 8800
some stuff:
tdelaylist (1+0j)
ESFGt (2.763965814480547e-28-1.1207123079892213e-29j)
ESFGw (-1.6353706583371874e-12-8.361254397182272e-13j)
intensity 3.3735429410942045e-24
data entry 8800 [2.49689123e-24 2.22569932e-24 1.88721170e-24 ... 2.53034484e-24
 2.66538097e-24 2.65291331e-24]
finishing 8800
disp entry 9600 (-0.12217421055568767-0.12018789869367334j)
starting: 9600
some stuff:
tdelaylist (1+0j)
ESFGt (-6.003106220530712e-29+6.250091332220402e-30j)
ESFGw (-2.1347073414501594e-12+9.592986127682224e-13j)
intensity 5.4772292621002425e-24
data entry 9600 [8.00623057e-24 6.80718688e-24 5.24911298e-24 ... 8.05968868e-24
 8.68371587e-24 8.66494904e-24]
finishing 9600
disp entry 10400 (-0.1599639976939711+0.15999993192688947j)
starting: 10400
some stuff:
tdelaylist (1+0j)
ESFGt (2.899112802483851e-28+1.8103209213397965e-29j)
ESFGw (-2.045890366841885e-12+2.4557265942970474e-13j)
intensity 4.245973324195799e-24
data entry 10400 [5.81779774e-24 5.30100530e-24 4.43347449e-24 ... 4.80844871e-24
 5.55136536e-24 5.90565168e-24]
finishing 10400
disp entry 11200 (-0.44173975507885027+0.13685450062843046j)
starting: 11200
some stuff:
tdelaylist (1+0j)
ESFGt (7.454286045298807e-28-5.726933377223099e-28j)
ESFGw (-2.045892101565361e-12+2.4557179206796675e-13j)
intensity 4.2459799963070014e-24
data entry 11200 [5.81779473e-24 5.30103466e-24 4.43350101e-24 ... 4.80846018e-24
 5.55139819e-24 5.90565082e-24]
finishing 11200
disp entry 12000 (-0.43330150782337373-0.14574430408077105j)
starting: 12000
some stuff:
tdelaylist (1+0j)
ESFGt (2.07068821806953e-29+3.970876693454832e-28j)
ESFGw (-2.045892101565361e-12+2.4557396047231173e-13j)
intensity 4.2459810613095845e-24
data entry 12000 [5.81779477e-24 5.30100819e-24 4.43347708e-24 ... 4.80847869e-24
 5.55137325e-24 5.90567462e-24]
finishing 12000
disp entry 12800 (-0.15064676938931237-0.1520361464648941j)
starting: 12800
some stuff:
tdelaylist (1+0j)
ESFGt (9.089047726056855e-28+2.021349637549133e-28j)
ESFGw (-2.045887764756671e-12+2.4557222574883575e-13j)
intensity 4.245962464040284e-24
data entry 12800 [5.81778789e-24 5.30103145e-24 4.43348917e-24 ... 4.80848918e-24
 5.55135641e-24 5.90567788e-24]
finishing 12800
disp entry 13600 (-0.12964191655268456+0.12990726026263566j)
starting: 13600
some stuff:
tdelaylist (1+0j)
ESFGt (3.8038836102863387e-28+4.369871567119694e-30j)
ESFGw (-2.045889499480147e-12+2.455769962383947e-13j)
intensity 4.2459719051645984e-24
data entry 13600 [5.81777521e-24 5.30099345e-24 4.43349642e-24 ... 4.80845223e-24
 5.55137189e-24 5.90565255e-24]
finishing 13600
disp entry 14400 (-0.41010865705005745+0.16556810594236218j)
starting: 14400
some stuff:
tdelaylist (1+0j)
ESFGt (7.988083435400431e-28+5.202408764281666e-30j)
ESFGw (-2.045890366841885e-12+2.4557179206796675e-13j)
intensity 4.2459728981958956e-24
data entry 14400 [5.81779231e-24 5.30100298e-24 4.43347763e-24 ... 4.80848268e-24
 5.55136552e-24 5.90565235e-24]
finishing 14400
disp entry 15200 (-0.4603286943152921-0.11266064220723578j)
starting: 15200
some stuff:
tdelaylist (1+0j)
ESFGt (2.245237045084713e-28+1.6739048630525762e-28j)
ESFGw (-2.045887764756671e-12+2.455683226210148e-13j)
intensity 4.245960547055947e-24
data entry 15200 [5.81779674e-24 5.30102757e-24 4.43349120e-24 ... 4.80844770e-24
 5.55137154e-24 5.90566386e-24]
finishing 15200
disp entry 16000 (-0.18509318960763632-0.17730354891892558j)
starting: 16000
some stuff:
tdelaylist (1+0j)
ESFGt (-6.550393072227231e-28-3.390656478265506e-28j)
ESFGw (-2.045892968927099e-12+2.4557352679144273e-13j)
intensity 4.2459843973661264e-24
data entry 16000 [5.81780704e-24 5.30102546e-24 4.43349960e-24 ... 4.80850468e-24
 5.55138719e-24 5.90567026e-24]
finishing 16000
disp entry 16800 (-0.10620288642397324+0.09419158640287606j)
starting: 16800
some stuff:
tdelaylist (1+0j)
ESFGt (-3.709309099443474e-28-3.365034216615887e-28j)
ESFGw (-2.045891234203623e-12+2.455696236636218e-13j)
intensity 4.245975382257517e-24
data entry 16800 [5.81779870e-24 5.30102390e-24 4.43348948e-24 ... 4.80846220e-24
 5.55138169e-24 5.90566649e-24]
finishing 16800
disp entry 17600 (-0.37322067963738087+0.18711513856946j)
starting: 17600
some stuff:
tdelaylist (1+0j)
ESFGt (-2.230131252426364e-28+8.277329599316024e-28j)
ESFGw (-2.045891234203623e-12+2.455756951957877e-13j)
intensity 4.2459783642621176e-24
data entry 17600 [5.81779181e-24 5.30102867e-24 4.43348456e-24 ... 4.80845321e-24
 5.55135968e-24 5.90567089e-24]
finishing 17600
disp entry 18400 (-0.47992524008597015-0.074700493544606j)
starting: 18400
some stuff:
tdelaylist (1+0j)
ESFGt (3.998635115160517e-28-2.2921559993181233e-29j)
ESFGw (-2.045891234203623e-12+2.4557179206796675e-13j)
intensity 4.245976447250696e-24
data entry 18400 [5.81781584e-24 5.30101970e-24 4.43349209e-24 ... 4.80847817e-24
 5.55138633e-24 5.90566673e-24]
finishing 18400
disp entry 19200 (-0.22402246681164956-0.19489641306904357j)
starting: 19200
some stuff:
tdelaylist (1+0j)
ESFGt (1.2182993368220006e-27+3.319845259047678e-28j)
ESFGw (-2.0458947036505748e-12+2.4557396047231173e-13j)
intensity 4.245991708487529e-24
data entry 19200 [5.81779140e-24 5.30101217e-24 4.43348111e-24 ... 4.80845472e-24
 5.55134660e-24 5.90563904e-24]
finishing 19200
disp entry 20000 (-0.09066145967086797+0.05439885406254672j)
starting: 20000
some stuff:
tdelaylist (1+0j)
ESFGt (-3.2657079344290322e-28-1.5598586099035946e-27j)
ESFGw (-2.045891234203623e-12+2.455687563018838e-13j)
intensity 4.245974956262878e-24
data entry 20000 [5.81781579e-24 5.30101538e-24 4.43346665e-24 ... 4.80848216e-24
 5.55138513e-24 5.90567941e-24]
finishing 20000
disp entry 20800 (-0.33267250941214777+0.2005629407697033j)
starting: 20800
some stuff:
tdelaylist (1+0j)
ESFGt (-1.0539018969599536e-27+1.650472163697183e-28j)
ESFGw (-2.045891234203623e-12+2.455683226210148e-13j)
intensity 4.245974743266122e-24
data entry 20800 [5.81778547e-24 5.30101105e-24 4.43348431e-24 ... 4.80847916e-24
 5.55134111e-24 5.90566869e-24]
finishing 20800
disp entry 21600 (-0.49124291371500883-0.03350695331973686j)
starting: 21600
some stuff:
tdelaylist (1+0j)
ESFGt (-1.2229829684260158e-29+1.635549484094511e-27j)
ESFGw (-2.045889499480147e-12+2.4556615421666983e-13j)
intensity 4.2459665801798904e-24
data entry 21600 [5.81779774e-24 5.30102147e-24 4.43349383e-24 ... 4.80847018e-24
 5.55136984e-24 5.90567262e-24]
finishing 21600
disp entry 22400 (-0.26574955729597927-0.20405323633608952j)
starting: 22400
some stuff:
tdelaylist (1+0j)
ESFGt (-2.8359057584203623e-28-3.9992740424195672e-28j)
ESFGw (-2.045889499480147e-12+2.455700573444908e-13j)
intensity 4.245968497147303e-24
data entry 22400 [5.81778497e-24 5.30100996e-24 4.43348139e-24 ... 4.80846319e-24
 5.55138204e-24 5.90567811e-24]
finishing 22400
disp entry 23200 (-0.08369034293483901+0.012251481379495556j)
starting: 23200
some stuff:
tdelaylist (1+0j)
ESFGt (3.691492255700264e-28-2.4900892645926325e-29j)
ESFGw (-2.045889499480147e-12+2.455761288766567e-13j)
intensity 4.2459714791571694e-24
data entry 23200 [5.81779774e-24 5.30103466e-24 4.43348979e-24 ... 4.80848317e-24
 5.55138204e-24 5.90566413e-24]
finishing 23200
disp entry 24000 (-0.29021926344586946+0.20532942789944855j)
starting: 24000
some stuff:
tdelaylist (1+0j)
ESFGt (-1.530943721809243e-28+9.899334003817649e-28j)
ESFGw (-2.045893836288837e-12+2.4557179206796675e-13j)
intensity 4.2459870944241265e-24
data entry 24000 [5.81779186e-24 5.30099577e-24 4.43345974e-24 ... 4.80847018e-24
 5.55137722e-24 5.90566739e-24]
finishing 24000
disp entry 24800 (-0.4937918326235938+0.009136926722173132j)
starting: 24800
some stuff:
tdelaylist (1+0j)
ESFGt (-9.777702725727896e-28+9.240427866926653e-28j)
ESFGw (-2.045892101565361e-12+2.4557092470622877e-13j)
intensity 4.245979570308601e-24
data entry 24800 [5.81778643e-24 5.30102668e-24 4.43347649e-24 ... 4.80845669e-24
 5.55138050e-24 5.90566829e-24]
finishing 24800
disp entry 25600 (-0.3084683147303033-0.2043776679908563j)
starting: 25600
some stuff:
tdelaylist (1+0j)
ESFGt (1.328862772678027e-29-7.26464112110268e-28j)
ESFGw (-2.045892968927099e-12+2.455700573444908e-13j)
intensity 4.245982693369517e-24
data entry 25600 [5.81778552e-24 5.30100907e-24 4.43347795e-24 ... 4.80846619e-24
 5.55135641e-24 5.90564469e-24]
finishing 25600
disp entry 26400 (-0.08559127920263429-0.030426193509574158j)
starting: 26400
some stuff:
tdelaylist (1+0j)
ESFGt (1.5599683015821196e-27+5.489832086286253e-28j)
ESFGw (-2.045891234203623e-12+2.4557179206796675e-13j)
intensity 4.245976447250696e-24
data entry 26400 [5.81780262e-24 5.30100785e-24 4.43347966e-24 ... 4.80848068e-24
 5.55136208e-24 5.90565930e-24]
finishing 26400
disp entry 27200 (-0.24769851952128205+0.20120828379483222j)
starting: 27200
some stuff:
tdelaylist (1+0j)
ESFGt (-9.994887816182997e-29-1.1771334195199893e-27j)
ESFGw (-2.045890366841885e-12+2.4557309311057374e-13j)
intensity 4.245973537196317e-24
data entry 27200 [5.81778985e-24 5.30101062e-24 4.43348109e-24 ... 4.80845971e-24
 5.55135177e-24 5.90566107e-24]
finishing 27200
disp entry 28000 (-0.48746166751534703+0.051385317251679545j)
starting: 28000
some stuff:
tdelaylist (1+0j)
ESFGt (1.5984886144346673e-27-1.5189933110818344e-27j)
ESFGw (-2.045891234203623e-12+2.4557352679144273e-13j)
intensity 4.2459772992520106e-24
data entry 28000 [5.81780015e-24 5.30103854e-24 4.43348311e-24 ... 4.80845971e-24
 5.55133973e-24 5.90567808e-24]
finishing 28000
disp entry 28800 (-0.3503296687365974-0.19585566509299235j)
starting: 28800
some stuff:
tdelaylist (1+0j)
ESFGt (7.160146809035486e-28+4.951793243613756e-28j)
ESFGw (-2.045893836288837e-12+2.455752615149187e-13j)
intensity 4.245988798432775e-24
data entry 28800 [5.81778401e-24 5.30100918e-24 4.43346147e-24 ... 4.80846720e-24
 5.55136691e-24 5.90564469e-24]
finishing 28800
disp entry 29600 (-0.09628198693905932-0.07178687847399047j)
starting: 29600
some stuff:
tdelaylist (1+0j)
ESFGt (-6.091887468273177e-28-1.1100724772605218e-27j)
ESFGw (-2.045892101565361e-12+2.455674552592768e-13j)
intensity 4.2459778663300464e-24
data entry 29600 [5.81779870e-24 5.30103809e-24 4.43347216e-24 ... 4.80845319e-24
 5.55134903e-24 5.90565518e-24]
finishing 29600
disp entry 30400 (-0.20695077705280712+0.18837789111361647j)
starting: 30400
some stuff:
tdelaylist (1+0j)
ESFGt (1.4221179312310204e-27-1.0310178200961963e-27j)
ESFGw (-2.045886897394933e-12+2.455678889401458e-13j)
intensity 4.245956785010785e-24
data entry 30400 [5.81780654e-24 5.30101903e-24 4.43348866e-24 ... 4.80846319e-24
 5.55136605e-24 5.90563794e-24]
finishing 30400
disp entry 31200 (-0.472526417951415+0.0914095076006959j)
starting: 31200
some stuff:
tdelaylist (1+0j)
ESFGt (1.3879744354244938e-27+6.820720073042329e-28j)
ESFGw (-2.045888632118409e-12+2.455691899827528e-13j)
intensity 4.24596452210012e-24
data entry 31200 [5.81780453e-24 5.30101682e-24 4.43348428e-24 ... 4.80848566e-24
 5.55137378e-24 5.90566806e-24]
finishing 31200
disp entry 32000 (-0.38952166142267697-0.17885610033604898j)
starting: 32000
some stuff:
tdelaylist (1+0j)
ESFGt (8.92811000079199e-28+8.145668498432683e-28j)
ESFGw (-2.045891234203623e-12+2.4557092470622877e-13j)
intensity 4.2459760212522954e-24
data entry 32000 [5.81780015e-24 5.30101572e-24 4.43349583e-24 ... 4.80846919e-24
 5.55138841e-24 5.90567002e-24]
finishing 32000
disp entry 32800 (-0.11529972162196883-0.11004028695169102j)
starting: 32800
some stuff:
tdelaylist (1+0j)
ESFGt (-1.33088156855692e-28+4.273933528909254e-28j)
ESFGw (-2.045892968927099e-12+2.4557265942970474e-13j)
intensity 4.245983971364717e-24
data entry 32800 [5.81779040e-24 5.30103799e-24 4.43349292e-24 ... 4.80847318e-24
 5.55135710e-24 5.90567788e-24]
finishing 32800
disp entry 33600 (-0.16973979154494+0.16739361008793785j)
starting: 33600
some stuff:
tdelaylist (1+0j)
ESFGt (-5.2481283305958815e-28-4.199588586534153e-28j)
ESFGw (-2.045892101565361e-12+2.455696236636218e-13j)
intensity 4.2459789313138216e-24
data entry 33600 [5.81777713e-24 5.30102635e-24 4.43349207e-24 ... 4.80844921e-24
 5.55137738e-24 5.90564909e-24]
finishing 33600
disp entry 34400 (-0.4496325523502561+0.12747706103127154j)
starting: 34400
some stuff:
tdelaylist (1+0j)
ESFGt (8.057062089017982e-28-1.1454375367341913e-28j)
ESFGw (-2.045892968927099e-12+2.455687563018838e-13j)
intensity 4.245982054376992e-24
data entry 34400 [5.81779824e-24 5.30101405e-24 4.43347735e-24 ... 4.80847269e-24
 5.55140077e-24 5.90565168e-24]
finishing 34400
disp entry 35200 (-0.4243478775114139-0.15411479548824286j)
starting: 35200
some stuff:
tdelaylist (1+0j)
ESFGt (1.2052111370886457e-27+2.9371583257389774e-27j)
ESFGw (-2.045893836288837e-12+2.455691899827528e-13j)
intensity 4.2459858164334384e-24
data entry 35200 [5.81779769e-24 5.30098868e-24 4.43348025e-24 ... 4.80844768e-24
 5.55139270e-24 5.90567262e-24]
finishing 35200
disp entry 36000 (-0.14182130551934682-0.1435306300404952j)
starting: 36000
some stuff:
tdelaylist (1+0j)
ESFGt (4.418907590440517e-28+5.724557230121161e-28j)
ESFGw (-2.045891234203623e-12+2.4557135838709776e-13j)
intensity 4.2459762342513075e-24
data entry 36000 [5.81780805e-24 5.30101593e-24 4.43348574e-24 ... 4.80845819e-24
 5.55134644e-24 5.90566586e-24]
finishing 36000
disp entry 36800 (-0.13767623089095254+0.13916373990015324j)
starting: 36800
some stuff:
tdelaylist (1+0j)
ESFGt (-6.8611727438185325e-28+4.180556591022306e-28j)
ESFGw (-2.045893836288837e-12+2.4557309311057374e-13j)
intensity 4.2459877334245476e-24
data entry 36800 [5.81778698e-24 5.30102679e-24 4.43347880e-24 ... 4.80845620e-24
 5.55135382e-24 5.90566347e-24]
finishing 36800
disp entry 37600 (-0.4197710257691817+0.15802680281216688j)
starting: 37600
some stuff:
tdelaylist (1+0j)
ESFGt (9.270269057734989e-28+1.1657990364812816e-27j)
ESFGw (-2.045888632118409e-12+2.4557265942970474e-13j)
intensity 4.245966226090711e-24
data entry 37600 [5.81779532e-24 5.30101516e-24 4.43348458e-24 ... 4.80848216e-24
 5.55135694e-24 5.90567132e-24]
finishing 37600
disp entry 38400 (-0.45330087323767376-0.12270267153734568j)
starting: 38400
some stuff:
tdelaylist (1+0j)
ESFGt (2.957851899724949e-28+1.1819710887500922e-27j)
ESFGw (-2.045887764756671e-12+2.4557179206796675e-13j)
intensity 4.245962251040519e-24
data entry 38400 [5.81779870e-24 5.30101461e-24 4.43349121e-24 ... 4.80844670e-24
 5.55136278e-24 5.90565757e-24]
finishing 38400
disp entry 39200 (-0.17469875872474322-0.17080828689291422j)
starting: 39200
some stuff:
tdelaylist (1+0j)
ESFGt (-9.593952258709052e-28+6.2641676626613295e-28j)
ESFGw (-2.045889499480147e-12+2.455743941531807e-13j)
intensity 4.2459706271468276e-24
data entry 39200 [5.81777818e-24 5.30101793e-24 4.43349034e-24 ... 4.80846016e-24
 5.55137807e-24 5.90568923e-24]
finishing 39200
disp entry 40000 (-0.11214795802928271+0.10491020318740657j)
starting: 40000
some stuff:
tdelaylist (1+0j)
ESFGt (2.7225748059970764e-27-8.002740929308009e-28j)
ESFGw (-2.045892968927099e-12+2.4557265942970474e-13j)
intensity 4.245983971364717e-24
data entry 40000 [5.81781101e-24 5.30101217e-24 4.43348141e-24 ... 4.80844170e-24
 5.55136331e-24 5.90566280e-24]
finishing 40000
disp entry 40800 (-0.3842343866707455+0.1817363952637222j)
starting: 40800
some stuff:
tdelaylist (1+0j)
ESFGt (-1.1135111940491348e-27+1.1809152849267825e-27j)
ESFGw (-2.045891234203623e-12+2.455691899827528e-13j)
intensity 4.245975169260007e-24
data entry 40800 [5.81780262e-24 5.30101161e-24 4.43348976e-24 ... 4.80845171e-24
 5.55136741e-24 5.90565867e-24]
finishing 40800
disp entry 41600 (-0.47512742566221566-0.0859793941524216j)
starting: 41600
some stuff:
tdelaylist (1+0j)
ESFGt (-5.624066363111455e-28-1.6863180085417793e-27j)
ESFGw (-2.045889499480147e-12+2.455700573444908e-13j)
intensity 4.245968497147303e-24
data entry 41600 [5.81778306e-24 5.30099488e-24 4.43349355e-24 ... 4.80846769e-24
 5.55136142e-24 5.90568114e-24]
finishing 41600
disp entry 42400 (-0.21250898917091932-0.19069255117999337j)
starting: 42400
some stuff:
tdelaylist (1+0j)
ESFGt (2.248327242186358e-27-3.983185225118987e-27j)
ESFGw (-2.0458947036505748e-12+2.4557092470622877e-13j)
intensity 4.245990217486546e-24
data entry 42400 [5.81779583e-24 5.30100530e-24 4.43348487e-24 ... 4.80846368e-24
 5.55136003e-24 5.90565125e-24]
finishing 42400
disp entry 43200 (-0.09425995765484863+0.0661156554360073j)
starting: 43200
some stuff:
tdelaylist (1+0j)
ESFGt (7.873525084250084e-28-1.796722960675925e-28j)
ESFGw (-2.045889499480147e-12+2.4557222574883575e-13j)
intensity 4.245969562142364e-24
data entry 43200 [5.81781046e-24 5.30101072e-24 4.43348805e-24 ... 4.80846619e-24
 5.55136656e-24 5.90567152e-24]
finishing 43200
disp entry 44000 (-0.3445608292964949+0.1975795748026719j)
starting: 44000
some stuff:
tdelaylist (1+0j)
ESFGt (-3.726623580723572e-27+1.600983798583299e-27j)
ESFGw (-2.045886030033195e-12+2.455683226210148e-13j)
intensity 4.245953448959884e-24
data entry 44000 [5.81781001e-24 5.30103156e-24 4.43348803e-24 ... 4.80847918e-24
 5.55137498e-24 5.90565561e-24]
finishing 44000
disp entry 44800 (-0.4888827781028081-0.045534520906651124j)
starting: 44800
some stuff:
tdelaylist (1+0j)
ESFGt (7.502791493727861e-28-1.3856244773022565e-27j)
ESFGw (-2.045892101565361e-12+2.4557049102535977e-13j)
intensity 4.245979357309964e-24
data entry 44800 [5.81777672e-24 5.30101350e-24 4.43347793e-24 ... 4.80844871e-24
 5.55136432e-24 5.90564379e-24]
finishing 44800
disp entry 45600 (-0.25361539080227835-0.20232273765968942j)
starting: 45600
some stuff:
tdelaylist (1+0j)
ESFGt (-1.1579027895369776e-27-1.0146438657640444e-27j)
ESFGw (-2.045887764756671e-12+2.455696236636218e-13j)
intensity 4.245961186047341e-24
data entry 45600 [5.81778889e-24 5.30100375e-24 4.43345915e-24 ... 4.80845122e-24
 5.55134487e-24 5.90566456e-24]
finishing 45600
disp entry 46400 (-0.08478650724202158+0.024459308621781518j)
starting: 46400
some stuff:
tdelaylist (1+0j)
ESFGt (2.7365392273069353e-28-5.485744048893698e-28j)
ESFGw (-2.045886897394933e-12+2.4557135838709776e-13j)
intensity 4.24595848899235e-24
data entry 46400 [5.81780011e-24 5.30103266e-24 4.43349150e-24 ... 4.80845671e-24
 5.55133594e-24 5.90567328e-24]
finishing 46400
disp entry 47200 (-0.3024676133266657+0.20487057349617535j)
starting: 47200
some stuff:
tdelaylist (1+0j)
ESFGt (4.440606283284379e-28-1.0142742971109934e-27j)
ESFGw (-2.045886030033195e-12+2.4557179206796675e-13j)
intensity 4.24595515294446e-24
data entry 47200 [5.81779824e-24 5.30100685e-24 4.43346868e-24 ... 4.80846319e-24
 5.55137274e-24 5.90567874e-24]
finishing 47200
disp entry 48000 (-0.4939715336831175-0.0031186976884791016j)
starting: 48000
some stuff:
tdelaylist (1+0j)
ESFGt (2.532029976364265e-27-6.481488290436267e-28j)
ESFGw (-2.045892968927099e-12+2.4557179206796675e-13j)
intensity 4.245983545364812e-24
data entry 48000 [5.81778351e-24 5.30100153e-24 4.43347678e-24 ... 4.80845720e-24
 5.55137154e-24 5.90565911e-24]
finishing 48000
disp entry 48800 (-0.2962386836451342-0.2051954367151953j)
starting: 48800
some stuff:
tdelaylist (1+0j)
ESFGt (-1.950961782495906e-27-8.0760772533315165e-28j)
ESFGw (-2.045886897394933e-12+2.455683226210148e-13j)
intensity 4.245956998007164e-24
data entry 48800 [5.81779774e-24 5.30102059e-24 4.43348285e-24 ... 4.80846619e-24
 5.55135126e-24 5.90566347e-24]
finishing 48800
disp entry 49600 (-0.08413766264420536-0.01825575304643144j)
starting: 49600
some stuff:
tdelaylist (1+0j)
ESFGt (9.371806792742068e-28-2.6114015977750073e-27j)
ESFGw (-2.045888632118409e-12+2.4557135838709776e-13j)
intensity 4.2459655870914186e-24
data entry 49600 [5.81779085e-24 5.30102004e-24 4.43348863e-24 ... 4.80843771e-24
 5.55137671e-24 5.90564249e-24]
finishing 49600
disp entry 50400 (-0.25977673273862095+0.20329380234960573j)
starting: 50400
some stuff:
tdelaylist (1+0j)
ESFGt (5.756311348965969e-28-1.8398377228211193e-27j)
ESFGw (-2.045889499480147e-12+2.455696236636218e-13j)
intensity 4.245968284149417e-24
data entry 50400 [5.81778009e-24 5.30101959e-24 4.43347592e-24 ... 4.80846419e-24
 5.55135539e-24 5.90567721e-24]
finishing 50400
disp entry 51200 (-0.49017342693266497+0.03943211755333818j)
starting: 51200
some stuff:
tdelaylist (1+0j)
ESFGt (-2.7709508157590653e-27-3.6166426058918807e-28j)
ESFGw (-2.045891234203623e-12+2.4557352679144273e-13j)
intensity 4.2459772992520106e-24
data entry 51200 [5.81779970e-24 5.30102635e-24 4.43348657e-24 ... 4.80846569e-24
 5.55136965e-24 5.90565388e-24]
finishing 51200
disp entry 52000 (-0.3385339294816315-0.19918630431012985j)
starting: 52000
some stuff:
tdelaylist (1+0j)
ESFGt (-4.928442051155857e-28+1.2239959389278934e-27j)
ESFGw (-2.045893836288837e-12+2.4557092470622877e-13j)
intensity 4.245986668425726e-24
data entry 52000 [5.81781438e-24 5.30100741e-24 4.43350335e-24 ... 4.80845221e-24
 5.55135502e-24 5.90566327e-24]
finishing 52000
disp entry 52800 (-0.09234150893217033-0.06018061916088426j)
starting: 52800
some stuff:
tdelaylist (1+0j)
ESFGt (1.703464330182817e-28+2.393882868639103e-27j)
ESFGw (-2.045886897394933e-12+2.4557092470622877e-13j)
intensity 4.245958275993337e-24
data entry 52800 [5.81778255e-24 5.30101594e-24 4.43348083e-24 ... 4.80846619e-24
 5.55136691e-24 5.90565757e-24]
finishing 52800
disp entry 53600 (-0.21833605126830066+0.19291751149464198j)
starting: 53600
some stuff:
tdelaylist (1+0j)
ESFGt (-2.9021270161948962e-27-1.3705990352311193e-27j)
ESFGw (-2.045890366841885e-12+2.455678889401458e-13j)
intensity 4.245970981214942e-24
data entry 53600 [5.81780554e-24 5.30100520e-24 4.43347505e-24 ... 4.80848667e-24
 5.55139286e-24 5.90565781e-24]
finishing 53600
disp entry 54400 (-0.4776528579208011+0.08027612377519103j)
starting: 54400
some stuff:
tdelaylist (1+0j)
ESFGt (1.642915860879419e-27-8.65426397990296e-28j)
ESFGw (-2.045889499480147e-12+2.4557179206796675e-13j)
intensity 4.2459693491425986e-24
data entry 54400 [5.81781680e-24 5.30100885e-24 4.43347391e-24 ... 4.80848414e-24
 5.55136536e-24 5.90567175e-24]
finishing 54400
disp entry 55200 (-0.378670389523831-0.18455544418802738j)
starting: 55200
some stuff:
tdelaylist (1+0j)
ESFGt (6.481956001770945e-28+1.814875639769741e-27j)
ESFGw (-2.045892968927099e-12+2.4557352679144273e-13j)
intensity 4.2459843973661264e-24
data entry 55200 [5.81779870e-24 5.30101427e-24 4.43348227e-24 ... 4.80846070e-24
 5.55138220e-24 5.90563597e-24]
finishing 55200
disp entry 56000 (-0.10904294473902171-0.09950058272420632j)
starting: 56000
some stuff:
tdelaylist (1+0j)
ESFGt (5.4692759278720115e-28-1.9991088394364337e-27j)
ESFGw (-2.045891234203623e-12+2.455665878975388e-13j)
intensity 4.245973891282862e-24
data entry 56000 [5.81776933e-24 5.30101926e-24 4.43348284e-24 ... 4.80841573e-24
 5.55134988e-24 5.90566500e-24]
finishing 56000
disp entry 56800 (-0.17993931810585606+0.17419083599995314j)
starting: 56800
some stuff:
tdelaylist (1+0j)
ESFGt (1.5307906007866304e-27-2.048675958816201e-28j)
ESFGw (-2.045888632118409e-12+2.4557352679144273e-13j)
intensity 4.245966652092123e-24
data entry 56800 [5.81780262e-24 5.30101572e-24 4.43349150e-24 ... 4.80848416e-24
 5.55137085e-24 5.90567438e-24]
finishing 56800
disp entry 57600 (-0.45695177624218736+0.11764539872088291j)
starting: 57600
some stuff:
tdelaylist (1+0j)
ESFGt (9.531841260624598e-28+2.6533284015676787e-27j)
ESFGw (-2.045887764756671e-12+2.455756951957877e-13j)
intensity 4.2459641680519416e-24
data entry 57600 [5.81779970e-24 5.30102403e-24 4.43346206e-24 ... 4.80845021e-24
 5.55137463e-24 5.90566020e-24]
finishing 57600
disp entry 58400 (-0.4149107674691098-0.16193614934900882j)
starting: 58400
some stuff:
tdelaylist (1+0j)
ESFGt (-1.6520435630407294e-27+9.950244494880576e-28j)
ESFGw (-2.045889499480147e-12+2.4557352679144273e-13j)
intensity 4.245970201143913e-24
data entry 58400 [5.81779769e-24 5.30102447e-24 4.43348946e-24 ... 4.80846021e-24
 5.55136448e-24 5.90566217e-24]
finishing 58400
disp entry 59200 (-0.13351905273111578-0.1345136892729075j)
starting: 59200
some stuff:
tdelaylist (1+0j)
ESFGt (-5.958671172376974e-28-8.182166935987296e-28j)
ESFGw (-2.045892101565361e-12+2.455691899827528e-13j)
intensity 4.2459787183163126e-24
data entry 59200 [5.81781383e-24 5.30100187e-24 4.43349123e-24 ... 4.80846220e-24
 5.55135572e-24 5.90565082e-24]
finishing 59200
disp entry 60000 (-0.1462485259254141+0.14792435517579497j)
starting: 60000
some stuff:
tdelaylist (1+0j)
ESFGt (-5.875810364938923e-28-2.0528720156760377e-28j)
ESFGw (-2.045889499480147e-12+2.455743941531807e-13j)
intensity 4.2459706271468276e-24
data entry 60000 [5.81781137e-24 5.30101916e-24 4.43348573e-24 ... 4.80847567e-24
 5.55135502e-24 5.90568487e-24]
finishing 60000
disp entry 60800 (-0.4289662228686123+0.14992242297972885j)
starting: 60800
some stuff:
tdelaylist (1+0j)
ESFGt (1.3251989591596213e-27+5.073226614534209e-28j)
ESFGw (-2.045892968927099e-12+2.4557352679144273e-13j)
intensity 4.2459843973661264e-24
data entry 60800 [5.81779422e-24 5.30101693e-24 4.43348688e-24 ... 4.80846619e-24
 5.55138100e-24 5.90566826e-24]
finishing 60800
disp entry 61600 (-0.44568640792176867-0.1323074901258889j)
starting: 61600
some stuff:
tdelaylist (1+0j)
ESFGt (6.963263415757674e-27-6.1656174886765825e-27j)
ESFGw (-2.045891234203623e-12+2.4557092470622877e-13j)
intensity 4.2459760212522954e-24
data entry 61600 [5.81780654e-24 5.30100564e-24 4.43349930e-24 ... 4.80847367e-24
 5.55136741e-24 5.90566064e-24]
finishing 61600
disp entry 62400 (-0.1647103908980596-0.16370440553658375j)
starting: 62400
some stuff:
tdelaylist (1+0j)
ESFGt (-3.1896605463432064e-27-1.968783748197141e-27j)
ESFGw (-2.045893836288837e-12+2.4557222574883575e-13j)
intensity 4.245987307423891e-24
data entry 62400 [5.81782414e-24 5.30102867e-24 4.43348860e-24 ... 4.80848566e-24
 5.55136088e-24 5.90567285e-24]
finishing 62400
disp entry 63200 (-0.11872197196160783+0.1152550068580099j)
starting: 63200
some stuff:
tdelaylist (1+0j)
ESFGt (1.776884431782747e-27-1.413064464359151e-27j)
ESFGw (-2.045890366841885e-12+2.4557135838709776e-13j)
intensity 4.245972685196506e-24
data entry 63200 [5.81779473e-24 5.30101184e-24 4.43348341e-24 ... 4.80845971e-24
 5.55136587e-24 5.90566130e-24]
finishing 63200
disp entry 64000 (-0.3949075452470487+0.17571009389630268j)
starting: 64000
some stuff:
tdelaylist (1+0j)
ESFGt (4.494250357684042e-27+2.6677039512744214e-27j)
ESFGw (-2.045890366841885e-12+2.4557092470622877e-13j)
intensity 4.245972472197495e-24
data entry 64000 [5.81781041e-24 5.30103089e-24 4.43347907e-24 ... 4.80846572e-24
 5.55136792e-24 5.90566284e-24]
finishing 64000
Top-level running in PID 36326 (name=__main__)
Running interfere() with b=7217.391304347826, sigma_s=11.5
MID-level running in PID 36326 (name=__main__)
E1_shared element:  0j
E1 element:  (-7.289805246091994e-10+9.540118627114235e-10j)
this thing psm_40bcd6be
ill try to just make an array with this now
testfreq element:  0.0
did it
disp entry 0 (-0.08332452033614668+0j)
starting: 0
some stuff:
tdelaylist (1+0j)
ESFGt (5.507507909263579e-29+9.362503819482994e-31j)
ESFGw (-3.3247514984180437e-13+5.713929763367931e-14j)
intensity 1.1380462459640044e-25
data entry 0 [4.07835028e-25 4.60525863e-25 4.79888791e-25 ... 1.46869499e-25
 2.38177589e-25 3.29783980e-25]
finishing 0
disp entry 800 (-0.27796535717647075+0.2050566582042932j)
starting: 800
some stuff:
tdelaylist (1+0j)
ESFGt (1.3874456446040108e-28-4.168288669302548e-29j)
ESFGw (-1.9653558294696616e-12-3.919139318631082e-13j)
intensity 4.016220066418784e-24
data entry 800 [1.16554833e-23 1.16926441e-23 1.09334318e-23 ... 7.38431716e-24
 9.33239132e-24 1.08284002e-23]
finishing 800
disp entry 1600 (-0.4928812110671021+0.021359994690023542j)
starting: 1600
some stuff:
tdelaylist (1+0j)
ESFGt (2.754901492905763e-28-1.4233540246666162e-28j)
ESFGw (-2.397646317597868e-12-2.1001689970434612e-13j)
intensity 5.79281496245204e-24
data entry 1600 [1.51877394e-23 1.63571043e-23 1.63712440e-23 ... 7.18651031e-24
 1.02415449e-23 1.30435340e-23]
finishing 1600
disp entry 2400 (-0.32062736491562593-0.20283166645248532j)
starting: 2400
some stuff:
tdelaylist (1+0j)
ESFGt (2.8816626151769676e-28-6.479707000839969e-29j)
ESFGw (-1.490444920260181e-12+1.166142269554138e-12j)
intensity 3.581313853170254e-24
data entry 2400 [5.63863640e-24 6.41448194e-24 6.65363462e-24 ... 1.71254029e-24
 3.06439095e-24 4.45459197e-24]
finishing 2400
disp entry 3200 (-0.08776846410639105-0.04248822020746742j)
starting: 3200
some stuff:
tdelaylist (1+0j)
ESFGt (3.256030796616114e-28+5.631455607117108e-29j)
ESFGw (-1.731439644436783e-12-3.629692033046972e-14j)
intensity 2.9992007087528507e-24
data entry 3200 [8.67736332e-24 9.75882683e-24 1.00618927e-23 ... 3.13182929e-24
 5.04704127e-24 7.00979346e-24]
finishing 3200
disp entry 4000 (-0.23576625864575806+0.19840582548751706j)
starting: 4000
some stuff:
tdelaylist (1+0j)
ESFGt (2.205932243601692e-28+2.7296519193890833e-30j)
ESFGw (-1.5618652204896222e-12+2.627247377984254e-13j)
intensity 2.5084472548263475e-24
data entry 4000 [1.21082053e-23 1.32724475e-23 1.34895721e-23 ... 5.25542120e-24
 7.77255267e-24 1.01772090e-23]
finishing 4000
disp entry 4800 (-0.4840415430690601+0.06315542221883048j)
starting: 4800
some stuff:
tdelaylist (1+0j)
ESFGt (2.322909716987048e-28+5.887595685101962e-29j)
ESFGw (-2.088352060725107e-12-5.920979852247488e-13j)
intensity 4.711794353642008e-24
data entry 4800 [4.51224453e-24 5.25496418e-24 5.57306036e-24 ... 1.20439529e-24
 2.29391979e-24 3.46584503e-24]
finishing 4800
disp entry 5600 (-0.3619056678810876-0.1918271584251852j)
starting: 5600
some stuff:
tdelaylist (1+0j)
ESFGt (2.1688362336196854e-28-1.1841565959649659e-28j)
ESFGw (-2.451710709450161e-12+2.3759119671673545e-13j)
intensity 6.067334979589902e-24
data entry 5600 [9.77324374e-24 1.07213974e-23 1.10124586e-23 ... 4.58376907e-24
 6.48844320e-24 8.29673873e-24]
finishing 5600
disp entry 6400 (-0.10090794045923898-0.08313734878120543j)
starting: 6400
some stuff:
tdelaylist (1+0j)
ESFGt (1.7176426540367855e-28+2.8095342752277437e-28j)
ESFGw (-1.498445464931386e-12+2.395987054593096e-13j)
intensity 2.3027463510312148e-24
data entry 6400 [9.11269235e-24 1.02933580e-23 1.07875368e-23 ... 3.41681013e-24
 5.41388964e-24 7.40665664e-24]
finishing 6400
disp entry 7200 (-0.19585664640014067+0.18316704787788468j)
starting: 7200
some stuff:
tdelaylist (1+0j)
ESFGt (5.599814378047776e-28+8.401814482101156e-29j)
ESFGw (-1.5176939566208247e-12+3.583314200916732e-13j)
intensity 2.4317963525882886e-24
data entry 7200 [1.32524043e-23 1.52205266e-23 1.62485049e-23 ... 4.84046410e-24
 7.68022463e-24 1.06177617e-23]
finishing 7200
disp entry 8000 (-0.46674482981831067+0.10221718361476176j)
starting: 8000
some stuff:
tdelaylist (1+0j)
ESFGt (3.4496472065293187e-28-3.018421649801916e-28j)
ESFGw (-2.296906588539205e-12-6.423746083672466e-13j)
intensity 5.688425013949781e-24
data entry 8000 [1.60503475e-23 1.77052226e-23 1.81672181e-23 ... 6.96616373e-24
 1.02650948e-23 1.34446347e-23]
finishing 8000
disp entry 8800 (-0.4000135453943324-0.17251946140905j)
starting: 8800
some stuff:
tdelaylist (1+0j)
ESFGt (1.9124852813522483e-28+2.2068577902377103e-28j)
ESFGw (-8.464296971655294e-13+3.710304632975614e-13j)
intensity 8.54106836938533e-25
data entry 8800 [1.38609589e-23 1.43059529e-23 1.37133449e-23 ... 7.64437483e-24
 1.02654006e-23 1.24443998e-23]
finishing 8800
disp entry 9600 (-0.12217421055568767-0.12018789869367334j)
starting: 9600
some stuff:
tdelaylist (1+0j)
ESFGt (2.395131867968236e-28-1.365076892003414e-28j)
ESFGw (-2.2638505653427288e-12+6.641566636933494e-13j)
intensity 5.566123456130872e-24
data entry 9600 [9.50297708e-24 9.73068111e-24 9.22705548e-24 ... 5.28240941e-24
 7.09690685e-24 8.57844020e-24]
finishing 9600
disp entry 10400 (-0.1599639976939711+0.15999993192688947j)
starting: 10400
some stuff:
tdelaylist (1+0j)
ESFGt (-3.687798566569754e-28+8.813301006034183e-28j)
ESFGw (-1.5874133604820706e-12+2.9181735153316346e-13j)
intensity 2.6050385436928098e-24
data entry 10400 [9.33509621e-24 1.05484321e-23 1.09982450e-23 ... 3.34641377e-24
 5.43947670e-24 7.54166147e-24]
finishing 10400
disp entry 11200 (-0.44173975507885027+0.13685450062843046j)
starting: 11200
some stuff:
tdelaylist (1+0j)
ESFGt (4.26293985905251e-28+6.098677312663018e-28j)
ESFGw (-1.5874133604820706e-12+2.918212546609844e-13j)
intensity 2.605040821708892e-24
data entry 11200 [9.33508629e-24 1.05484260e-23 1.09982211e-23 ... 3.34639589e-24
 5.43948961e-24 7.54172006e-24]
finishing 11200
disp entry 12000 (-0.43330150782337373-0.14574430408077105j)
starting: 12000
some stuff:
tdelaylist (1+0j)
ESFGt (-7.624749389975956e-29+4.472461892430646e-28j)
ESFGw (-1.5874098910351186e-12+2.918160504905565e-13j)
intensity 2.6050267694800335e-24
data entry 12000 [9.33506510e-24 1.05484270e-23 1.09982136e-23 ... 3.34639280e-24
 5.43943565e-24 7.54167184e-24]
finishing 12000
disp entry 12800 (-0.15064676938931237-0.1520361464648941j)
starting: 12800
some stuff:
tdelaylist (1+0j)
ESFGt (3.9853983886126304e-28-7.588564119162729e-30j)
ESFGw (-1.5874150952055466e-12+2.918151831288185e-13j)
intensity 2.6050427855909407e-24
data entry 12800 [9.33506279e-24 1.05483873e-23 1.09982466e-23 ... 3.34637226e-24
 5.43948060e-24 7.54166455e-24]
finishing 12800
disp entry 13600 (-0.12964191655268456+0.12990726026263566j)
starting: 13600
some stuff:
tdelaylist (1+0j)
ESFGt (-2.5111562749842277e-28-4.234991893114535e-28j)
ESFGw (-1.5874133604820706e-12+2.918143157670805e-13j)
intensity 2.6050367719235896e-24
data entry 13600 [9.33508475e-24 1.05484512e-23 1.09982476e-23 ... 3.34640267e-24
 5.43949232e-24 7.54169482e-24]
finishing 13600
disp entry 14400 (-0.41010865705005745+0.16556810594236218j)
starting: 14400
some stuff:
tdelaylist (1+0j)
ESFGt (6.424799016482551e-28-8.14014291514427e-28j)
ESFGw (-1.5874142278438086e-12+2.918160504905565e-13j)
intensity 2.605040538084862e-24
data entry 14400 [9.33505797e-24 1.05484087e-23 1.09982321e-23 ... 3.34638880e-24
 5.43949663e-24 7.54166631e-24]
finishing 14400
disp entry 15200 (-0.4603286943152921-0.11266064220723578j)
starting: 15200
some stuff:
tdelaylist (1+0j)
ESFGt (2.201131915877454e-28+5.205230539411211e-28j)
ESFGw (-1.5874116257585946e-12+2.918130147244735e-13j)
intensity 2.60503050515613e-24
data entry 15200 [9.33506645e-24 1.05484204e-23 1.09982484e-23 ... 3.34639828e-24
 5.43945048e-24 7.54167003e-24]
finishing 15200
disp entry 16000 (-0.18509318960763632-0.17730354891892558j)
starting: 16000
some stuff:
tdelaylist (1+0j)
ESFGt (1.5521785702246441e-28-5.843089250586892e-28j)
ESFGw (-1.5874124931203326e-12+2.918147494479495e-13j)
intensity 2.6050342713098796e-24
data entry 16000 [9.33508282e-24 1.05484086e-23 1.09982211e-23 ... 3.34637962e-24
 5.43948115e-24 7.54168680e-24]
finishing 16000
disp entry 16800 (-0.10620288642397324+0.09419158640287606j)
starting: 16800
some stuff:
tdelaylist (1+0j)
ESFGt (4.965247209981233e-28+8.364984583351474e-28j)
ESFGw (-1.5874159625672846e-12+2.918156168096875e-13j)
intensity 2.6050457924274373e-24
data entry 16800 [9.33511027e-24 1.05484550e-23 1.09982456e-23 ... 3.34640576e-24
 5.43946694e-24 7.54167976e-24]
finishing 16800
disp entry 17600 (-0.37322067963738087+0.18711513856946j)
starting: 17600
some stuff:
tdelaylist (1+0j)
ESFGt (6.100692332854056e-28-2.1556877095851164e-28j)
ESFGw (-1.5874142278438086e-12+2.918156168096875e-13j)
intensity 2.6050402849749734e-24
data entry 17600 [9.33508350e-24 1.05484457e-23 1.09982119e-23 ... 3.34639380e-24
 5.43947127e-24 7.54168064e-24]
finishing 17600
disp entry 18400 (-0.47992524008597015-0.074700493544606j)
starting: 18400
some stuff:
tdelaylist (1+0j)
ESFGt (1.3770321801860226e-28+8.070710374005606e-28j)
ESFGw (-1.5874142278438086e-12+2.918138820862115e-13j)
intensity 2.6050392725391804e-24
data entry 18400 [9.33508687e-24 1.05484612e-23 1.09982683e-23 ... 3.34638845e-24
 5.43946032e-24 7.54170583e-24]
finishing 18400
disp entry 19200 (-0.22402246681164956-0.19489641306904357j)
starting: 19200
some stuff:
tdelaylist (1+0j)
ESFGt (1.9204877745541153e-27-3.6661367353479424e-28j)
ESFGw (-1.5874150952055466e-12+2.9181735153316346e-13j)
intensity 2.605044051142264e-24
data entry 19200 [9.33506154e-24 1.05484401e-23 1.09982483e-23 ... 3.34638347e-24
 5.43947313e-24 7.54170866e-24]
finishing 19200
disp entry 20000 (-0.09066145967086797+0.05439885406254672j)
starting: 20000
some stuff:
tdelaylist (1+0j)
ESFGt (-3.5148781960773526e-30+3.915288197550209e-28j)
ESFGw (-1.5874142278438086e-12+2.9180997895839056e-13j)
intensity 2.605036994580651e-24
data entry 20000 [9.33507338e-24 1.05484274e-23 1.09982221e-23 ... 3.34640986e-24
 5.43946322e-24 7.54167614e-24]
finishing 20000
disp entry 20800 (-0.33267250941214777+0.2005629407697033j)
starting: 20800
some stuff:
tdelaylist (1+0j)
ESFGt (9.407582363337028e-29+1.6214612559580415e-27j)
ESFGw (-1.5874159625672846e-12+2.918156168096875e-13j)
intensity 2.6050457924274373e-24
data entry 20800 [9.33505884e-24 1.05484497e-23 1.09982430e-23 ... 3.34639824e-24
 5.43948160e-24 7.54168695e-24]
finishing 20800
disp entry 21600 (-0.49124291371500883-0.03350695331973686j)
starting: 21600
some stuff:
tdelaylist (1+0j)
ESFGt (5.728176057188642e-28-6.245962554074438e-29j)
ESFGw (-1.5874098910351186e-12+2.918125810436045e-13j)
intensity 2.6050247446114568e-24
data entry 21600 [9.33507791e-24 1.05484372e-23 1.09982666e-23 ... 3.34638880e-24
 5.43946462e-24 7.54167448e-24]
finishing 21600
disp entry 22400 (-0.26574955729597927-0.20405323633608952j)
starting: 22400
some stuff:
tdelaylist (1+0j)
ESFGt (5.818637191682725e-28-6.082782853573233e-28j)
ESFGw (-1.5874133604820706e-12+2.9181648417142547e-13j)
intensity 2.605038037471152e-24
data entry 22400 [9.33508542e-24 1.05484194e-23 1.09982631e-23 ... 3.34640146e-24
 5.43946778e-24 7.54166695e-24]
finishing 22400
disp entry 23200 (-0.08369034293483901+0.012251481379495556j)
starting: 23200
some stuff:
tdelaylist (1+0j)
ESFGt (9.605531824102505e-28-3.8083629669270962e-28j)
ESFGw (-1.5874159625672846e-12+2.9181821889490145e-13j)
intensity 2.605047311092411e-24
data entry 23200 [9.33506491e-24 1.05484350e-23 1.09982355e-23 ... 3.34641160e-24
 5.43949485e-24 7.54170050e-24]
finishing 23200
disp entry 24000 (-0.29021926344586946+0.20532942789944855j)
starting: 24000
some stuff:
tdelaylist (1+0j)
ESFGt (6.486771176459032e-29+2.120260746416023e-28j)
ESFGw (-1.5874176972907605e-12+2.9181691785229447e-13j)
intensity 2.605052059216714e-24
data entry 24000 [9.33506529e-24 1.05484229e-23 1.09982505e-23 ... 3.34639268e-24
 5.43947390e-24 7.54165863e-24]
finishing 24000
disp entry 24800 (-0.4937918326235938+0.009136926722173132j)
starting: 24800
some stuff:
tdelaylist (1+0j)
ESFGt (6.322149273223549e-28-1.036910012989241e-27j)
ESFGw (-1.5874159625672846e-12+2.918156168096875e-13j)
intensity 2.6050457924274373e-24
data entry 24800 [9.33506481e-24 1.05483907e-23 1.09982285e-23 ... 3.34637513e-24
 5.43945578e-24 7.54165325e-24]
finishing 24800
disp entry 25600 (-0.3084683147303033-0.2043776679908563j)
starting: 25600
some stuff:
tdelaylist (1+0j)
ESFGt (1.3622087326191025e-27+9.391202949821032e-30j)
ESFGw (-1.5874150952055466e-12+2.918151831288185e-13j)
intensity 2.6050427855909407e-24
data entry 25600 [9.33507204e-24 1.05484492e-23 1.09982626e-23 ... 3.34639242e-24
 5.43947585e-24 7.54168822e-24]
finishing 25600
disp entry 26400 (-0.08559127920263429-0.030426193509574158j)
starting: 26400
some stuff:
tdelaylist (1+0j)
ESFGt (-3.0111335077143884e-28+1.0111075191854996e-28j)
ESFGw (-1.5874124931203326e-12+2.918138820862115e-13j)
intensity 2.6050337650927354e-24
data entry 26400 [9.33505720e-24 1.05484292e-23 1.09982685e-23 ... 3.34637252e-24
 5.43947689e-24 7.54167511e-24]
finishing 26400
disp entry 27200 (-0.24769851952128205+0.20120828379483222j)
starting: 27200
some stuff:
tdelaylist (1+0j)
ESFGt (-4.153986059960669e-28-9.475071049653048e-28j)
ESFGw (-1.5874150952055466e-12+2.918156168096875e-13j)
intensity 2.6050430387004525e-24
data entry 27200 [9.33505913e-24 1.05484172e-23 1.09982493e-23 ... 3.34638473e-24
 5.43944827e-24 7.54166592e-24]
finishing 27200
disp entry 28000 (-0.48746166751534703+0.051385317251679545j)
starting: 28000
some stuff:
tdelaylist (1+0j)
ESFGt (-2.360730531143399e-28+1.6384056464775175e-27j)
ESFGw (-1.5874142278438086e-12+2.9181735153316346e-13j)
intensity 2.6050412974167846e-24
data entry 28000 [9.33505614e-24 1.05484167e-23 1.09982411e-23 ... 3.34638097e-24
 5.43947866e-24 7.54167159e-24]
finishing 28000
disp entry 28800 (-0.3503296687365974-0.19585566509299235j)
starting: 28800
some stuff:
tdelaylist (1+0j)
ESFGt (-1.4445315260728949e-27-9.765031821034789e-28j)
ESFGw (-1.5874142278438086e-12+2.918156168096875e-13j)
intensity 2.6050402849749734e-24
data entry 28800 [9.33506866e-24 1.05484317e-23 1.09982301e-23 ... 3.34639751e-24
 5.43947665e-24 7.54165379e-24]
finishing 28800
disp entry 29600 (-0.09628198693905932-0.07178687847399047j)
starting: 29600
some stuff:
tdelaylist (1+0j)
ESFGt (-1.4265830884642572e-27+8.048765457413042e-28j)
ESFGw (-1.5874124931203326e-12+2.9181778521403245e-13j)
intensity 2.6050360430817325e-24
data entry 29600 [9.33509149e-24 1.05484327e-23 1.09982503e-23 ... 3.34639967e-24
 5.43948109e-24 7.54169429e-24]
finishing 29600
disp entry 30400 (-0.20695077705280712+0.18837789111361647j)
starting: 30400
some stuff:
tdelaylist (1+0j)
ESFGt (-9.896270377778389e-28+1.0066863193284128e-27j)
ESFGw (-1.5874133604820706e-12+2.918134484053425e-13j)
intensity 2.6050362657071977e-24
data entry 30400 [9.33505605e-24 1.05484104e-23 1.09982231e-23 ... 3.34637264e-24
 5.43946365e-24 7.54165506e-24]
finishing 30400
disp entry 31200 (-0.472526417951415+0.0914095076006959j)
starting: 31200
some stuff:
tdelaylist (1+0j)
ESFGt (8.483019343375734e-28-6.183132522082309e-28j)
ESFGw (-1.5874090236733807e-12+2.918160504905565e-13j)
intensity 2.6050240157635822e-24
data entry 31200 [9.33506857e-24 1.05484432e-23 1.09982340e-23 ... 3.34639071e-24
 5.43947472e-24 7.54169463e-24]
finishing 31200
disp entry 32000 (-0.38952166142267697-0.17885610033604898j)
starting: 32000
some stuff:
tdelaylist (1+0j)
ESFGt (-7.516509287107042e-28+7.055298708903723e-29j)
ESFGw (-1.5874133604820706e-12+2.918151831288185e-13j)
intensity 2.605037278141487e-24
data entry 32000 [9.33507560e-24 1.05484327e-23 1.09982384e-23 ... 3.34641270e-24
 5.43946182e-24 7.54168005e-24]
finishing 32000
disp entry 32800 (-0.11529972162196883-0.11004028695169102j)
starting: 32800
some stuff:
tdelaylist (1+0j)
ESFGt (1.5334105258567036e-28+5.33803084196259e-28j)
ESFGw (-1.5874142278438086e-12+2.9181171368186654e-13j)
intensity 2.605038007002903e-24
data entry 32800 [9.33505730e-24 1.05484041e-23 1.09982456e-23 ... 3.34639013e-24
 5.43946014e-24 7.54165330e-24]
finishing 32800
disp entry 33600 (-0.16973979154494+0.16739361008793785j)
starting: 33600
some stuff:
tdelaylist (1+0j)
ESFGt (1.1692818351544064e-27+3.457126404064674e-28j)
ESFGw (-1.5874107583968566e-12+2.918125810436045e-13j)
intensity 2.605027498329413e-24
data entry 33600 [9.33509130e-24 1.05484407e-23 1.09982413e-23 ... 3.34640325e-24
 5.43948000e-24 7.54168016e-24]
finishing 33600
disp entry 34400 (-0.4496325523502561+0.12747706103127154j)
starting: 34400
some stuff:
tdelaylist (1+0j)
ESFGt (-6.317570312714666e-29+6.406642275256417e-28j)
ESFGw (-1.5874142278438086e-12+2.918130147244735e-13j)
intensity 2.605038766323541e-24
data entry 34400 [9.33508359e-24 1.05484414e-23 1.09982557e-23 ... 3.34637443e-24
 5.43945732e-24 7.54167115e-24]
finishing 34400
disp entry 35200 (-0.4243478775114139-0.15411479548824286j)
starting: 35200
some stuff:
tdelaylist (1+0j)
ESFGt (1.6887922968207122e-31-1.1089217727690047e-27j)
ESFGw (-1.5874142278438086e-12+2.918147494479495e-13j)
intensity 2.605039778756325e-24
data entry 35200 [9.33507252e-24 1.05484186e-23 1.09982158e-23 ... 3.34638775e-24
 5.43945228e-24 7.54163877e-24]
finishing 35200
disp entry 36000 (-0.14182130551934682-0.1435306300404952j)
starting: 36000
some stuff:
tdelaylist (1+0j)
ESFGt (3.797789747889755e-28-2.1714346413126865e-28j)
ESFGw (-1.5874142278438086e-12+2.918125810436045e-13j)
intensity 2.605038513216285e-24
data entry 36000 [9.33507993e-24 1.05484192e-23 1.09982139e-23 ... 3.34637986e-24
 5.43950393e-24 7.54168759e-24]
finishing 36000
disp entry 36800 (-0.13767623089095254+0.13916373990015324j)
starting: 36800
some stuff:
tdelaylist (1+0j)
ESFGt (2.010195232099491e-27+2.675236050569462e-28j)
ESFGw (-1.5874159625672846e-12+2.9181995361837743e-13j)
intensity 2.6050483235432505e-24
data entry 36800 [9.33505768e-24 1.05484202e-23 1.09982184e-23 ... 3.34639587e-24
 5.43948436e-24 7.54168025e-24]
finishing 36800
disp entry 37600 (-0.4197710257691817+0.15802680281216688j)
starting: 37600
some stuff:
tdelaylist (1+0j)
ESFGt (7.422029250274955e-28-4.031255433222954e-28j)
ESFGw (-1.5874124931203326e-12+2.918134484053425e-13j)
intensity 2.605033511984728e-24
data entry 37600 [9.33508908e-24 1.05484282e-23 1.09982085e-23 ... 3.34640342e-24
 5.43947906e-24 7.54167423e-24]
finishing 37600
disp entry 38400 (-0.45330087323767376-0.12270267153734568j)
starting: 38400
some stuff:
tdelaylist (1+0j)
ESFGt (9.50825692625953e-28-7.210472253738822e-28j)
ESFGw (-1.5874116257585946e-12+2.918160504905565e-13j)
intensity 2.6050322769174507e-24
data entry 38400 [9.33506741e-24 1.05484593e-23 1.09982714e-23 ... 3.34640886e-24
 5.43948076e-24 7.54169590e-24]
finishing 38400
disp entry 39200 (-0.17469875872474322-0.17080828689291422j)
starting: 39200
some stuff:
tdelaylist (1+0j)
ESFGt (1.6477335110645693e-27+3.412085917075347e-28j)
ESFGw (-1.5874107583968566e-12+2.9181691785229447e-13j)
intensity 2.6050300294188967e-24
data entry 39200 [9.33506751e-24 1.05484405e-23 1.09982340e-23 ... 3.34639305e-24
 5.43946796e-24 7.54167658e-24]
finishing 39200
disp entry 40000 (-0.11214795802928271+0.10491020318740657j)
starting: 40000
some stuff:
tdelaylist (1+0j)
ESFGt (2.7147353869635894e-28-1.699336751887447e-27j)
ESFGw (-1.5874090236733807e-12+2.918134484053425e-13j)
intensity 2.605022497109893e-24
data entry 40000 [9.33503669e-24 1.05484315e-23 1.09982421e-23 ... 3.34638026e-24
 5.43948931e-24 7.54165629e-24]
finishing 40000
disp entry 40800 (-0.3842343866707455+0.1817363952637222j)
starting: 40800
some stuff:
tdelaylist (1+0j)
ESFGt (-9.864150519382848e-28-2.4607952222060165e-27j)
ESFGw (-1.5874081563116427e-12+2.9181865257577044e-13j)
intensity 2.605022780715867e-24
data entry 40800 [9.33509795e-24 1.05484194e-23 1.09982248e-23 ... 3.34637923e-24
 5.43947161e-24 7.54166098e-24]
finishing 40800
disp entry 41600 (-0.47512742566221566-0.0859793941524216j)
starting: 41600
some stuff:
tdelaylist (1+0j)
ESFGt (1.843680319908449e-27-1.852105121492911e-27j)
ESFGw (-1.5874124931203326e-12+2.918151831288185e-13j)
intensity 2.6050345244190163e-24
data entry 41600 [9.33506472e-24 1.05483809e-23 1.09982102e-23 ... 3.34639208e-24
 5.43948212e-24 7.54166308e-24]
finishing 41600
disp entry 42400 (-0.21250898917091932-0.19069255117999337j)
starting: 42400
some stuff:
tdelaylist (1+0j)
ESFGt (1.3656651003487688e-27+1.9867258263813405e-27j)
ESFGw (-1.5874124931203326e-12+2.9181908625663944e-13j)
intensity 2.6050368024181696e-24
data entry 42400 [9.33506009e-24 1.05484086e-23 1.09982505e-23 ... 3.34637673e-24
 5.43948186e-24 7.54168308e-24]
finishing 42400
disp entry 43200 (-0.09425995765484863+0.0661156554360073j)
starting: 43200
some stuff:
tdelaylist (1+0j)
ESFGt (1.8853612252352164e-27+1.771324493496437e-27j)
ESFGw (-1.5874124931203326e-12+2.9181648417142547e-13j)
intensity 2.605035283748681e-24
data entry 43200 [9.33505845e-24 1.05484292e-23 1.09982669e-23 ... 3.34640328e-24
 5.43947522e-24 7.54170123e-24]
finishing 43200
disp entry 44000 (-0.3445608292964949+0.1975795748026719j)
starting: 44000
some stuff:
tdelaylist (1+0j)
ESFGt (-5.89569881717122e-28+8.18310324544959e-28j)
ESFGw (-1.5874185646524985e-12+2.918147494479495e-13j)
intensity 2.605053547398769e-24
data entry 44000 [9.33506048e-24 1.05484289e-23 1.09982311e-23 ... 3.34640282e-24
 5.43947356e-24 7.54166910e-24]
finishing 44000
disp entry 44800 (-0.4888827781028081-0.045534520906651124j)
starting: 44800
some stuff:
tdelaylist (1+0j)
ESFGt (1.0645228946704806e-27-1.091931865415553e-27j)
ESFGw (-1.5874072889499047e-12+2.918160504905565e-13j)
intensity 2.6050185083351932e-24
data entry 44800 [9.33503755e-24 1.05484212e-23 1.09981876e-23 ... 3.34639337e-24
 5.43942631e-24 7.54166181e-24]
finishing 44800
disp entry 45600 (-0.25361539080227835-0.20232273765968942j)
starting: 45600
some stuff:
tdelaylist (1+0j)
ESFGt (3.0179617634980325e-27-2.5087094900757594e-28j)
ESFGw (-1.5874124931203326e-12+2.9181908625663944e-13j)
intensity 2.6050368024181696e-24
data entry 45600 [9.33505874e-24 1.05484067e-23 1.09982605e-23 ... 3.34637918e-24
 5.43944739e-24 7.54167575e-24]
finishing 45600
disp entry 46400 (-0.08478650724202158+0.024459308621781518j)
starting: 46400
some stuff:
tdelaylist (1+0j)
ESFGt (1.1263571206352033e-27-1.0835681213586614e-27j)
ESFGw (-1.5874107583968566e-12+2.918143157670805e-13j)
intensity 2.605028510760693e-24
data entry 46400 [9.33503630e-24 1.05484242e-23 1.09982274e-23 ... 3.34640946e-24
 5.43948343e-24 7.54164430e-24]
finishing 46400
disp entry 47200 (-0.3024676133266657+0.20487057349617535j)
starting: 47200
some stuff:
tdelaylist (1+0j)
ESFGt (5.987681583023064e-28+1.183681307487742e-27j)
ESFGw (-1.5874133604820706e-12+2.9181908625663944e-13j)
intensity 2.6050395561406402e-24
data entry 47200 [9.33504304e-24 1.05484395e-23 1.09982501e-23 ... 3.34640575e-24
 5.43946530e-24 7.54169340e-24]
finishing 47200
disp entry 48000 (-0.4939715336831175-0.0031186976884791016j)
starting: 48000
some stuff:
tdelaylist (1+0j)
ESFGt (1.601054725561439e-27+7.083700501237104e-28j)
ESFGw (-1.5874150952055466e-12+2.9181735153316346e-13j)
intensity 2.605044051142264e-24
data entry 48000 [9.33506038e-24 1.05484256e-23 1.09982211e-23 ... 3.34638596e-24
 5.43944481e-24 7.54166431e-24]
finishing 48000
disp entry 48800 (-0.2962386836451342-0.2051954367151953j)
starting: 48800
some stuff:
tdelaylist (1+0j)
ESFGt (1.8666922752291292e-27-5.802288149179172e-28j)
ESFGw (-1.5874133604820706e-12+2.918143157670805e-13j)
intensity 2.6050367719235896e-24
data entry 48800 [9.33505932e-24 1.05484104e-23 1.09982394e-23 ... 3.34635530e-24
 5.43944443e-24 7.54164210e-24]
finishing 48800
disp entry 49600 (-0.08413766264420536-0.01825575304643144j)
starting: 49600
some stuff:
tdelaylist (1+0j)
ESFGt (-1.3148564601349284e-27-6.509890803112587e-28j)
ESFGw (-1.5874142278438086e-12+2.918138820862115e-13j)
intensity 2.6050392725391804e-24
data entry 49600 [9.33506867e-24 1.05484352e-23 1.09982648e-23 ... 3.34639118e-24
 5.43947120e-24 7.54170353e-24]
finishing 49600
disp entry 50400 (-0.25977673273862095+0.20329380234960573j)
starting: 50400
some stuff:
tdelaylist (1+0j)
ESFGt (-7.411969348931917e-28+1.7416463605876388e-27j)
ESFGw (-1.5874133604820706e-12+2.918147494479495e-13j)
intensity 2.6050370250323498e-24
data entry 50400 [9.33506375e-24 1.05484510e-23 1.09982602e-23 ... 3.34638781e-24
 5.43948875e-24 7.54168905e-24]
finishing 50400
disp entry 51200 (-0.49017342693266497+0.03943211755333818j)
starting: 51200
some stuff:
tdelaylist (1+0j)
ESFGt (1.0653541170066815e-27+6.023281113464836e-28j)
ESFGw (-1.5874124931203326e-12+2.918208209801154e-13j)
intensity 2.6050378148720175e-24
data entry 51200 [9.33507165e-24 1.05484211e-23 1.09982257e-23 ... 3.34638083e-24
 5.43945598e-24 7.54169077e-24]
finishing 51200
disp entry 52000 (-0.3385339294816315-0.19918630431012985j)
starting: 52000
some stuff:
tdelaylist (1+0j)
ESFGt (-1.4937409438382608e-27+4.481186684217139e-28j)
ESFGw (-1.5874150952055466e-12+2.9181128000099754e-13j)
intensity 2.6050405076222555e-24
data entry 52000 [9.33507175e-24 1.05484407e-23 1.09982449e-23 ... 3.34640236e-24
 5.43947458e-24 7.54168627e-24]
finishing 52000
disp entry 52800 (-0.09234150893217033-0.06018061916088426j)
starting: 52800
some stuff:
tdelaylist (1+0j)
ESFGt (1.6032674755631895e-27+8.455333999802851e-28j)
ESFGw (-1.5874124931203326e-12+2.918151831288185e-13j)
intensity 2.6050345244190163e-24
data entry 52800 [9.33508186e-24 1.05484247e-23 1.09982921e-23 ... 3.34637848e-24
 5.43949157e-24 7.54167952e-24]
finishing 52800
disp entry 53600 (-0.21833605126830066+0.19291751149464198j)
starting: 53600
some stuff:
tdelaylist (1+0j)
ESFGt (-1.3056559723038108e-27-7.256697082319654e-28j)
ESFGw (-1.5874124931203326e-12+2.9181691785229447e-13j)
intensity 2.6050355368593224e-24
data entry 53600 [9.33508494e-24 1.05484696e-23 1.09982583e-23 ... 3.34638434e-24
 5.43948417e-24 7.54169688e-24]
finishing 53600
disp entry 54400 (-0.4776528579208011+0.08027612377519103j)
starting: 54400
some stuff:
tdelaylist (1+0j)
ESFGt (3.2359194838204378e-28+1.7927646668266497e-28j)
ESFGw (-1.5874142278438086e-12+2.918138820862115e-13j)
intensity 2.6050392725391804e-24
data entry 54400 [9.33507550e-24 1.05484076e-23 1.09982372e-23 ... 3.34639662e-24
 5.43947614e-24 7.54167546e-24]
finishing 54400
disp entry 55200 (-0.378670389523831-0.18455544418802738j)
starting: 55200
some stuff:
tdelaylist (1+0j)
ESFGt (9.834654078498116e-28+9.594202578820466e-28j)
ESFGw (-1.5874124931203326e-12+2.918134484053425e-13j)
intensity 2.605033511984728e-24
data entry 55200 [9.33507406e-24 1.05484401e-23 1.09982323e-23 ... 3.34638473e-24
 5.43949549e-24 7.54167923e-24]
finishing 55200
disp entry 56000 (-0.10904294473902171-0.09950058272420632j)
starting: 56000
some stuff:
tdelaylist (1+0j)
ESFGt (-3.585472853500731e-28-1.2108995906676986e-27j)
ESFGw (-1.5874168299290226e-12+2.9181778521403245e-13j)
intensity 2.605049811709131e-24
data entry 56000 [9.33508985e-24 1.05484424e-23 1.09982649e-23 ... 3.34639367e-24
 5.43950009e-24 7.54168949e-24]
finishing 56000
disp entry 56800 (-0.17993931810585606+0.17419083599995314j)
starting: 56800
some stuff:
tdelaylist (1+0j)
ESFGt (2.802302422392502e-27+3.632785338792514e-28j)
ESFGw (-1.5874142278438086e-12+2.918147494479495e-13j)
intensity 2.605039778756325e-24
data entry 56800 [9.33503389e-24 1.05484530e-23 1.09982265e-23 ... 3.34636487e-24
 5.43947561e-24 7.54170079e-24]
finishing 56800
disp entry 57600 (-0.45695177624218736+0.11764539872088291j)
starting: 57600
some stuff:
tdelaylist (1+0j)
ESFGt (4.0016113370822225e-28-1.0154387628797767e-27j)
ESFGw (-1.5874116257585946e-12+2.9181908625663944e-13j)
intensity 2.6050340486972037e-24
data entry 57600 [9.33505508e-24 1.05484512e-23 1.09982155e-23 ... 3.34641026e-24
 5.43947957e-24 7.54167443e-24]
finishing 57600
disp entry 58400 (-0.4149107674691098-0.16193614934900882j)
starting: 58400
some stuff:
tdelaylist (1+0j)
ESFGt (2.1938364847845557e-27-7.530498506833805e-29j)
ESFGw (-1.5874150952055466e-12+2.918134484053425e-13j)
intensity 2.6050417731566524e-24
data entry 58400 [9.33507107e-24 1.05483977e-23 1.09982126e-23 ... 3.34638768e-24
 5.43946686e-24 7.54167408e-24]
finishing 58400
disp entry 59200 (-0.13351905273111578-0.1345136892729075j)
starting: 59200
some stuff:
tdelaylist (1+0j)
ESFGt (2.5570870165075795e-28+1.3372323592239607e-27j)
ESFGw (-1.5874150952055466e-12+2.918147494479495e-13j)
intensity 2.6050425324818048e-24
data entry 59200 [9.33508340e-24 1.05483979e-23 1.09982649e-23 ... 3.34639596e-24
 5.43948198e-24 7.54166279e-24]
finishing 59200
disp entry 60000 (-0.1462485259254141+0.14792435517579497j)
starting: 60000
some stuff:
tdelaylist (1+0j)
ESFGt (1.6829455158135075e-27-1.70307376513179e-27j)
ESFGw (-1.5874150952055466e-12+2.918147494479495e-13j)
intensity 2.6050425324818048e-24
data entry 60000 [9.33507502e-24 1.05484116e-23 1.09982748e-23 ... 3.34638586e-24
 5.43946289e-24 7.54167110e-24]
finishing 60000
disp entry 60800 (-0.4289662228686123+0.14992242297972885j)
starting: 60800
some stuff:
tdelaylist (1+0j)
ESFGt (6.00437596883977e-28-7.695086811619555e-28j)
ESFGw (-1.5874107583968566e-12+2.9181648417142547e-13j)
intensity 2.6050297763082546e-24
data entry 60800 [9.33505152e-24 1.05484166e-23 1.09982393e-23 ... 3.34640986e-24
 5.43947375e-24 7.54166621e-24]
finishing 60800
disp entry 61600 (-0.44568640792176867-0.1323074901258889j)
starting: 61600
some stuff:
tdelaylist (1+0j)
ESFGt (2.804050305191666e-27-6.0038592554714254e-27j)
ESFGw (-1.5874176972907605e-12+2.9181865257577044e-13j)
intensity 2.6050530716630396e-24
data entry 61600 [9.33503900e-24 1.05484176e-23 1.09982427e-23 ... 3.34637758e-24
 5.43947421e-24 7.54165575e-24]
finishing 61600
disp entry 62400 (-0.1647103908980596-0.16370440553658375j)
starting: 62400
some stuff:
tdelaylist (1+0j)
ESFGt (-2.2593600473533455e-27-4.778811461534885e-28j)
ESFGw (-1.5874124931203326e-12+2.918208209801154e-13j)
intensity 2.6050378148720175e-24
data entry 62400 [9.33509043e-24 1.05484442e-23 1.09982302e-23 ... 3.34638286e-24
 5.43950168e-24 7.54167937e-24]
finishing 62400
disp entry 63200 (-0.11872197196160783+0.1152550068580099j)
starting: 63200
some stuff:
tdelaylist (1+0j)
ESFGt (-3.0891855370344116e-27+1.3961022814631414e-27j)
ESFGw (-1.5874124931203326e-12+2.918151831288185e-13j)
intensity 2.6050345244190163e-24
data entry 63200 [9.33505556e-24 1.05484221e-23 1.09982403e-23 ... 3.34636695e-24
 5.43945823e-24 7.54169262e-24]
finishing 63200
disp entry 64000 (-0.3949075452470487+0.17571009389630268j)
starting: 64000
some stuff:
tdelaylist (1+0j)
ESFGt (-1.0001990190666485e-27-2.9706752246579563e-27j)
ESFGw (-1.5874142278438086e-12+2.918138820862115e-13j)
intensity 2.6050392725391804e-24
data entry 64000 [9.33506760e-24 1.05484244e-23 1.09982175e-23 ... 3.34637549e-24
 5.43948688e-24 7.54166925e-24]
finishing 64000
Top-level running in PID 42683 (name=__main__)
Running interfere() with b=6916.666666666667, sigma_s=12.0
MID-level running in PID 42683 (name=__main__)
E1_shared element:  0j
E1 element:  (-7.32464812081281e-10+9.585717260675052e-10j)
this thing psm_9e859e1b
ill try to just make an array with this now
testfreq element:  0.0
did it
disp entry 0 (-0.08332452033614668+0j)
starting: 0
some stuff:
tdelaylist (1+0j)
ESFGt (5.287040548939174e-29-1.2965636861886185e-30j)
ESFGw (-4.254345356904943e-13+7.94249648689016e-14j)
intensity 1.8730286920261268e-25
data entry 0 [3.13670977e-25 3.90300167e-25 4.42989040e-25 ... 6.33248378e-26
 1.36808839e-25 2.24687542e-25]
finishing 0
disp entry 800 (-0.27796535717647075+0.2050566582042932j)
starting: 800
some stuff:
tdelaylist (1+0j)
ESFGt (1.5950580763595892e-28-3.136762100423491e-29j)
ESFGw (-2.6663471777710335e-12+7.173671379145929e-13j)
intensity 7.62402288296733e-24
data entry 800 [8.48042888e-24 9.47115759e-24 9.81435108e-24 ... 3.62669320e-24
 5.29872083e-24 7.00901737e-24]
finishing 800
disp entry 1600 (-0.4928812110671021+0.021359994690023542j)
starting: 1600
some stuff:
tdelaylist (1+0j)
ESFGt (1.880176675709587e-28+1.7153657985916721e-28j)
ESFGw (-9.316015840699077e-13+7.561225950913908e-15j)
intensity 8.679386835794418e-25
data entry 1600 [8.01392208e-24 9.62036805e-24 1.06013803e-23 ... 2.07333600e-24
 3.93070516e-24 6.01754311e-24]
finishing 1600
disp entry 2400 (-0.32062736491562593-0.20283166645248532j)
starting: 2400
some stuff:
tdelaylist (1+0j)
ESFGt (2.4871768379248403e-28+9.595863766748348e-29j)
ESFGw (-1.8282493574606207e-12+5.288907332923198e-13j)
intensity 3.6222211208176594e-24
data entry 2400 [7.21337796e-24 8.83531120e-24 9.83977544e-24 ... 1.56084203e-24
 3.23804949e-24 5.23754779e-24]
finishing 2400
disp entry 3200 (-0.08776846410639105-0.04248822020746742j)
starting: 3200
some stuff:
tdelaylist (1+0j)
ESFGt (2.7953933443192726e-28-2.3775634503799423e-29j)
ESFGw (-2.3588041242472713e-12+5.155390003785953e-13j)
intensity 5.8297373574773e-24
data entry 3200 [3.82379606e-24 5.08100256e-24 6.04023718e-24 ... 4.00054639e-25
 1.26738723e-24 2.47744744e-24]
finishing 3200
disp entry 4000 (-0.23576625864575806+0.19840582548751706j)
starting: 4000
some stuff:
tdelaylist (1+0j)
ESFGt (3.3381368990651174e-28-2.087924113696654e-28j)
ESFGw (-1.8192999190480563e-12+7.500402209037471e-13j)
intensity 3.8724125284216075e-24
data entry 4000 [8.10033370e-24 1.02264586e-23 1.17264732e-23 ... 1.40056774e-24
 3.31340689e-24 5.67072140e-24]
finishing 4000
disp entry 4800 (-0.4840415430690601+0.06315542221883048j)
starting: 4800
some stuff:
tdelaylist (1+0j)
ESFGt (3.45066119171792e-28+2.520254956729084e-28j)
ESFGw (-2.504071169168176e-12-4.029155481477531e-13j)
intensity 6.4327133591984806e-24
data entry 4800 [3.21616297e-24 4.33442734e-24 5.18836842e-24 ... 2.45074364e-25
 9.67574821e-25 2.02377881e-24]
finishing 4800
disp entry 5600 (-0.3619056678810876-0.1918271584251852j)
starting: 5600
some stuff:
tdelaylist (1+0j)
ESFGt (2.6455038459549613e-28+1.1223424835549417e-28j)
ESFGw (-1.9252568289607197e-12+8.803127497791774e-13j)
intensity 4.481564394883662e-24
data entry 5600 [1.28987507e-23 1.53274400e-23 1.69061649e-23 ... 4.06713485e-24
 6.87097464e-24 9.94866039e-24]
finishing 5600
disp entry 6400 (-0.10090794045923898-0.08313734878120543j)
starting: 6400
some stuff:
tdelaylist (1+0j)
ESFGt (3.0152122492976173e-28+9.562730201521268e-29j)
ESFGw (-1.774296855272528e-12+1.2098776841495962e-12j)
intensity 4.611933341233172e-24
data entry 6400 [6.60723162e-24 7.83127607e-24 8.52898091e-24 ... 1.94216031e-24
 3.41365823e-24 5.05322250e-24]
finishing 6400
disp entry 7200 (-0.19585664640014067+0.18316704787788468j)
starting: 7200
some stuff:
tdelaylist (1+0j)
ESFGt (1.4942604363573694e-28-1.9817783317484753e-28j)
ESFGw (-2.3890759162648045e-12-1.444903224845362e-13j)
intensity 5.7285611869682e-24
data entry 7200 [8.02932309e-24 9.65736056e-24 1.06162645e-23 ... 1.99060145e-24
 3.86913250e-24 5.99261999e-24]
finishing 7200
disp entry 8000 (-0.46674482981831067+0.10221718361476176j)
starting: 8000
some stuff:
tdelaylist (1+0j)
ESFGt (-1.3772888141126941e-29-6.272154759332229e-29j)
ESFGw (-3.0981545454111803e-12+1.2141936761578265e-13j)
intensity 9.613304250084174e-24
data entry 8000 [1.15571962e-23 1.43474330e-23 1.63985712e-23 ... 2.92009549e-24
 5.40838599e-24 8.42892242e-24]
finishing 8000
disp entry 8800 (-0.4000135453943324-0.17251946140905j)
starting: 8800
some stuff:
tdelaylist (1+0j)
ESFGt (1.9786171359165152e-28+2.5316122521275196e-28j)
ESFGw (-1.5927914369384677e-12+2.734952021798964e-13j)
intensity 2.61178418719993e-24
data entry 8800 [1.41543651e-23 1.57771587e-23 1.63305948e-23 ... 5.83040391e-24
 8.78492300e-24 1.17028109e-23]
finishing 8800
disp entry 9600 (-0.12217421055568767-0.12018789869367334j)
starting: 9600
some stuff:
tdelaylist (1+0j)
ESFGt (1.8954215853031695e-28+1.7531600879530955e-28j)
ESFGw (-2.427709075436546e-12+1.0780005360588873e-12j)
intensity 7.055856510700218e-24
data entry 9600 [1.05346594e-23 1.19125848e-23 1.24400338e-23 ... 3.82145694e-24
 6.15816594e-24 8.51467947e-24]
finishing 9600
disp entry 10400 (-0.1599639976939711+0.15999993192688947j)
starting: 10400
some stuff:
tdelaylist (1+0j)
ESFGt (4.962081201205203e-28+1.525322748564854e-28j)
ESFGw (-2.030410128223137e-12+4.061685883460786e-13j)
intensity 4.287538210950141e-24
data entry 10400 [7.20073989e-24 8.96618931e-24 1.01836076e-23 ... 1.45195101e-24
 3.13629282e-24 5.15426962e-24]
finishing 10400
disp entry 11200 (-0.44173975507885027+0.13685450062843046j)
starting: 11200
some stuff:
tdelaylist (1+0j)
ESFGt (-1.8667808441205258e-28-1.2482004029867485e-28j)
ESFGw (-2.030409694542268e-12+4.061694557078166e-13j)
intensity 4.28753715444121e-24
data entry 11200 [7.20076206e-24 8.96621229e-24 1.01836461e-23 ... 1.45194493e-24
 3.13628862e-24 5.15425747e-24]
finishing 11200
disp entry 12000 (-0.43330150782337373-0.14574430408077105j)
starting: 12000
some stuff:
tdelaylist (1+0j)
ESFGt (-8.785657416961037e-29+4.657881988367206e-28j)
ESFGw (-2.030407092457054e-12+4.0616685362260263e-13j)
intensity 4.287524474081593e-24
data entry 12000 [7.20074395e-24 8.96619256e-24 1.01836498e-23 ... 1.45195712e-24
 3.13628363e-24 5.15425978e-24]
finishing 12000
disp entry 12800 (-0.15064676938931237-0.1520361464648941j)
starting: 12800
some stuff:
tdelaylist (1+0j)
ESFGt (1.4300799381504958e-28-4.172921415730947e-28j)
ESFGw (-2.0304127303083508e-12+4.0616641994173364e-13j)
intensity 4.287547016086498e-24
data entry 12800 [7.20075726e-24 8.96620905e-24 1.01836252e-23 ... 1.45194191e-24
 3.13628737e-24 5.15427339e-24]
finishing 12800
disp entry 13600 (-0.12964191655268456+0.12990726026263566j)
starting: 13600
some stuff:
tdelaylist (1+0j)
ESFGt (3.1047098113240265e-28-6.927725513757569e-28j)
ESFGw (-2.030410995584875e-12+4.061681546652096e-13j)
intensity 4.2875413808561034e-24
data entry 13600 [7.20075602e-24 8.96617139e-24 1.01836691e-23 ... 1.45195201e-24
 3.13626796e-24 5.15425284e-24]
finishing 13600
disp entry 14400 (-0.41010865705005745+0.16556810594236218j)
starting: 14400
some stuff:
tdelaylist (1+0j)
ESFGt (3.499908168314546e-28+3.136435625205262e-28j)
ESFGw (-2.030409694542268e-12+4.0617205779303056e-13j)
intensity 4.28753926822305e-24
data entry 14400 [7.20074272e-24 8.96619593e-24 1.01836392e-23 ... 1.45193577e-24
 3.13627681e-24 5.15426790e-24]
finishing 14400
disp entry 15200 (-0.4603286943152921-0.11266064220723578j)
starting: 15200
some stuff:
tdelaylist (1+0j)
ESFGt (1.9512182810056282e-28-1.3612322157957162e-28j)
ESFGw (-2.030405357733578e-12+4.0616511889912665e-13j)
intensity 4.28751602052356e-24
data entry 15200 [7.20075849e-24 8.96621229e-24 1.01836270e-23 ... 1.45197134e-24
 3.13627261e-24 5.15425978e-24]
finishing 15200
disp entry 16000 (-0.18509318960763632-0.17730354891892558j)
starting: 16000
some stuff:
tdelaylist (1+0j)
ESFGt (2.49497436520787e-28-8.260992120855697e-29j)
ESFGw (-2.03040882718053e-12+4.0617379251650654e-13j)
intensity 4.2875371552198575e-24
data entry 16000 [7.20074149e-24 8.96621229e-24 1.01836338e-23 ... 1.45194391e-24
 3.13627386e-24 5.15426586e-24]
finishing 16000
disp entry 16800 (-0.10620288642397324+0.09419158640287606j)
starting: 16800
some stuff:
tdelaylist (1+0j)
ESFGt (4.553670114678673e-28+2.1640994691067758e-28j)
ESFGw (-2.030409260861399e-12+4.0616598626086464e-13j)
intensity 4.287532574986993e-24
data entry 16800 [7.20075319e-24 8.96623385e-24 1.01836777e-23 ... 1.45194497e-24
 3.13628317e-24 5.15428468e-24]
finishing 16800
disp entry 17600 (-0.37322067963738087+0.18711513856946j)
starting: 17600
some stuff:
tdelaylist (1+0j)
ESFGt (1.1675892998954936e-28+2.438851371081533e-28j)
ESFGw (-2.0304140313509578e-12+4.061672873034716e-13j)
intensity 4.287553003982309e-24
data entry 17600 [7.20076489e-24 8.96619424e-24 1.01836636e-23 ... 1.45196111e-24
 3.13627386e-24 5.15426876e-24]
finishing 17600
disp entry 18400 (-0.47992524008597015-0.074700493544606j)
starting: 18400
some stuff:
tdelaylist (1+0j)
ESFGt (1.056951519570111e-28-3.6996819323656066e-28j)
ESFGw (-2.03040882718053e-12+4.061690220269476e-13j)
intensity 4.287533279946942e-24
data entry 18400 [7.20076612e-24 8.96620087e-24 1.01836602e-23 ... 1.45194699e-24
 3.13626796e-24 5.15426586e-24]
finishing 18400
disp entry 19200 (-0.22402246681164956-0.19489641306904357j)
starting: 19200
some stuff:
tdelaylist (1+0j)
ESFGt (6.494479470320199e-28+5.998653718763696e-28j)
ESFGw (-2.030410995584875e-12+4.061681546652096e-13j)
intensity 4.2875413808561034e-24
data entry 19200 [7.20073829e-24 8.96620411e-24 1.01836514e-23 ... 1.45195207e-24
 3.13627806e-24 5.15426209e-24]
finishing 19200
disp entry 20000 (-0.09066145967086797+0.05439885406254672j)
starting: 20000
some stuff:
tdelaylist (1+0j)
ESFGt (1.1399668565551254e-28-8.147906028419586e-29j)
ESFGw (-2.030407959818792e-12+4.061685883460786e-13j)
intensity 4.287529405454555e-24
data entry 20000 [7.20073422e-24 8.96618282e-24 1.01836338e-23 ... 1.45195407e-24
 3.13628101e-24 5.15427629e-24]
finishing 20000
disp entry 20800 (-0.33267250941214777+0.2005629407697033j)
starting: 20800
some stuff:
tdelaylist (1+0j)
ESFGt (-6.642505407649191e-29+8.852381199699022e-28j)
ESFGw (-2.030410995584875e-12+4.061685883460786e-13j)
intensity 4.2875417331510095e-24
data entry 20800 [7.20074912e-24 8.96620580e-24 1.01836514e-23 ... 1.45194998e-24
 3.13627761e-24 5.15426559e-24]
finishing 20800
disp entry 21600 (-0.49124291371500883-0.03350695331973686j)
starting: 21600
some stuff:
tdelaylist (1+0j)
ESFGt (3.310431430088553e-28+3.3800421855747563e-29j)
ESFGw (-2.0304166334361717e-12+4.061707567504236e-13j)
intensity 4.2875663889734906e-24
data entry 21600 [7.20077623e-24 8.96621229e-24 1.01836446e-23 ... 1.45195616e-24
 3.13628192e-24 5.15426295e-24]
finishing 21600
disp entry 22400 (-0.26574955729597927-0.20405323633608952j)
starting: 22400
some stuff:
tdelaylist (1+0j)
ESFGt (1.5064069357172975e-27-1.6536122598757435e-28j)
ESFGw (-2.030410995584875e-12+4.061677209843406e-13j)
intensity 4.2875410285615764e-24
data entry 22400 [7.20074999e-24 8.96618775e-24 1.01836585e-23 ... 1.45195809e-24
 3.13630463e-24 5.15428237e-24]
finishing 22400
disp entry 23200 (-0.08369034293483901+0.012251481379495556j)
starting: 23200
some stuff:
tdelaylist (1+0j)
ESFGt (-4.473704984289409e-28-3.2464151625484214e-28j)
ESFGw (-2.030405357733578e-12+4.0617162411216157e-13j)
intensity 4.287521304947129e-24
data entry 23200 [7.20074999e-24 8.96619424e-24 1.01836480e-23 ... 1.45194394e-24
 3.13627261e-24 5.15427193e-24]
finishing 23200
disp entry 24000 (-0.29021926344586946+0.20532942789944855j)
starting: 24000
some stuff:
tdelaylist (1+0j)
ESFGt (-4.573079121321484e-28+5.821529327202132e-28j)
ESFGw (-2.030410561904006e-12+4.061698893886856e-13j)
intensity 4.2875410289373585e-24
data entry 24000 [7.20076612e-24 8.96620255e-24 1.01836585e-23 ... 1.45196423e-24
 3.13630508e-24 5.15430436e-24]
finishing 24000
disp entry 24800 (-0.4937918326235938+0.009136926722173132j)
starting: 24800
some stuff:
tdelaylist (1+0j)
ESFGt (-3.9511924791342108e-28-9.01651098081394e-28j)
ESFGw (-2.030410561904006e-12+4.0616685362260263e-13j)
intensity 4.2875385628730246e-24
data entry 24800 [7.20075566e-24 8.96621061e-24 1.01836514e-23 ... 1.45194394e-24
 3.13628737e-24 5.15425601e-24]
finishing 24800
disp entry 25600 (-0.3084683147303033-0.2043776679908563j)
starting: 25600
some stuff:
tdelaylist (1+0j)
ESFGt (-8.739556887033652e-28+1.5776412223109132e-28j)
ESFGw (-2.0304122966274818e-12+4.061677209843406e-13j)
intensity 4.2875463118656976e-24
data entry 25600 [7.20074149e-24 8.96622060e-24 1.01836461e-23 ... 1.45196725e-24
 3.13627806e-24 5.15426731e-24]
finishing 25600
disp entry 26400 (-0.08559127920263429-0.030426193509574158j)
starting: 26400
some stuff:
tdelaylist (1+0j)
ESFGt (7.801544169159967e-28+1.4757645304044691e-27j)
ESFGw (-2.030408393499661e-12+4.061703230695546e-13j)
intensity 4.2875325757363e-24
data entry 26400 [7.20078103e-24 8.96621229e-24 1.01836584e-23 ... 1.45195915e-24
 3.13627681e-24 5.15426295e-24]
finishing 26400
disp entry 27200 (-0.24769851952128205+0.20120828379483222j)
starting: 27200
some stuff:
tdelaylist (1+0j)
ESFGt (1.1586400917553388e-27+1.5650465883932651e-28j)
ESFGw (-2.030409694542268e-12+4.061703230695546e-13j)
intensity 4.2875378590336524e-24
data entry 27200 [7.20075479e-24 8.96620424e-24 1.01836532e-23 ... 1.45195005e-24
 3.13627386e-24 5.15426559e-24]
finishing 27200
disp entry 28000 (-0.48746166751534703+0.051385317251679545j)
starting: 28000
some stuff:
tdelaylist (1+0j)
ESFGt (-4.107424894234203e-28-6.475913874291334e-28j)
ESFGw (-2.030411862946613e-12+4.0616641994173364e-13j)
intensity 4.28754349388262e-24
data entry 28000 [7.20073669e-24 8.96621567e-24 1.01836707e-23 ... 1.45195709e-24
 3.13628737e-24 5.15428323e-24]
finishing 28000
disp entry 28800 (-0.3503296687365974-0.19585566509299235j)
starting: 28800
some stuff:
tdelaylist (1+0j)
ESFGt (1.1134163324073398e-28-9.637660070825733e-28j)
ESFGw (-2.0304122966274818e-12+4.061690220269476e-13j)
intensity 4.287547368750413e-24
data entry 28800 [7.20075319e-24 8.96622878e-24 1.01836549e-23 ... 1.45194493e-24
 3.13627386e-24 5.15427193e-24]
finishing 28800
disp entry 29600 (-0.09628198693905932-0.07178687847399047j)
starting: 29600
some stuff:
tdelaylist (1+0j)
ESFGt (3.7337645353078115e-28+1.300835564314874e-28j)
ESFGw (-2.030408393499661e-12+4.0616641994173364e-13j)
intensity 4.287529405082158e-24
data entry 29600 [7.20077412e-24 8.96623696e-24 1.01836514e-23 ... 1.45194902e-24
 3.13627761e-24 5.15428237e-24]
finishing 29600
disp entry 30400 (-0.20695077705280712+0.18837789111361647j)
starting: 30400
some stuff:
tdelaylist (1+0j)
ESFGt (2.5068655532133307e-28-1.203717026028468e-27j)
ESFGw (-2.030410128223137e-12+4.061703230695546e-13j)
intensity 4.287539620133522e-24
data entry 30400 [7.20075035e-24 8.96621242e-24 1.01836585e-23 ... 1.45194593e-24
 3.13628397e-24 5.15426962e-24]
finishing 30400
disp entry 31200 (-0.472526417951415+0.0914095076006959j)
starting: 31200
some stuff:
tdelaylist (1+0j)
ESFGt (8.332956050522642e-28+8.136939993964833e-28j)
ESFGw (-2.030407526137923e-12+4.061703230695546e-13j)
intensity 4.2875290535399455e-24
data entry 31200 [7.20074999e-24 8.96620087e-24 1.01836690e-23 ... 1.45195915e-24
 3.13628101e-24 5.15426876e-24]
finishing 31200
disp entry 32000 (-0.38952166142267697-0.17885610033604898j)
starting: 32000
some stuff:
tdelaylist (1+0j)
ESFGt (-8.248734103381142e-29-1.3621872859597706e-27j)
ESFGw (-2.03040882718053e-12+4.0616685362260263e-13j)
intensity 4.287531518474299e-24
data entry 32000 [7.20073829e-24 8.96618282e-24 1.01836514e-23 ... 1.45195304e-24
 3.13628521e-24 5.15426354e-24]
finishing 32000
disp entry 32800 (-0.11529972162196883-0.11004028695169102j)
starting: 32800
some stuff:
tdelaylist (1+0j)
ESFGt (1.0449038155262735e-27+2.64777664265318e-28j)
ESFGw (-2.03040882718053e-12+4.061677209843406e-13j)
intensity 4.287532223062228e-24
data entry 32800 [7.20076612e-24 8.96622047e-24 1.01836216e-23 ... 1.45195606e-24
 3.13628147e-24 5.15426209e-24]
finishing 32800
disp entry 33600 (-0.16973979154494+0.16739361008793785j)
starting: 33600
some stuff:
tdelaylist (1+0j)
ESFGt (2.972783493524461e-28-1.3785267890915677e-27j)
ESFGw (-2.0304135976700888e-12+4.061685883460786e-13j)
intensity 4.287552299762641e-24
data entry 33600 [7.20074432e-24 8.96622047e-24 1.01836443e-23 ... 1.45195207e-24
 3.13626035e-24 5.15425892e-24]
finishing 33600
disp entry 34400 (-0.4496325523502561+0.12747706103127154j)
starting: 34400
some stuff:
tdelaylist (1+0j)
ESFGt (-4.590940394989573e-29-1.143663468434789e-28j)
ESFGw (-2.030411429265744e-12+4.061707567504236e-13j)
intensity 4.287545255732171e-24
data entry 34400 [7.20076809e-24 8.96623865e-24 1.01836550e-23 ... 1.45195809e-24
 3.13629237e-24 5.15428758e-24]
finishing 34400
disp entry 35200 (-0.4243478775114139-0.15411479548824286j)
starting: 35200
some stuff:
tdelaylist (1+0j)
ESFGt (-7.464677084340867e-28+1.0758738963781225e-27j)
ESFGw (-2.0304153323935648e-12+4.0616555257999565e-13j)
intensity 4.287556878121484e-24
data entry 35200 [7.20078349e-24 8.96621398e-24 1.01836444e-23 ... 1.45194799e-24
 3.13627636e-24 5.15425139e-24]
finishing 35200
disp entry 36000 (-0.14182130551934682-0.1435306300404952j)
starting: 36000
some stuff:
tdelaylist (1+0j)
ESFGt (-3.119177178894512e-28-4.274554649779878e-28j)
ESFGw (-2.03040882718053e-12+4.061681546652096e-13j)
intensity 4.287532575356756e-24
data entry 36000 [7.20076612e-24 8.96623372e-24 1.01836585e-23 ... 1.45195210e-24
 3.13627432e-24 5.15423574e-24]
finishing 36000
disp entry 36800 (-0.13767623089095254+0.13916373990015324j)
starting: 36800
some stuff:
tdelaylist (1+0j)
ESFGt (5.258536136889361e-29-1.0128204598978681e-28j)
ESFGw (-2.0304135976700888e-12+4.061707567504236e-13j)
intensity 4.287554061242805e-24
data entry 36800 [7.20076612e-24 8.96618282e-24 1.01836181e-23 ... 1.45194593e-24
 3.13627557e-24 5.15425370e-24]
finishing 36800
disp entry 37600 (-0.4197710257691817+0.15802680281216688j)
starting: 37600
some stuff:
tdelaylist (1+0j)
ESFGt (-3.105820042228491e-29-1.3327959835467258e-27j)
ESFGw (-2.030407959818792e-12+4.0616598626086464e-13j)
intensity 4.28752729169077e-24
data entry 37600 [7.20078386e-24 8.96621567e-24 1.01836408e-23 ... 1.45194188e-24
 3.13629532e-24 5.15427629e-24]
finishing 37600
disp entry 38400 (-0.45330087323767376-0.12270267153734568j)
starting: 38400
some stuff:
tdelaylist (1+0j)
ESFGt (1.5901382285074994e-27+3.9076499114305997e-28j)
ESFGw (-2.030408393499661e-12+4.0616641994173364e-13j)
intensity 4.287529405082158e-24
data entry 38400 [7.20076046e-24 8.96618944e-24 1.01836585e-23 ... 1.45194596e-24
 3.13628862e-24 5.15424994e-24]
finishing 38400
disp entry 39200 (-0.17469875872474322-0.17080828689291422j)
starting: 39200
some stuff:
tdelaylist (1+0j)
ESFGt (1.290445280222306e-27+1.3765585383412854e-27j)
ESFGw (-2.030410561904006e-12+4.0616641994173364e-13j)
intensity 4.287538210579627e-24
data entry 39200 [7.20073829e-24 8.96620580e-24 1.01836339e-23 ... 1.45195104e-24
 3.13628101e-24 5.15424789e-24]
finishing 39200
disp entry 40000 (-0.11214795802928271+0.10491020318740657j)
starting: 40000
some stuff:
tdelaylist (1+0j)
ESFGt (6.397994292151598e-28-8.519144440162945e-28j)
ESFGw (-2.030406658776185e-12+4.061694557078166e-13j)
intensity 4.287524826752654e-24
data entry 40000 [7.20076612e-24 8.96619424e-24 1.01836619e-23 ... 1.45196825e-24
 3.13627931e-24 5.15425166e-24]
finishing 40000
disp entry 40800 (-0.3842343866707455+0.1817363952637222j)
starting: 40800
some stuff:
tdelaylist (1+0j)
ESFGt (-3.1270541496122534e-28-4.8114352543586235e-28j)
ESFGw (-2.030410995584875e-12+4.061677209843406e-13j)
intensity 4.2875410285615764e-24
data entry 40800 [7.20074309e-24 8.96619593e-24 1.01836619e-23 ... 1.45194895e-24
 3.13626330e-24 5.15426123e-24]
finishing 40800
disp entry 41600 (-0.47512742566221566-0.0859793941524216j)
starting: 41600
some stuff:
tdelaylist (1+0j)
ESFGt (-2.541267947042688e-29+3.036552090987643e-28j)
ESFGw (-2.030409694542268e-12+4.061690220269476e-13j)
intensity 4.2875368021455524e-24
data entry 41600 [7.20071612e-24 8.96621398e-24 1.01836742e-23 ... 1.45195201e-24
 3.13630542e-24 5.15427484e-24]
finishing 41600
disp entry 42400 (-0.21250898917091932-0.19069255117999337j)
starting: 42400
some stuff:
tdelaylist (1+0j)
ESFGt (8.948946800489129e-28-1.3212073591355284e-28j)
ESFGw (-2.030410995584875e-12+4.061677209843406e-13j)
intensity 4.2875410285615764e-24
data entry 42400 [7.20073102e-24 8.96620905e-24 1.01836480e-23 ... 1.45195606e-24
 3.13627852e-24 5.15428005e-24]
finishing 42400
disp entry 43200 (-0.09425995765484863+0.0661156554360073j)
starting: 43200
some stuff:
tdelaylist (1+0j)
ESFGt (-1.5559578052512383e-27-5.343350856679722e-28j)
ESFGw (-2.0304131639892198e-12+4.061690220269476e-13j)
intensity 4.287550890955041e-24
data entry 43200 [7.20074715e-24 8.96620567e-24 1.01836602e-23 ... 1.45196523e-24
 3.13628567e-24 5.15424095e-24]
finishing 43200
disp entry 44000 (-0.3445608292964949+0.1975795748026719j)
starting: 44000
some stuff:
tdelaylist (1+0j)
ESFGt (-1.1087365536036089e-27+1.3273844228341842e-27j)
ESFGw (-2.0304127303083508e-12+4.061685883460786e-13j)
intensity 4.2875487775572586e-24
data entry 44000 [7.20074112e-24 8.96620905e-24 1.01836409e-23 ... 1.45195005e-24
 3.13626750e-24 5.15426586e-24]
finishing 44000
disp entry 44800 (-0.4888827781028081-0.045534520906651124j)
starting: 44800
some stuff:
tdelaylist (1+0j)
ESFGt (-1.2976046761500005e-27-4.207223499455173e-28j)
ESFGw (-2.030408393499661e-12+4.0617292515476855e-13j)
intensity 4.287534689522653e-24
data entry 44800 [7.20074272e-24 8.96618282e-24 1.01836584e-23 ... 1.45193882e-24
 3.13628896e-24 5.15424762e-24]
finishing 44800
disp entry 45600 (-0.25361539080227835-0.20232273765968942j)
starting: 45600
some stuff:
tdelaylist (1+0j)
ESFGt (1.1058434848357267e-27-1.016893408268778e-27j)
ESFGw (-2.030411862946613e-12+4.061672873034716e-13j)
intensity 4.2875441984697956e-24
data entry 45600 [7.20073989e-24 8.96618450e-24 1.01836427e-23 ... 1.45194596e-24
 3.13625910e-24 5.15428785e-24]
finishing 45600
disp entry 46400 (-0.08478650724202158+0.024459308621781518j)
starting: 46400
some stuff:
tdelaylist (1+0j)
ESFGt (9.269636803522269e-29+7.776496570023041e-28j)
ESFGw (-2.030405357733578e-12+4.0616641994173364e-13j)
intensity 4.287517077401503e-24
data entry 46400 [7.20076649e-24 8.96622216e-24 1.01836480e-23 ... 1.45195503e-24
 3.13627590e-24 5.15426499e-24]
finishing 46400
disp entry 47200 (-0.3024676133266657+0.20487057349617535j)
starting: 47200
some stuff:
tdelaylist (1+0j)
ESFGt (-3.7518289494460504e-28-2.4905810067934233e-28j)
ESFGw (-2.0304153323935648e-12+4.061685883460786e-13j)
intensity 4.287559344177916e-24
data entry 47200 [7.20075035e-24 8.96619424e-24 1.01836375e-23 ... 1.45195310e-24
 3.13628567e-24 5.15423256e-24]
finishing 47200
disp entry 48000 (-0.4939715336831175-0.0031186976884791016j)
starting: 48000
some stuff:
tdelaylist (1+0j)
ESFGt (6.831383926455701e-28-9.233823737478705e-28j)
ESFGw (-2.0304131639892198e-12+4.061681546652096e-13j)
intensity 4.287550186364855e-24
data entry 48000 [7.20077783e-24 8.96623528e-24 1.01836514e-23 ... 1.45196217e-24
 3.13629203e-24 5.15428409e-24]
finishing 48000
disp entry 48800 (-0.2962386836451342-0.2051954367151953j)
starting: 48800
some stuff:
tdelaylist (1+0j)
ESFGt (2.1278925842438214e-28-1.5438712376714508e-27j)
ESFGw (-2.030410561904006e-12+4.0616511889912665e-13j)
intensity 4.287537153701683e-24
data entry 48800 [7.20077056e-24 8.96621891e-24 1.01836479e-23 ... 1.45194500e-24
 3.13627000e-24 5.15427398e-24]
finishing 48800
disp entry 49600 (-0.08413766264420536-0.01825575304643144j)
starting: 49600
some stuff:
tdelaylist (1+0j)
ESFGt (8.27184199766068e-28+1.1725043761809145e-27j)
ESFGw (-2.030406225095316e-12+4.0617162411216157e-13j)
intensity 4.287524827139721e-24
data entry 49600 [7.20076736e-24 8.96621554e-24 1.01836410e-23 ... 1.45194998e-24
 3.13627852e-24 5.15428699e-24]
finishing 49600
disp entry 50400 (-0.25977673273862095+0.20329380234960573j)
starting: 50400
some stuff:
tdelaylist (1+0j)
ESFGt (1.6033942553560726e-27-1.781111139328643e-27j)
ESFGw (-2.030411862946613e-12+4.0616468521825766e-13j)
intensity 4.287542084712782e-24
data entry 50400 [7.20074395e-24 8.96619749e-24 1.01836568e-23 ... 1.45195108e-24
 3.13627046e-24 5.15426731e-24]
finishing 50400
disp entry 51200 (-0.49017342693266497+0.03943211755333818j)
starting: 51200
some stuff:
tdelaylist (1+0j)
ESFGt (-1.9241823886576198e-28+1.4672020121336444e-27j)
ESFGw (-2.030406658776185e-12+4.061685883460786e-13j)
intensity 4.287524122161718e-24
data entry 51200 [7.20075849e-24 8.96620411e-24 1.01836375e-23 ... 1.45195809e-24
 3.13628862e-24 5.15426268e-24]
finishing 51200
disp entry 52000 (-0.3385339294816315-0.19918630431012985j)
starting: 52000
some stuff:
tdelaylist (1+0j)
ESFGt (1.722225705642167e-27-3.4959706346359017e-28j)
ESFGw (-2.030411429265744e-12+4.061672873034716e-13j)
intensity 4.287542437368422e-24
data entry 52000 [7.20077943e-24 8.96621073e-24 1.01836812e-23 ... 1.45194185e-24
 3.13627466e-24 5.15426876e-24]
finishing 52000
disp entry 52800 (-0.09234150893217033-0.06018061916088426j)
starting: 52800
some stuff:
tdelaylist (1+0j)
ESFGt (2.5074086150524502e-27-5.066312898430469e-28j)
ESFGw (-2.030410995584875e-12+4.0616511889912665e-13j)
intensity 4.287538914802304e-24
data entry 52800 [7.20074715e-24 8.96620905e-24 1.01836339e-23 ... 1.45194297e-24
 3.13628737e-24 5.15426209e-24]
finishing 52800
disp entry 53600 (-0.21833605126830066+0.19291751149464198j)
starting: 53600
some stuff:
tdelaylist (1+0j)
ESFGt (6.934551220129065e-28+1.0017314209619284e-27j)
ESFGw (-2.030407959818792e-12+4.061690220269476e-13j)
intensity 4.287529757749835e-24
data entry 53600 [7.20074752e-24 8.96621554e-24 1.01836514e-23 ... 1.45196523e-24
 3.13629157e-24 5.15428672e-24]
finishing 53600
disp entry 54400 (-0.4776528579208011+0.08027612377519103j)
starting: 54400
some stuff:
tdelaylist (1+0j)
ESFGt (1.1679100236549629e-29+4.3392635862999885e-28j)
ESFGw (-2.030410128223137e-12+4.061672873034716e-13j)
intensity 4.287537154066556e-24
data entry 54400 [7.20072658e-24 8.96618269e-24 1.01836217e-23 ... 1.45194394e-24
 3.13627761e-24 5.15426209e-24]
finishing 54400
disp entry 55200 (-0.378670389523831-0.18455544418802738j)
starting: 55200
some stuff:
tdelaylist (1+0j)
ESFGt (-1.402465025873295e-27+1.2547435235255724e-27j)
ESFGw (-2.0304122966274818e-12+4.061685883460786e-13j)
intensity 4.2875470164551314e-24
data entry 55200 [7.20076366e-24 8.96617957e-24 1.01836304e-23 ... 1.45195809e-24
 3.13627046e-24 5.15424009e-24]
finishing 55200
disp entry 56000 (-0.10904294473902171-0.09950058272420632j)
starting: 56000
some stuff:
tdelaylist (1+0j)
ESFGt (5.631962811300392e-28-8.861438923459114e-29j)
ESFGw (-2.030410995584875e-12+4.061685883460786e-13j)
intensity 4.2875417331510095e-24
data entry 56000 [7.20077783e-24 8.96621242e-24 1.01836707e-23 ... 1.45196417e-24
 3.13629112e-24 5.15427946e-24]
finishing 56000
disp entry 56800 (-0.17993931810585606+0.17419083599995314j)
starting: 56800
some stuff:
tdelaylist (1+0j)
ESFGt (-2.1486587414324535e-27+6.292166299928989e-28j)
ESFGw (-2.0304131639892198e-12+4.061681546652096e-13j)
intensity 4.287550186364855e-24
data entry 56800 [7.20073952e-24 8.96619918e-24 1.01836235e-23 ... 1.45194593e-24
 3.13625786e-24 5.15426209e-24]
finishing 56800
disp entry 57600 (-0.45695177624218736+0.11764539872088291j)
starting: 57600
some stuff:
tdelaylist (1+0j)
ESFGt (-1.6923858112630403e-29-3.2717587831363306e-28j)
ESFGw (-2.03040882718053e-12+4.061707567504236e-13j)
intensity 4.287534689131826e-24
data entry 57600 [7.20074999e-24 8.96620905e-24 1.01836444e-23 ... 1.45194596e-24
 3.13629328e-24 5.15426268e-24]
finishing 57600
disp entry 58400 (-0.4149107674691098-0.16193614934900882j)
starting: 58400
some stuff:
tdelaylist (1+0j)
ESFGt (7.824629068889212e-28+3.568021259738367e-27j)
ESFGw (-2.030406225095316e-12+4.061685883460786e-13j)
intensity 4.2875223610648575e-24
data entry 58400 [7.20074715e-24 8.96622385e-24 1.01836339e-23 ... 1.45196217e-24
 3.13626160e-24 5.15426413e-24]
finishing 58400
disp entry 59200 (-0.13351905273111578-0.1345136892729075j)
starting: 59200
some stuff:
tdelaylist (1+0j)
ESFGt (1.2703794220064249e-27+5.369870656226363e-28j)
ESFGw (-2.030410561904006e-12+4.061677209843406e-13j)
intensity 4.287539267460954e-24
data entry 59200 [7.20075886e-24 8.96620567e-24 1.01836357e-23 ... 1.45193886e-24
 3.13627931e-24 5.15426064e-24]
finishing 59200
disp entry 60000 (-0.1462485259254141+0.14792435517579497j)
starting: 60000
some stuff:
tdelaylist (1+0j)
ESFGt (-1.3578429849682842e-27-1.2279620916622006e-28j)
ESFGw (-2.030410995584875e-12+4.061681546652096e-13j)
intensity 4.2875413808561034e-24
data entry 60000 [7.20076329e-24 8.96621229e-24 1.01836409e-23 ... 1.45194500e-24
 3.13628737e-24 5.15426586e-24]
finishing 60000
disp entry 60800 (-0.4289662228686123+0.14992242297972885j)
starting: 60800
some stuff:
tdelaylist (1+0j)
ESFGt (1.7866391228824808e-27-3.4921925875168786e-27j)
ESFGw (-2.030410561904006e-12+4.061681546652096e-13j)
intensity 4.287539619755482e-24
data entry 60800 [7.20075922e-24 8.96621891e-24 1.01836515e-23 ... 1.45195609e-24
 3.13628783e-24 5.15425225e-24]
finishing 60800
disp entry 61600 (-0.44568640792176867-0.1323074901258889j)
starting: 61600
some stuff:
tdelaylist (1+0j)
ESFGt (-1.9242280038569628e-27+5.24759302852411e-27j)
ESFGw (-2.0304140313509578e-12+4.061620831330437e-13j)
intensity 4.28754877648182e-24
data entry 61600 [7.20074395e-24 8.96619113e-24 1.01836042e-23 ... 1.45195304e-24
 3.13625354e-24 5.15426064e-24]
finishing 61600
disp entry 62400 (-0.1647103908980596-0.16370440553658375j)
starting: 62400
some stuff:
tdelaylist (1+0j)
ESFGt (1.3743259984689607e-27+1.106489345442577e-27j)
ESFGw (-2.030410995584875e-12+4.0617205779303056e-13j)
intensity 4.287544551523789e-24
data entry 62400 [7.20078829e-24 8.96622047e-24 1.01836480e-23 ... 1.45195715e-24
 3.13628612e-24 5.15427801e-24]
finishing 62400
disp entry 63200 (-0.11872197196160783+0.1152550068580099j)
starting: 63200
some stuff:
tdelaylist (1+0j)
ESFGt (1.3971456739468974e-27+7.6380577765402595e-28j)
ESFGw (-2.030406658776185e-12+4.0617292515476855e-13j)
intensity 4.2875276451314535e-24
data entry 63200 [7.20073509e-24 8.96622541e-24 1.01836357e-23 ... 1.45193992e-24
 3.13626160e-24 5.15424095e-24]
finishing 63200
disp entry 64000 (-0.3949075452470487+0.17571009389630268j)
starting: 64000
some stuff:
tdelaylist (1+0j)
ESFGt (-1.6246136143294326e-27+9.192476022734294e-28j)
ESFGw (-2.0304131639892198e-12+4.061707567504236e-13j)
intensity 4.287552300139925e-24
data entry 64000 [7.20075319e-24 8.96619424e-24 1.01836269e-23 ... 1.45196111e-24
 3.13631053e-24 5.15427252e-24]
finishing 64000
Top-level running in PID 48693 (name=__main__)
Running interfere() with b=6640.0, sigma_s=12.5
MID-level running in PID 48693 (name=__main__)
E1_shared element:  0j
E1 element:  (-2.6207756508936477e-10+3.4297912990174267e-10j)
this thing psm_f7e45189
ill try to just make an array with this now
testfreq element:  0.0
did it
disp entry 0 (-0.08332452033614668+0j)
starting: 0
some stuff:
tdelaylist (1+0j)
ESFGt (6.652574019875566e-29-1.1401070149783536e-29j)
ESFGw (1.079899190903344e-12-1.7905924139249851e-13j)
intensity 1.1982444744417536e-24
data entry 0 [1.53334230e-25 1.94411169e-25 2.25212746e-25 ... 3.25850905e-26
 6.58052203e-26 1.08190605e-25]
finishing 0
disp entry 800 (-0.27796535717647075+0.2050566582042932j)
starting: 800
some stuff:
tdelaylist (1+0j)
ESFGt (5.160557413684623e-28-1.052340017616016e-29j)
ESFGw (4.908762632482855e-12-1.2521225375983214e-12j)
intensity 2.5663761431221667e-23
data entry 800 [2.33436363e-24 3.81484212e-24 5.28960567e-24 ... 3.13899328e-27
 2.55567524e-25 1.08023807e-24]
finishing 800
disp entry 1600 (-0.4928812110671021+0.021359994690023542j)
starting: 1600
some stuff:
tdelaylist (1+0j)
ESFGt (1.8752310329035023e-28+8.726561375688137e-30j)
ESFGw (5.026090654780546e-12+1.1028244290001155e-13j)
intensity 2.5273749487284337e-23
data entry 1600 [6.92025213e-24 8.53743919e-24 9.65823376e-24 ... 1.57708361e-24
 3.16618451e-24 5.03883278e-24]
finishing 1600
disp entry 2400 (-0.32062736491562593-0.20283166645248532j)
starting: 2400
some stuff:
tdelaylist (1+0j)
ESFGt (1.59283549207806e-28-2.3996356946397957e-28j)
ESFGw (5.959354537621309e-12-9.439818718370852e-13j)
intensity 3.640500827942472e-23
data entry 2400 [1.18779555e-24 1.84485501e-24 2.44397174e-24 ... 4.37850260e-27
 1.68404107e-25 5.91675007e-25]
finishing 2400
disp entry 3200 (-0.08776846410639105-0.04248822020746742j)
starting: 3200
some stuff:
tdelaylist (1+0j)
ESFGt (4.446306559139257e-28-2.417681078935088e-29j)
ESFGw (5.200999353416336e-12-1.408091525323396e-12j)
intensity 2.903311601792471e-23
data entry 3200 [3.17469111e-24 3.90216136e-24 4.35844113e-24 ... 6.45336473e-25
 1.40146227e-24 2.29341015e-24]
finishing 3200
disp entry 4000 (-0.23576625864575806+0.19840582548751706j)
starting: 4000
some stuff:
tdelaylist (1+0j)
ESFGt (5.627419300879944e-28-5.670286906310081e-29j)
ESFGw (4.6579962109660755e-12-5.412632148038554e-13j)
intensity 2.1989894569074118e-23
data entry 4000 [4.23477101e-24 5.73889789e-24 6.98226443e-24 ... 4.22283755e-25
 1.35934308e-24 2.69746583e-24]
finishing 4000
disp entry 4800 (-0.4840415430690601+0.06315542221883048j)
starting: 4800
some stuff:
tdelaylist (1+0j)
ESFGt (3.213283713211173e-28-4.864980695942534e-28j)
ESFGw (4.940079595394664e-12-9.679861079359142e-13j)
intensity 2.534138351399163e-23
data entry 4800 [3.65465342e-24 5.05703215e-24 6.26274497e-24 ... 3.91131061e-25
 1.12516082e-24 2.27260860e-24]
finishing 4800
disp entry 5600 (-0.3619056678810876-0.1918271584251852j)
starting: 5600
some stuff:
tdelaylist (1+0j)
ESFGt (2.701226708387047e-28-2.430347528974803e-28j)
ESFGw (4.585191601402805e-12-9.226872738077319e-13j)
intensity 2.187533382682156e-23
data entry 5600 [3.05478579e-24 4.18894813e-24 5.12683177e-24 ... 2.45019131e-25
 9.07649984e-25 1.89953990e-24]
finishing 5600
disp entry 6400 (-0.10090794045923898-0.08313734878120543j)
starting: 6400
some stuff:
tdelaylist (1+0j)
ESFGt (6.555055536093214e-28+4.932621860802974e-28j)
ESFGw (4.752502211213816e-12-4.714822282592124e-13j)
intensity 2.280857275915648e-23
data entry 6400 [3.60723777e-24 4.86967895e-24 5.91500246e-24 ... 4.68179843e-25
 1.22329465e-24 2.32561073e-24]
finishing 6400
disp entry 7200 (-0.19585664640014067+0.18316704787788468j)
starting: 7200
some stuff:
tdelaylist (1+0j)
ESFGt (-7.002732820868284e-29+1.0758563406991314e-28j)
ESFGw (5.442313266712517e-12-5.835349564664583e-14j)
intensity 2.962217882348926e-23
data entry 7200 [3.65063611e-24 5.16879634e-24 6.50795884e-24 ... 2.36602109e-25
 9.79469949e-25 2.17980765e-24]
finishing 7200
disp entry 8000 (-0.46674482981831067+0.10221718361476176j)
starting: 8000
some stuff:
tdelaylist (1+0j)
ESFGt (7.114001343250454e-28+6.232889768551486e-29j)
ESFGw (5.240084408053569e-12-1.3016497601991972e-12j)
intensity 2.9152776701752763e-23
data entry 8000 [1.54211310e-24 2.76964523e-24 4.07633004e-24 ... 7.36459441e-26
 6.56134627e-26 5.87897827e-25]
finishing 8000
disp entry 8800 (-0.4000135453943324-0.17251946140905j)
starting: 8800
some stuff:
tdelaylist (1+0j)
ESFGt (5.481909911698152e-28+9.285716832733043e-29j)
ESFGw (4.1850672233278985e-12-1.631143137226232e-12j)
intensity 2.0175415597893717e-23
data entry 8800 [3.76379956e-24 4.70226927e-24 5.39302011e-24 ... 8.82754036e-25
 1.70727875e-24 2.71511775e-24]
finishing 8800
disp entry 9600 (-0.12217421055568767-0.12018789869367334j)
starting: 9600
some stuff:
tdelaylist (1+0j)
ESFGt (-1.0968853901463588e-28+1.5132708055943478e-28j)
ESFGw (6.032859975468874e-12-7.326552559083765e-13j)
intensity 3.6932183207624464e-23
data entry 9600 [4.28789171e-24 4.41284972e-24 4.23769105e-24 ... 2.50450040e-24
 3.25570686e-24 3.88170181e-24]
finishing 9600
disp entry 10400 (-0.1599639976939711+0.15999993192688947j)
starting: 10400
some stuff:
tdelaylist (1+0j)
ESFGt (-2.432698540245939e-28+6.266591573390126e-28j)
ESFGw (5.186290633063528e-12-8.243891680415061e-13j)
intensity 2.757722803098666e-23
data entry 10400 [3.48077357e-24 4.42771157e-24 5.13654902e-24 ... 6.90676923e-25
 1.45947717e-24 2.43885267e-24]
finishing 10400
disp entry 11200 (-0.44173975507885027+0.13685450062843046j)
starting: 11200
some stuff:
tdelaylist (1+0j)
ESFGt (2.0649738184149283e-28-6.243971723676349e-28j)
ESFGw (5.1862819594461484e-12-8.243874333180301e-13j)
intensity 2.7577135203089276e-23
data entry 11200 [3.48077456e-24 4.42773042e-24 5.13654608e-24 ... 6.90670899e-25
 1.45948065e-24 2.43884867e-24]
finishing 11200
disp entry 12000 (-0.43330150782337373-0.14574430408077105j)
starting: 12000
some stuff:
tdelaylist (1+0j)
ESFGt (7.092442312301006e-28-1.685856839162302e-28j)
ESFGw (5.186290633063528e-12-8.243883006797681e-13j)
intensity 2.7577226600900163e-23
data entry 12000 [3.48075342e-24 4.42769725e-24 5.13655330e-24 ... 6.90665925e-25
 1.45946510e-24 2.43885381e-24]
finishing 12000
disp entry 12800 (-0.15064676938931237-0.1520361464648941j)
starting: 12800
some stuff:
tdelaylist (1+0j)
ESFGt (-5.226751749535218e-28-2.376170878897947e-28j)
ESFGw (5.186288898340052e-12-8.243883006797681e-13j)
intensity 2.7577208607342956e-23
data entry 12800 [3.48078208e-24 4.42772550e-24 5.13654923e-24 ... 6.90671160e-25
 1.45947812e-24 2.43885881e-24]
finishing 12800
disp entry 13600 (-0.12964191655268456+0.12990726026263566j)
starting: 13600
some stuff:
tdelaylist (1+0j)
ESFGt (-2.3104576310375446e-28+6.244972419196018e-28j)
ESFGw (5.186288898340052e-12-8.2439177012672e-13j)
intensity 2.7577214327697947e-23
data entry 13600 [3.48076734e-24 4.42770749e-24 5.13652454e-24 ... 6.90658329e-25
 1.45946279e-24 2.43883605e-24]
finishing 13600
disp entry 14400 (-0.41010865705005745+0.16556810594236218j)
starting: 14400
some stuff:
tdelaylist (1+0j)
ESFGt (-7.045853608973679e-28-7.234420833366204e-28j)
ESFGw (5.1862854288931e-12-8.243909027649821e-13j)
intensity 2.757717691051056e-23
data entry 14400 [3.48076699e-24 4.42773547e-24 5.13654170e-24 ... 6.90660549e-25
 1.45947568e-24 2.43886151e-24]
finishing 14400
disp entry 15200 (-0.4603286943152921-0.11266064220723578j)
starting: 15200
some stuff:
tdelaylist (1+0j)
ESFGt (7.395491568167853e-28-8.38477491660011e-28j)
ESFGw (5.18629410251048e-12-8.243891680415061e-13j)
intensity 2.7577264018119155e-23
data entry 15200 [3.48076507e-24 4.42772199e-24 5.13655917e-24 ... 6.90665403e-25
 1.45946803e-24 2.43885250e-24]
finishing 15200
disp entry 16000 (-0.18509318960763632-0.17730354891892558j)
starting: 16000
some stuff:
tdelaylist (1+0j)
ESFGt (9.66774477610339e-29-1.3205147917182612e-28j)
ESFGw (5.186288898340052e-12-8.243900354032441e-13j)
intensity 2.757721146751744e-23
data entry 16000 [3.48075005e-24 4.42772652e-24 5.13653740e-24 ... 6.90665791e-25
 1.45947637e-24 2.43884630e-24]
finishing 16000
disp entry 16800 (-0.10620288642397324+0.09419158640287606j)
starting: 16800
some stuff:
tdelaylist (1+0j)
ESFGt (1.6604272871161612e-28+6.75231050539227e-28j)
ESFGw (5.186288898340052e-12-8.2439177012672e-13j)
intensity 2.7577214327697947e-23
data entry 16800 [3.48076461e-24 4.42770678e-24 5.13653322e-24 ... 6.90664868e-25
 1.45946537e-24 2.43883746e-24]
finishing 16800
disp entry 17600 (-0.37322067963738087+0.18711513856946j)
starting: 17600
some stuff:
tdelaylist (1+0j)
ESFGt (1.1961820720689062e-27+1.6781101376689141e-28j)
ESFGw (5.186287163616576e-12-8.24394372211934e-13j)
intensity 2.757720062442878e-23
data entry 17600 [3.48075762e-24 4.42770055e-24 5.13652851e-24 ... 6.90661338e-25
 1.45946540e-24 2.43883578e-24]
finishing 17600
disp entry 18400 (-0.47992524008597015-0.074700493544606j)
starting: 18400
some stuff:
tdelaylist (1+0j)
ESFGt (-8.994928364745837e-28+2.5950730318188085e-28j)
ESFGw (5.186287163616576e-12-8.243891680415061e-13j)
intensity 2.7577192043878234e-23
data entry 18400 [3.48075080e-24 4.42770457e-24 5.13653531e-24 ... 6.90671878e-25
 1.45946857e-24 2.43884948e-24]
finishing 18400
disp entry 19200 (-0.22402246681164956-0.19489641306904357j)
starting: 19200
some stuff:
tdelaylist (1+0j)
ESFGt (5.131753951640181e-28-5.823489722640886e-28j)
ESFGw (5.1862854288931e-12-8.243891680415061e-13j)
intensity 2.7577174050333045e-23
data entry 19200 [3.48075086e-24 4.42769816e-24 5.13653018e-24 ... 6.90668539e-25
 1.45947878e-24 2.43883747e-24]
finishing 19200
disp entry 20000 (-0.09066145967086797+0.05439885406254672j)
starting: 20000
some stuff:
tdelaylist (1+0j)
ESFGt (1.0793569293037615e-27-2.5230878546682944e-27j)
ESFGw (5.186292367787004e-12-8.24393504850196e-13j)
intensity 2.7577253175004916e-23
data entry 20000 [3.48077415e-24 4.42772057e-24 5.13653845e-24 ... 6.90671618e-25
 1.45947957e-24 2.43885414e-24]
finishing 20000
disp entry 20800 (-0.33267250941214777+0.2005629407697033j)
starting: 20800
some stuff:
tdelaylist (1+0j)
ESFGt (1.7497701727058326e-27+8.488592205987333e-28j)
ESFGw (5.1862854288931e-12-8.24392637488458e-13j)
intensity 2.7577179770694067e-23
data entry 20800 [3.48075482e-24 4.42771552e-24 5.13652882e-24 ... 6.90666051e-25
 1.45946699e-24 2.43884809e-24]
finishing 20800
disp entry 21600 (-0.49124291371500883-0.03350695331973686j)
starting: 21600
some stuff:
tdelaylist (1+0j)
ESFGt (1.4288330085377763e-28+3.395412692037747e-28j)
ESFGw (5.1862819594461484e-12-8.243891680415061e-13j)
intensity 2.7577138063260753e-23
data entry 21600 [3.48077608e-24 4.42772692e-24 5.13655446e-24 ... 6.90677445e-25
 1.45946819e-24 2.43883351e-24]
finishing 21600
disp entry 22400 (-0.26574955729597927-0.20405323633608952j)
starting: 22400
some stuff:
tdelaylist (1+0j)
ESFGt (2.47475289448559e-28+1.5231625973273648e-27j)
ESFGw (5.186290633063528e-12-8.2439177012672e-13j)
intensity 2.757723232125516e-23
data entry 22400 [3.48078959e-24 4.42771286e-24 5.13654526e-24 ... 6.90671420e-25
 1.45949180e-24 2.43884810e-24]
finishing 22400
disp entry 23200 (-0.08369034293483901+0.012251481379495556j)
starting: 23200
some stuff:
tdelaylist (1+0j)
ESFGt (-8.334011083973974e-29-4.986466596414141e-28j)
ESFGw (5.186288898340052e-12-8.243856985945541e-13j)
intensity 2.7577204317092505e-23
data entry 23200 [3.48075971e-24 4.42771410e-24 5.13653856e-24 ... 6.90669849e-25
 1.45948401e-24 2.43885473e-24]
finishing 23200
disp entry 24000 (-0.29021926344586946+0.20532942789944855j)
starting: 24000
some stuff:
tdelaylist (1+0j)
ESFGt (1.717634093804804e-27-9.504884173417868e-28j)
ESFGw (5.1862854288931e-12-8.243883006797681e-13j)
intensity 2.7577172620246566e-23
data entry 24000 [3.48077503e-24 4.42772057e-24 5.13654180e-24 ... 6.90662782e-25
 1.45946899e-24 2.43885138e-24]
finishing 24000
disp entry 24800 (-0.4937918326235938+0.009136926722173132j)
starting: 24800
some stuff:
tdelaylist (1+0j)
ESFGt (7.06217374936253e-28+1.3077752362742755e-27j)
ESFGw (5.186288898340052e-12-8.243874333180301e-13j)
intensity 2.7577207177257963e-23
data entry 24800 [3.48076239e-24 4.42770924e-24 5.13654002e-24 ... 6.90665530e-25
 1.45946979e-24 2.43887480e-24]
finishing 24800
disp entry 25600 (-0.3084683147303033-0.2043776679908563j)
starting: 25600
some stuff:
tdelaylist (1+0j)
ESFGt (1.592146317607687e-27+4.172378423857251e-28j)
ESFGw (5.1862854288931e-12-8.243883006797681e-13j)
intensity 2.7577172620246566e-23
data entry 25600 [3.48076571e-24 4.42773002e-24 5.13655634e-24 ... 6.90672661e-25
 1.45948710e-24 2.43885924e-24]
finishing 25600
disp entry 26400 (-0.08559127920263429-0.030426193509574158j)
starting: 26400
some stuff:
tdelaylist (1+0j)
ESFGt (-1.7183196635512207e-28+6.801081908948e-28j)
ESFGw (5.18629410251048e-12-8.243909027649821e-13j)
intensity 2.757726687829665e-23
data entry 26400 [3.48075657e-24 4.42772381e-24 5.13653709e-24 ... 6.90665791e-25
 1.45947021e-24 2.43885990e-24]
finishing 26400
disp entry 27200 (-0.24769851952128205+0.20120828379483222j)
starting: 27200
some stuff:
tdelaylist (1+0j)
ESFGt (5.950619623821017e-28-2.412138286409379e-28j)
ESFGw (5.186287163616576e-12-8.243865659562921e-13j)
intensity 2.757718775362328e-23
data entry 27200 [3.48076583e-24 4.42772057e-24 5.13655802e-24 ... 6.90669462e-25
 1.45948655e-24 2.43884144e-24]
finishing 27200
disp entry 28000 (-0.48746166751534703+0.051385317251679545j)
starting: 28000
some stuff:
tdelaylist (1+0j)
ESFGt (6.218345192631248e-28+2.4655186543560387e-27j)
ESFGw (5.1862854288931e-12-8.243848312328161e-13j)
intensity 2.757716689991565e-23
data entry 28000 [3.48075389e-24 4.42772361e-24 5.13655111e-24 ... 6.90671096e-25
 1.45948401e-24 2.43885206e-24]
finishing 28000
disp entry 28800 (-0.3503296687365974-0.19585566509299235j)
starting: 28800
some stuff:
tdelaylist (1+0j)
ESFGt (-9.121501052451419e-28+5.65012680955845e-28j)
ESFGw (5.186288898340052e-12-8.243900354032441e-13j)
intensity 2.757721146751744e-23
data entry 28800 [3.48077596e-24 4.42771947e-24 5.13654400e-24 ... 6.90664677e-25
 1.45948159e-24 2.43886900e-24]
finishing 28800
disp entry 29600 (-0.09628198693905932-0.07178687847399047j)
starting: 29600
some stuff:
tdelaylist (1+0j)
ESFGt (4.235730284122784e-28+7.786039362937593e-28j)
ESFGw (5.186290633063528e-12-8.243900354032441e-13j)
intensity 2.7577229461074655e-23
data entry 29600 [3.48075913e-24 4.42771163e-24 5.13654211e-24 ... 6.90673323e-25
 1.45947019e-24 2.43887183e-24]
finishing 29600
disp entry 30400 (-0.20695077705280712+0.18837789111361647j)
starting: 30400
some stuff:
tdelaylist (1+0j)
ESFGt (1.3968119503483826e-27+4.594003641109059e-28j)
ESFGw (5.186287163616576e-12-8.243909027649821e-13j)
intensity 2.757719490405574e-23
data entry 30400 [3.48075948e-24 4.42770852e-24 5.13654546e-24 ... 6.90668673e-25
 1.45947745e-24 2.43884357e-24]
finishing 30400
disp entry 31200 (-0.472526417951415+0.0914095076006959j)
starting: 31200
some stuff:
tdelaylist (1+0j)
ESFGt (8.54018405871498e-28+2.0154345315440437e-27j)
ESFGw (5.186287163616576e-12-8.2439177012672e-13j)
intensity 2.757719633414674e-23
data entry 31200 [3.48078254e-24 4.42773359e-24 5.13656848e-24 ... 6.90672597e-25
 1.45946389e-24 2.43887546e-24]
finishing 31200
disp entry 32000 (-0.38952166142267697-0.17885610033604898j)
starting: 32000
some stuff:
tdelaylist (1+0j)
ESFGt (2.17527779313931e-28+9.188509491020608e-28j)
ESFGw (5.186288898340052e-12-8.24394372211934e-13j)
intensity 2.757721861797999e-23
data entry 32000 [3.48075814e-24 4.42771273e-24 5.13654263e-24 ... 6.90658329e-25
 1.45945693e-24 2.43884148e-24]
finishing 32000
disp entry 32800 (-0.11529972162196883-0.11004028695169102j)
starting: 32800
some stuff:
tdelaylist (1+0j)
ESFGt (-1.4985266034618709e-28-1.1567043245219075e-27j)
ESFGw (5.186290633063528e-12-8.243891680415061e-13j)
intensity 2.757722803098666e-23
data entry 32800 [3.48076775e-24 4.42770373e-24 5.13653364e-24 ... 6.90670702e-25
 1.45947182e-24 2.43885124e-24]
finishing 32800
disp entry 33600 (-0.16973979154494+0.16739361008793785j)
starting: 33600
some stuff:
tdelaylist (1+0j)
ESFGt (9.389423840061458e-28+3.140901960377878e-27j)
ESFGw (5.186292367787004e-12-8.243891680415061e-13j)
intensity 2.75772460245499e-23
data entry 33600 [3.48076606e-24 4.42771674e-24 5.13656889e-24 ... 6.90680186e-25
 1.45948174e-24 2.43885876e-24]
finishing 33600
disp entry 34400 (-0.4496325523502561+0.12747706103127154j)
starting: 34400
some stuff:
tdelaylist (1+0j)
ESFGt (2.39402720561561e-27+5.442233052147164e-28j)
ESFGw (5.186287163616576e-12-8.243909027649821e-13j)
intensity 2.757719490405574e-23
data entry 34400 [3.48078464e-24 4.42770736e-24 5.13655111e-24 ... 6.90668799e-25
 1.45945681e-24 2.43885364e-24]
finishing 34400
disp entry 35200 (-0.4243478775114139-0.15411479548824286j)
starting: 35200
some stuff:
tdelaylist (1+0j)
ESFGt (6.315159516741243e-28+4.040186647459824e-29j)
ESFGw (5.186287163616576e-12-8.243891680415061e-13j)
intensity 2.7577192043878234e-23
data entry 35200 [3.48075593e-24 4.42770554e-24 5.13653500e-24 ... 6.90672597e-25
 1.45945732e-24 2.43884458e-24]
finishing 35200
disp entry 36000 (-0.14182130551934682-0.1435306300404952j)
starting: 36000
some stuff:
tdelaylist (1+0j)
ESFGt (-1.2708469255137017e-27-1.2771122176805901e-27j)
ESFGw (5.186288898340052e-12-8.243839638710782e-13j)
intensity 2.757720145693307e-23
data entry 36000 [3.48077171e-24 4.42772497e-24 5.13656848e-24 ... 6.90672661e-25
 1.45947689e-24 2.43884447e-24]
finishing 36000
disp entry 36800 (-0.13767623089095254+0.13916373990015324j)
starting: 36800
some stuff:
tdelaylist (1+0j)
ESFGt (8.480562260196357e-28+5.536566921428901e-28j)
ESFGw (5.1862819594461484e-12-8.243909027649821e-13j)
intensity 2.7577140923438243e-23
data entry 36800 [3.48076816e-24 4.42773184e-24 5.13654608e-24 ... 6.90667750e-25
 1.45947799e-24 2.43883701e-24]
finishing 36800
disp entry 37600 (-0.4197710257691817+0.15802680281216688j)
starting: 37600
some stuff:
tdelaylist (1+0j)
ESFGt (5.661996633659381e-28-1.5176697527791362e-27j)
ESFGw (5.186288898340052e-12-8.24393504850196e-13j)
intensity 2.7577217187884476e-23
data entry 37600 [3.48075435e-24 4.42772679e-24 5.13653144e-24 ... 6.90673971e-25
 1.45947947e-24 2.43885476e-24]
finishing 37600
disp entry 38400 (-0.45330087323767376-0.12270267153734568j)
starting: 38400
some stuff:
tdelaylist (1+0j)
ESFGt (1.336082200443941e-27+5.940918377089161e-28j)
ESFGw (5.186288898340052e-12-8.243874333180301e-13j)
intensity 2.7577207177257963e-23
data entry 38400 [3.48076920e-24 4.42771131e-24 5.13656178e-24 ... 6.90672005e-25
 1.45946993e-24 2.43886615e-24]
finishing 38400
disp entry 39200 (-0.17469875872474322-0.17080828689291422j)
starting: 39200
some stuff:
tdelaylist (1+0j)
ESFGt (1.5833535463246098e-27-1.3561055409351134e-27j)
ESFGw (5.186288898340052e-12-8.243848312328161e-13j)
intensity 2.757720288701203e-23
data entry 39200 [3.48077159e-24 4.42771370e-24 5.13654191e-24 ... 6.90666376e-25
 1.45945733e-24 2.43884476e-24]
finishing 39200
disp entry 40000 (-0.11214795802928271+0.10491020318740657j)
starting: 40000
some stuff:
tdelaylist (1+0j)
ESFGt (3.432999097574216e-28-7.0773917942082185e-28j)
ESFGw (5.1862836941696244e-12-8.243891680415061e-13j)
intensity 2.757715605679389e-23
data entry 40000 [3.48076769e-24 4.42769893e-24 5.13653730e-24 ... 6.90677050e-25
 1.45946283e-24 2.43886006e-24]
finishing 40000
disp entry 40800 (-0.3842343866707455+0.1817363952637222j)
starting: 40800
some stuff:
tdelaylist (1+0j)
ESFGt (1.2858146537274395e-27+1.5914554942478783e-27j)
ESFGw (5.186290633063528e-12-8.243909027649821e-13j)
intensity 2.757723089116416e-23
data entry 40800 [3.48075255e-24 4.42770820e-24 5.13654420e-24 ... 6.90667757e-25
 1.45947972e-24 2.43885610e-24]
finishing 40800
disp entry 41600 (-0.47512742566221566-0.0859793941524216j)
starting: 41600
some stuff:
tdelaylist (1+0j)
ESFGt (1.175267210895234e-27+1.1075845112114414e-27j)
ESFGw (5.1862854288931e-12-8.2439177012672e-13j)
intensity 2.757717834060156e-23
data entry 41600 [3.48077410e-24 4.42772368e-24 5.13656168e-24 ... 6.90662909e-25
 1.45947971e-24 2.43885584e-24]
finishing 41600
disp entry 42400 (-0.21250898917091932-0.19069255117999337j)
starting: 42400
some stuff:
tdelaylist (1+0j)
ESFGt (1.1314615147056829e-27-1.280399832757806e-27j)
ESFGw (5.186287163616576e-12-8.24394372211934e-13j)
intensity 2.757720062442878e-23
data entry 42400 [3.48077585e-24 4.42772523e-24 5.13651732e-24 ... 6.90670307e-25
 1.45946737e-24 2.43883687e-24]
finishing 42400
disp entry 43200 (-0.09425995765484863+0.0661156554360073j)
starting: 43200
some stuff:
tdelaylist (1+0j)
ESFGt (1.6798112751954863e-27+1.7230914630619995e-27j)
ESFGw (5.186288898340052e-12-8.24392637488458e-13j)
intensity 2.757721575779045e-23
data entry 43200 [3.48076740e-24 4.42771558e-24 5.13652276e-24 ... 6.90672668e-25
 1.45946389e-24 2.43884144e-24]
finishing 43200
disp entry 44000 (-0.3445608292964949+0.1975795748026719j)
starting: 44000
some stuff:
tdelaylist (1+0j)
ESFGt (7.026169602480459e-28+2.8424204929335234e-28j)
ESFGw (5.186288898340052e-12-8.243891680415061e-13j)
intensity 2.757721003742944e-23
data entry 44000 [3.48076717e-24 4.42772310e-24 5.13655425e-24 ... 6.90678030e-25
 1.45948347e-24 2.43885524e-24]
finishing 44000
disp entry 44800 (-0.4888827781028081-0.045534520906651124j)
starting: 44800
some stuff:
tdelaylist (1+0j)
ESFGt (-5.14678098523663e-28-1.2049923108218785e-27j)
ESFGw (5.186287163616576e-12-8.2439177012672e-13j)
intensity 2.757719633414674e-23
data entry 44800 [3.48077031e-24 4.42768819e-24 5.13655049e-24 ... 6.90673126e-25
 1.45946777e-24 2.43885377e-24]
finishing 44800
disp entry 45600 (-0.25361539080227835-0.20232273765968942j)
starting: 45600
some stuff:
tdelaylist (1+0j)
ESFGt (-1.7652969578513808e-27-2.4659359982968518e-27j)
ESFGw (5.186290633063528e-12-8.243874333180301e-13j)
intensity 2.757722517081517e-23
data entry 45600 [3.48077258e-24 4.42771876e-24 5.13653029e-24 ... 6.90677706e-25
 1.45946724e-24 2.43885716e-24]
finishing 45600
disp entry 46400 (-0.08478650724202158+0.024459308621781518j)
starting: 46400
some stuff:
tdelaylist (1+0j)
ESFGt (-1.5949216901447525e-27+3.183541784719323e-27j)
ESFGw (5.186287163616576e-12-8.243856985945541e-13j)
intensity 2.757718632354129e-23
data entry 46400 [3.48074713e-24 4.42772031e-24 5.13652611e-24 ... 6.90662190e-25
 1.45946698e-24 2.43884333e-24]
finishing 46400
disp entry 47200 (-0.3024676133266657+0.20487057349617535j)
starting: 47200
some stuff:
tdelaylist (1+0j)
ESFGt (-4.419088074902747e-28-6.979504413027109e-28j)
ESFGw (5.186287163616576e-12-8.243891680415061e-13j)
intensity 2.7577192043878234e-23
data entry 47200 [3.48076513e-24 4.42771805e-24 5.13653343e-24 ... 6.90670504e-25
 1.45947703e-24 2.43885507e-24]
finishing 47200
disp entry 48000 (-0.4939715336831175-0.0031186976884791016j)
starting: 48000
some stuff:
tdelaylist (1+0j)
ESFGt (-1.3194443207347188e-28+1.2263676725657622e-27j)
ESFGw (5.1862854288931e-12-8.243865659562921e-13j)
intensity 2.757716976007809e-23
data entry 48000 [3.48077544e-24 4.42774965e-24 5.13656461e-24 ... 6.90660619e-25
 1.45946604e-24 2.43885879e-24]
finishing 48000
disp entry 48800 (-0.2962386836451342-0.2051954367151953j)
starting: 48800
some stuff:
tdelaylist (1+0j)
ESFGt (3.0761013365209173e-27+1.1318114166799679e-27j)
ESFGw (5.186288898340052e-12-8.243891680415061e-13j)
intensity 2.757721003742944e-23
data entry 48800 [3.48077916e-24 4.42771578e-24 5.13654734e-24 ... 6.90668539e-25
 1.45947219e-24 2.43885355e-24]
finishing 48800
disp entry 49600 (-0.08413766264420536-0.01825575304643144j)
starting: 49600
some stuff:
tdelaylist (1+0j)
ESFGt (7.258059646722257e-28-3.447751096149465e-27j)
ESFGw (5.1862819594461484e-12-8.243909027649821e-13j)
intensity 2.7577140923438243e-23
data entry 49600 [3.48076938e-24 4.42771973e-24 5.13654734e-24 ... 6.90672266e-25
 1.45947864e-24 2.43885591e-24]
finishing 49600
disp entry 50400 (-0.25977673273862095+0.20329380234960573j)
starting: 50400
some stuff:
tdelaylist (1+0j)
ESFGt (1.6881709340803703e-27+1.0394219382462985e-27j)
ESFGw (5.186288898340052e-12-8.243909027649821e-13j)
intensity 2.757721289760694e-23
data entry 50400 [3.48076536e-24 4.42771319e-24 5.13654075e-24 ... 6.90668799e-25
 1.45948077e-24 2.43883902e-24]
finishing 50400
disp entry 51200 (-0.49017342693266497+0.03943211755333818j)
starting: 51200
some stuff:
tdelaylist (1+0j)
ESFGt (2.107594114503822e-27-3.095287122899078e-27j)
ESFGw (5.186290633063528e-12-8.2439177012672e-13j)
intensity 2.757723232125516e-23
data entry 51200 [3.48076949e-24 4.42773016e-24 5.13655049e-24 ... 6.90673513e-25
 1.45947943e-24 2.43885246e-24]
finishing 51200
disp entry 52000 (-0.3385339294816315-0.19918630431012985j)
starting: 52000
some stuff:
tdelaylist (1+0j)
ESFGt (-2.3250318408882485e-27-6.739063848268108e-28j)
ESFGw (5.186288898340052e-12-8.2439177012672e-13j)
intensity 2.7577214327697947e-23
data entry 52000 [3.48077718e-24 4.42770820e-24 5.13655310e-24 ... 6.90674098e-25
 1.45948470e-24 2.43885810e-24]
finishing 52000
disp entry 52800 (-0.09234150893217033-0.06018061916088426j)
starting: 52800
some stuff:
tdelaylist (1+0j)
ESFGt (7.349658371986919e-28-5.141171087029816e-28j)
ESFGw (5.1862836941696244e-12-8.243900354032441e-13j)
intensity 2.757715748688188e-23
data entry 52800 [3.48075039e-24 4.42771150e-24 5.13655111e-24 ... 6.90666904e-25
 1.45946093e-24 2.43883023e-24]
finishing 52800
disp entry 53600 (-0.21833605126830066+0.19291751149464198j)
starting: 53600
some stuff:
tdelaylist (1+0j)
ESFGt (1.8351610606760904e-27+4.1030372647090245e-28j)
ESFGw (5.186292367787004e-12-8.243883006797681e-13j)
intensity 2.757724459446341e-23
data entry 53600 [3.48077415e-24 4.42772958e-24 5.13653353e-24 ... 6.90676071e-25
 1.45947943e-24 2.43885327e-24]
finishing 53600
disp entry 54400 (-0.4776528579208011+0.08027612377519103j)
starting: 54400
some stuff:
tdelaylist (1+0j)
ESFGt (-1.8545575992735003e-27-1.3507428089413514e-27j)
ESFGw (5.1862854288931e-12-8.243883006797681e-13j)
intensity 2.7577172620246566e-23
data entry 54400 [3.48076950e-24 4.42773437e-24 5.13653887e-24 ... 6.90673450e-25
 1.45947906e-24 2.43884733e-24]
finishing 54400
disp entry 55200 (-0.378670389523831-0.18455544418802738j)
starting: 55200
some stuff:
tdelaylist (1+0j)
ESFGt (3.0500789019877246e-27-1.8253100005746457e-27j)
ESFGw (5.186290633063528e-12-8.2439610693541e-13j)
intensity 2.757723947173275e-23
data entry 55200 [3.48076874e-24 4.42772206e-24 5.13655237e-24 ... 6.90666509e-25
 1.45947369e-24 2.43883527e-24]
finishing 55200
disp entry 56000 (-0.10904294473902171-0.09950058272420632j)
starting: 56000
some stuff:
tdelaylist (1+0j)
ESFGt (-4.635648956228465e-28+4.24552855333717e-28j)
ESFGw (5.186292367787004e-12-8.24392637488458e-13j)
intensity 2.7577251744910914e-23
data entry 56000 [3.48075610e-24 4.42771674e-24 5.13653458e-24 ... 6.90665002e-25
 1.45947356e-24 2.43884345e-24]
finishing 56000
disp entry 56800 (-0.17993931810585606+0.17419083599995314j)
starting: 56800
some stuff:
tdelaylist (1+0j)
ESFGt (-8.261086032509978e-28+1.1431998523343501e-27j)
ESFGw (5.186290633063528e-12-8.243883006797681e-13j)
intensity 2.7577226600900163e-23
data entry 56800 [3.48076472e-24 4.42770450e-24 5.13654305e-24 ... 6.90674626e-25
 1.45945879e-24 2.43884376e-24]
finishing 56800
disp entry 57600 (-0.45695177624218736+0.11764539872088291j)
starting: 57600
some stuff:
tdelaylist (1+0j)
ESFGt (-5.869807356970912e-28-1.1698880595963797e-27j)
ESFGw (5.186288898340052e-12-8.243891680415061e-13j)
intensity 2.757721003742944e-23
data entry 57600 [3.48078633e-24 4.42772031e-24 5.13655446e-24 ... 6.90662056e-25
 1.45948066e-24 2.43884069e-24]
finishing 57600
disp entry 58400 (-0.4149107674691098-0.16193614934900882j)
starting: 58400
some stuff:
tdelaylist (1+0j)
ESFGt (-3.238346345322174e-27+2.1910979756562924e-27j)
ESFGw (5.186288898340052e-12-8.243891680415061e-13j)
intensity 2.757721003742944e-23
data entry 58400 [3.48076973e-24 4.42772038e-24 5.13655822e-24 ... 6.90665918e-25
 1.45947084e-24 2.43885414e-24]
finishing 58400
disp entry 59200 (-0.13351905273111578-0.1345136892729075j)
starting: 59200
some stuff:
tdelaylist (1+0j)
ESFGt (1.3320878681007791e-27-3.4212596104061132e-28j)
ESFGw (5.186287163616576e-12-8.243891680415061e-13j)
intensity 2.7577192043878234e-23
data entry 59200 [3.48075977e-24 4.42773339e-24 5.13655613e-24 ... 6.90675874e-25
 1.45946844e-24 2.43886678e-24]
finishing 59200
disp entry 60000 (-0.1462485259254141+0.14792435517579497j)
starting: 60000
some stuff:
tdelaylist (1+0j)
ESFGt (6.919612598754126e-28+9.390352664351884e-27j)
ESFGw (5.186287163616576e-12-8.243900354032441e-13j)
intensity 2.7577193473966235e-23
data entry 60000 [3.48077404e-24 4.42771760e-24 5.13655111e-24 ... 6.90670378e-25
 1.45948882e-24 2.43886070e-24]
finishing 60000
disp entry 60800 (-0.4289662228686123+0.14992242297972885j)
starting: 60800
some stuff:
tdelaylist (1+0j)
ESFGt (-9.950262880552618e-28+2.0961446571509373e-27j)
ESFGw (5.186288898340052e-12-8.243856985945541e-13j)
intensity 2.7577204317092505e-23
data entry 60800 [3.48077544e-24 4.42771306e-24 5.13654598e-24 ... 6.90676458e-25
 1.45946162e-24 2.43884924e-24]
finishing 60800
disp entry 61600 (-0.44568640792176867-0.1323074901258889j)
starting: 61600
some stuff:
tdelaylist (1+0j)
ESFGt (-3.660691914539962e-27-6.699811133786128e-27j)
ESFGw (5.186288898340052e-12-8.243856985945541e-13j)
intensity 2.7577204317092505e-23
data entry 61600 [3.48076355e-24 4.42774479e-24 5.13656105e-24 ... 6.90668278e-25
 1.45948683e-24 2.43886409e-24]
finishing 61600
disp entry 62400 (-0.1647103908980596-0.16370440553658375j)
starting: 62400
some stuff:
tdelaylist (1+0j)
ESFGt (2.6020800154059245e-28+4.481677320512844e-27j)
ESFGw (5.186292367787004e-12-8.243891680415061e-13j)
intensity 2.75772460245499e-23
data entry 62400 [3.48077171e-24 4.42773534e-24 5.13654588e-24 ... 6.90673710e-25
 1.45948052e-24 2.43886208e-24]
finishing 62400
disp entry 63200 (-0.11872197196160783+0.1152550068580099j)
starting: 63200
some stuff:
tdelaylist (1+0j)
ESFGt (-2.7986170009369394e-27-4.050214563319457e-27j)
ESFGw (5.186288898340052e-12-8.243856985945541e-13j)
intensity 2.7577204317092505e-23
data entry 63200 [3.48076577e-24 4.42773158e-24 5.13654054e-24 ... 6.90674175e-25
 1.45947195e-24 2.43886346e-24]
finishing 63200
disp entry 64000 (-0.3949075452470487+0.17571009389630268j)
starting: 64000
some stuff:
tdelaylist (1+0j)
ESFGt (-1.3224675140000901e-27-2.7348878973567985e-27j)
ESFGw (5.186288898340052e-12-8.243909027649821e-13j)
intensity 2.757721289760694e-23
data entry 64000 [3.48076472e-24 4.42773612e-24 5.13656660e-24 ... 6.90680912e-25
 1.45948322e-24 2.43886798e-24]
finishing 64000
Top-level running in PID 53117 (name=__main__)
Running interfere() with b=6384.615384615385, sigma_s=13.0
MID-level running in PID 53117 (name=__main__)
E1_shared element:  0j
E1 element:  (5.398794838161705e-11-7.065366146390002e-11j)
this thing psm_727db50b
ill try to just make an array with this now
testfreq element:  0.0
did it
disp entry 0 (-0.08332452033614668+0j)
starting: 0
some stuff:
tdelaylist (1+0j)
ESFGt (-5.307439861612384e-29+1.5825814239887467e-29j)
ESFGw (9.010895328509516e-13-2.077513508447204e-13j)
intensity 8.551229699913523e-25
data entry 0 [4.76321022e-26 7.69074546e-27 3.47436143e-26 ... 4.65148447e-25
 2.95080760e-25 1.48516568e-25]
finishing 0
disp entry 800 (-0.27796535717647075+0.2050566582042932j)
starting: 800
some stuff:
tdelaylist (1+0j)
ESFGt (4.048415935463603e-29+5.256566346899756e-29j)
ESFGw (4.729008851178662e-12-1.4038709431063445e-12j)
intensity 2.4334378339424427e-23
data entry 800 [6.66780146e-25 1.25014513e-25 9.34028208e-25 ... 8.89013749e-24
 5.38914344e-24 2.50698766e-24]
finishing 800
disp entry 1600 (-0.4928812110671021+0.021359994690023542j)
starting: 1600
some stuff:
tdelaylist (1+0j)
ESFGt (-6.403023501791478e-28+5.414658194463809e-28j)
ESFGw (4.866041597439974e-12-5.633861432929876e-13j)
intensity 2.3995764774470718e-23
data entry 1600 [8.97636474e-25 5.02270916e-26 1.18703740e-24 ... 1.25346811e-23
 7.66370269e-24 3.57601502e-24]
finishing 1600
disp entry 2400 (-0.32062736491562593-0.20283166645248532j)
starting: 2400
some stuff:
tdelaylist (1+0j)
ESFGt (-2.0406940916845697e-28+3.8071531866974447e-29j)
ESFGw (4.1646495280156515e-12-1.5184069279694512e-12j)
intensity 1.9649865290106615e-23
data entry 2400 [3.52521007e-24 1.21636581e-24 1.61026916e-25 ... 1.43884759e-23
 1.05972960e-23 6.79942145e-24]
finishing 2400
disp entry 3200 (-0.08776846410639105-0.04248822020746742j)
starting: 3200
some stuff:
tdelaylist (1+0j)
ESFGt (-3.002586966950859e-28+1.0926504930723802e-29j)
ESFGw (3.974719858801379e-12-9.106170678618852e-13j)
intensity 1.6627621400231433e-23
data entry 3200 [1.40521740e-24 5.27363824e-25 8.54916292e-25 ... 8.92479555e-24
 5.97522627e-24 3.32708512e-24]
finishing 3200
disp entry 4000 (-0.23576625864575806+0.19840582548751706j)
starting: 4000
some stuff:
tdelaylist (1+0j)
ESFGt (9.352432089845601e-29+3.1046465814828957e-28j)
ESFGw (5.246286044480186e-12-1.4184721106036413e-12j)
intensity 2.9535580389067913e-23
data entry 4000 [2.76465669e-24 8.99899689e-25 2.92300357e-25 ... 1.32322767e-23
 9.34374026e-24 5.69762024e-24]
finishing 4000
disp entry 4800 (-0.4840415430690601+0.06315542221883048j)
starting: 4800
some stuff:
tdelaylist (1+0j)
ESFGt (-1.0007744931406415e-28+6.8757180212737994e-28j)
ESFGw (4.1281474766341475e-12-7.208487279308784e-13j)
intensity 1.7561224477400442e-23
data entry 4800 [1.48498909e-24 6.05462831e-26 5.35360863e-25 ... 1.41007393e-23
 9.04554495e-24 4.62753552e-24]
finishing 4800
disp entry 5600 (-0.3619056678810876-0.1918271584251852j)
starting: 5600
some stuff:
tdelaylist (1+0j)
ESFGt (1.0598622250790748e-28+5.876425802999658e-28j)
ESFGw (4.035737022345387e-12-1.1633888297168937e-12j)
intensity 1.764064688263925e-23
data entry 5600 [1.46411215e-24 2.78275387e-25 9.00853295e-25 ... 1.29355847e-23
 8.30133175e-24 4.27845778e-24]
finishing 5600
disp entry 6400 (-0.10090794045923898-0.08313734878120543j)
starting: 6400
some stuff:
tdelaylist (1+0j)
ESFGt (-6.757134412592791e-28+1.8748944296259466e-28j)
ESFGw (3.3610596944511073e-12-5.615464690467142e-13j)
intensity 1.1612056706562602e-23
data entry 6400 [9.46796927e-25 1.72542832e-25 9.81394930e-25 ... 1.05946181e-23
 6.58404464e-24 3.19633995e-24]
finishing 6400
disp entry 7200 (-0.19585664640014067+0.18316704787788468j)
starting: 7200
some stuff:
tdelaylist (1+0j)
ESFGt (-1.2190512313451142e-29-4.475323811162469e-29j)
ESFGw (4.468030112558807e-12-1.4717914387230024e-12j)
intensity 2.2129463125830594e-23
data entry 7200 [6.11621253e-25 3.17606776e-26 1.07583342e-24 ... 9.55028062e-24
 5.81767671e-24 2.66303133e-24]
finishing 7200
disp entry 8000 (-0.46674482981831067+0.10221718361476176j)
starting: 8000
some stuff:
tdelaylist (1+0j)
ESFGt (-1.5038800684224083e-27+4.008967847801985e-28j)
ESFGw (4.174103770959725e-12-9.372528794737711e-13j)
intensity 1.830158525082207e-23
data entry 8000 [1.00337021e-24 1.55790156e-25 1.23680666e-24 ... 1.29011228e-23
 7.84770331e-24 3.68798338e-24]
finishing 8000
disp entry 8800 (-0.4000135453943324-0.17251946140905j)
starting: 8800
some stuff:
tdelaylist (1+0j)
ESFGt (-2.9657145256500286e-28+6.282328267972494e-28j)
ESFGw (3.4261933568036085e-12-1.549679655432623e-12j)
intensity 1.4140307952666952e-23
data entry 8800 [5.58793565e-25 3.52088118e-26 1.25070598e-24 ... 1.03553282e-23
 6.16400581e-24 2.71821619e-24]
finishing 8800
disp entry 9600 (-0.12217421055568767-0.12018789869367334j)
starting: 9600
some stuff:
tdelaylist (1+0j)
ESFGt (-5.346515047671288e-28-1.5543934855810285e-28j)
ESFGw (3.4625254052844667e-12-8.729163225584813e-13j)
intensity 1.2751065088429382e-23
data entry 9600 [1.65361228e-24 4.06130226e-25 1.36511771e-24 ... 1.52946628e-23
 9.70710035e-24 4.91858422e-24]
finishing 9600
disp entry 10400 (-0.1599639976939711+0.15999993192688947j)
starting: 10400
some stuff:
tdelaylist (1+0j)
ESFGt (-2.4226144415867885e-28+1.3185824023853965e-27j)
ESFGw (4.331049408001775e-12-9.532513667309672e-13j)
intensity 1.966667714272698e-23
data entry 10400 [9.99557027e-25 8.77841799e-26 7.14955969e-25 ... 1.05810627e-23
 6.67554031e-24 3.31213355e-24]
finishing 10400
disp entry 11200 (-0.44173975507885027+0.13685450062843046j)
starting: 11200
some stuff:
tdelaylist (1+0j)
ESFGt (-1.450821932817648e-28+3.6749221262192084e-28j)
ESFGw (4.331045938554823e-12-9.532513667309672e-13j)
intensity 1.966664709004668e-23
data entry 11200 [9.99549286e-25 8.77839314e-26 7.14961725e-25 ... 1.05810636e-23
 6.67554669e-24 3.31211202e-24]
finishing 11200
disp entry 12000 (-0.43330150782337373-0.14574430408077105j)
starting: 12000
some stuff:
tdelaylist (1+0j)
ESFGt (-9.310818442544005e-28-1.3429776555720793e-27j)
ESFGw (4.331045938554823e-12-9.532513667309672e-13j)
intensity 1.966664709004668e-23
data entry 12000 [9.99542244e-25 8.77806135e-26 7.14953760e-25 ... 1.05810455e-23
 6.67554632e-24 3.31209438e-24]
finishing 12000
disp entry 12800 (-0.15064676938931237-0.1520361464648941j)
starting: 12800
some stuff:
tdelaylist (1+0j)
ESFGt (-1.4446952205261339e-28+2.535613058623368e-27j)
ESFGw (4.331047673278299e-12-9.532531014544432e-13j)
intensity 1.966666542364188e-23
data entry 12800 [9.99546579e-25 8.77852733e-26 7.14960512e-25 ... 1.05810226e-23
 6.67553787e-24 3.31212336e-24]
finishing 12800
disp entry 13600 (-0.12964191655268456+0.12990726026263566j)
starting: 13600
some stuff:
tdelaylist (1+0j)
ESFGt (-3.584232134259766e-28+1.0980209810719085e-27j)
ESFGw (4.331047673278299e-12-9.532531014544432e-13j)
intensity 1.966666542364188e-23
data entry 13600 [9.99553770e-25 8.77863531e-26 7.14957843e-25 ... 1.05810377e-23
 6.67554594e-24 3.31211824e-24]
finishing 13600
disp entry 14400 (-0.41010865705005745+0.16556810594236218j)
starting: 14400
some stuff:
tdelaylist (1+0j)
ESFGt (1.1013666146946596e-27+6.774755578844385e-28j)
ESFGw (4.331054612172203e-12-9.532548361779192e-13j)
intensity 1.96667288363147e-23
data entry 14400 [9.99537993e-25 8.77856081e-26 7.14961984e-25 ... 1.05809927e-23
 6.67551826e-24 3.31211202e-24]
finishing 14400
disp entry 15200 (-0.4603286943152921-0.11266064220723578j)
starting: 15200
some stuff:
tdelaylist (1+0j)
ESFGt (-5.891620086872737e-28+4.8054011202405983e-29j)
ESFGw (4.331045938554823e-12-9.532531014544432e-13j)
intensity 1.9666650397304738e-23
data entry 15200 [9.99547489e-25 8.77842662e-26 7.14957089e-25 ... 1.05810502e-23
 6.67557475e-24 3.31212332e-24]
finishing 15200
disp entry 16000 (-0.18509318960763632-0.17730354891892558j)
starting: 16000
some stuff:
tdelaylist (1+0j)
ESFGt (1.2000642800244743e-27-1.2093864516453653e-27j)
ESFGw (4.331052877448727e-12-9.532513667309672e-13j)
intensity 1.9666707195431352e-23
data entry 16000 [9.99555250e-25 8.77861345e-26 7.14961306e-25 ... 1.05810203e-23
 6.67552305e-24 3.31213121e-24]
finishing 16000
disp entry 16800 (-0.10620288642397324+0.09419158640287606j)
starting: 16800
some stuff:
tdelaylist (1+0j)
ESFGt (1.2428476555479627e-27-1.4318270801061004e-28j)
ESFGw (4.331049408001775e-12-9.532513667309672e-13j)
intensity 1.966667714272698e-23
data entry 16800 [9.99551803e-25 8.77860481e-26 7.14954387e-25 ... 1.05810464e-23
 6.67554191e-24 3.31211630e-24]
finishing 16800
disp entry 17600 (-0.37322067963738087+0.18711513856946j)
starting: 17600
some stuff:
tdelaylist (1+0j)
ESFGt (-6.44414004099567e-28+2.8719461801177035e-28j)
ESFGw (4.331052877448727e-12-9.532531014544432e-13j)
intensity 1.9666710502689413e-23
data entry 17600 [9.99555335e-25 8.77831053e-26 7.14958487e-25 ... 1.05810336e-23
 6.67556076e-24 3.31213077e-24]
finishing 17600
disp entry 18400 (-0.47992524008597015-0.074700493544606j)
starting: 18400
some stuff:
tdelaylist (1+0j)
ESFGt (1.3417911425133706e-27-1.8201220933669527e-27j)
ESFGw (4.331044203831347e-12-9.532548361779192e-13j)
intensity 1.9666638678237702e-23
data entry 18400 [9.99551803e-25 8.77848386e-26 7.14957232e-25 ... 1.05810502e-23
 6.67554350e-24 3.31211713e-24]
finishing 18400
disp entry 19200 (-0.22402246681164956-0.19489641306904357j)
starting: 19200
some stuff:
tdelaylist (1+0j)
ESFGt (9.78917248584305e-28-5.958550892033416e-28j)
ESFGw (4.331049408001775e-12-9.532496320074912e-13j)
intensity 1.966667383547494e-23
data entry 19200 [9.99548292e-25 8.77847496e-26 7.14960135e-25 ... 1.05810850e-23
 6.67556114e-24 3.31211162e-24]
finishing 19200
disp entry 20000 (-0.09066145967086797+0.05439885406254672j)
starting: 20000
some stuff:
tdelaylist (1+0j)
ESFGt (4.630988217047794e-28-1.4575111951399852e-27j)
ESFGw (4.331049408001775e-12-9.532478972840153e-13j)
intensity 1.966667052822891e-23
data entry 20000 [9.99549202e-25 8.77840962e-26 7.14954287e-25 ... 1.05810534e-23
 6.67554031e-24 3.31210611e-24]
finishing 20000
disp entry 20800 (-0.33267250941214777+0.2005629407697033j)
starting: 20800
some stuff:
tdelaylist (1+0j)
ESFGt (7.898220089624701e-28-1.9318240197639538e-28j)
ESFGw (4.331047673278299e-12-9.532513667309672e-13j)
intensity 1.966666211638382e-23
data entry 20800 [9.99547320e-25 8.77816232e-26 7.14954997e-25 ... 1.05810430e-23
 6.67557354e-24 3.31213085e-24]
finishing 20800
disp entry 21600 (-0.49124291371500883-0.03350695331973686j)
starting: 21600
some stuff:
tdelaylist (1+0j)
ESFGt (1.763913890194192e-29+7.984645167086422e-28j)
ESFGw (4.331049408001775e-12-9.532513667309672e-13j)
intensity 1.966667714272698e-23
data entry 21600 [9.99544866e-25 8.77860696e-26 7.14956236e-25 ... 1.05810636e-23
 6.67555955e-24 3.31211475e-24]
finishing 21600
disp entry 22400 (-0.26574955729597927-0.20405323633608952j)
starting: 22400
some stuff:
tdelaylist (1+0j)
ESFGt (-1.5505690099146112e-27+5.905587621079716e-28j)
ESFGw (4.331052877448727e-12-9.532513667309672e-13j)
intensity 1.9666707195431352e-23
data entry 22400 [9.99558719e-25 8.77848548e-26 7.14958696e-25 ... 1.05810415e-23
 6.67556076e-24 3.31212685e-24]
finishing 22400
disp entry 23200 (-0.08369034293483901+0.012251481379495556j)
starting: 23200
some stuff:
tdelaylist (1+0j)
ESFGt (-1.878612321714942e-28+3.3077017033136835e-27j)
ESFGw (4.331052877448727e-12-9.532478972840153e-13j)
intensity 1.9666700580933295e-23
data entry 23200 [9.99548483e-25 8.77853084e-26 7.14960813e-25 ... 1.05810723e-23
 6.67554791e-24 3.31212922e-24]
finishing 23200
disp entry 24000 (-0.29021926344586946+0.20532942789944855j)
starting: 24000
some stuff:
tdelaylist (1+0j)
ESFGt (-3.355292941950397e-28-1.77056969061222e-27j)
ESFGw (4.331052877448727e-12-9.532513667309672e-13j)
intensity 1.9666707195431352e-23
data entry 24000 [9.99551782e-25 8.77847711e-26 7.14952103e-25 ... 1.05810305e-23
 6.67553430e-24 3.31213041e-24]
finishing 24000
disp entry 24800 (-0.4937918326235938+0.009136926722173132j)
starting: 24800
some stuff:
tdelaylist (1+0j)
ESFGt (-2.335104272342789e-27-1.945719982351691e-27j)
ESFGw (4.331045938554823e-12-9.532478972840153e-13j)
intensity 1.9666640475548622e-23
data entry 24800 [9.99552628e-25 8.77863343e-26 7.14957148e-25 ... 1.05810487e-23
 6.67551385e-24 3.31209398e-24]
finishing 24800
disp entry 25600 (-0.3084683147303033-0.2043776679908563j)
starting: 25600
some stuff:
tdelaylist (1+0j)
ESFGt (-1.567478944719834e-27+1.2549973584591353e-27j)
ESFGw (4.331051142725251e-12-9.532513667309672e-13j)
intensity 1.966669216907616e-23
data entry 25600 [9.99543047e-25 8.77827140e-26 7.14952162e-25 ... 1.05811022e-23
 6.67555392e-24 3.31211162e-24]
finishing 25600
disp entry 26400 (-0.08559127920263429-0.030426193509574158j)
starting: 26400
some stuff:
tdelaylist (1+0j)
ESFGt (7.774570206556338e-28-8.838076027779458e-28j)
ESFGw (4.331049408001775e-12-9.532478972840153e-13j)
intensity 1.966667052822891e-23
data entry 26400 [9.99551845e-25 8.77832754e-26 7.14949877e-25 ... 1.05810290e-23
 6.67555354e-24 3.31210572e-24]
finishing 26400
disp entry 27200 (-0.24769851952128205+0.20120828379483222j)
starting: 27200
some stuff:
tdelaylist (1+0j)
ESFGt (-8.988288582084031e-28-2.424068659942202e-27j)
ESFGw (4.331052877448727e-12-9.532513667309672e-13j)
intensity 1.9666707195431352e-23
data entry 27200 [9.99548292e-25 8.77853272e-26 7.14954036e-25 ... 1.05810683e-23
 6.67555354e-24 3.31211749e-24]
finishing 27200
disp entry 28000 (-0.48746166751534703+0.051385317251679545j)
starting: 28000
some stuff:
tdelaylist (1+0j)
ESFGt (2.693859749403297e-27-1.9707065169080803e-27j)
ESFGw (4.331052877448727e-12-9.532478972840153e-13j)
intensity 1.9666700580933295e-23
data entry 28000 [9.99551803e-25 8.77850060e-26 7.14957332e-25 ... 1.05810400e-23
 6.67557118e-24 3.31211436e-24]
finishing 28000
disp entry 28800 (-0.3503296687365974-0.19585566509299235j)
starting: 28800
some stuff:
tdelaylist (1+0j)
ESFGt (1.20286570650045e-27+1.0035437654262635e-27j)
ESFGw (4.331045938554823e-12-9.532513667309672e-13j)
intensity 1.966664709004668e-23
data entry 28800 [9.99552755e-25 8.77859346e-26 7.14954546e-25 ... 1.05810833e-23
 6.67555552e-24 3.31212375e-24]
finishing 28800
disp entry 29600 (-0.09628198693905932-0.07178687847399047j)
starting: 29600
some stuff:
tdelaylist (1+0j)
ESFGt (-1.0725094603940916e-27-2.094369068232043e-27j)
ESFGw (4.331052877448727e-12-9.532548361779192e-13j)
intensity 1.966671380995349e-23
data entry 29600 [9.99546664e-25 8.77866771e-26 7.14954095e-25 ... 1.05810873e-23
 6.67558320e-24 3.31211166e-24]
finishing 29600
disp entry 30400 (-0.20695077705280712+0.18837789111361647j)
starting: 30400
some stuff:
tdelaylist (1+0j)
ESFGt (3.3089398547107493e-28-1.6890497447537118e-27j)
ESFGw (4.331049408001775e-12-9.532531014544432e-13j)
intensity 1.966668044998504e-23
data entry 30400 [9.99543069e-25 8.77867230e-26 7.14970283e-25 ... 1.05810313e-23
 6.67556236e-24 3.31212220e-24]
finishing 30400
disp entry 31200 (-0.472526417951415+0.0914095076006959j)
starting: 31200
some stuff:
tdelaylist (1+0j)
ESFGt (-2.1349725791016207e-27+2.2345350894795726e-27j)
ESFGw (4.331051142725251e-12-9.532478972840153e-13j)
intensity 1.96666855545781e-23
data entry 31200 [9.99556942e-25 8.77846335e-26 7.14964887e-25 ... 1.05810566e-23
 6.67553346e-24 3.31213005e-24]
finishing 31200
disp entry 32000 (-0.38952166142267697-0.17885610033604898j)
starting: 32000
some stuff:
tdelaylist (1+0j)
ESFGt (-2.5832174782192965e-27-1.3523239472085746e-28j)
ESFGw (4.331052877448727e-12-9.532531014544432e-13j)
intensity 1.9666710502689413e-23
data entry 32000 [9.99544887e-25 8.77853596e-26 7.14955458e-25 ... 1.05810778e-23
 6.67554510e-24 3.31212530e-24]
finishing 32000
disp entry 32800 (-0.11529972162196883-0.11004028695169102j)
starting: 32800
some stuff:
tdelaylist (1+0j)
ESFGt (1.0816257083503683e-28+1.9268781257782362e-27j)
ESFGw (4.331051142725251e-12-9.532513667309672e-13j)
intensity 1.966669216907616e-23
data entry 32800 [9.99552670e-25 8.77872467e-26 7.14966326e-25 ... 1.05810510e-23
 6.67555993e-24 3.31211788e-24]
finishing 32800
disp entry 33600 (-0.16973979154494+0.16739361008793785j)
starting: 33600
some stuff:
tdelaylist (1+0j)
ESFGt (1.4661053540511917e-27-3.1840280814660436e-27j)
ESFGw (4.331051142725251e-12-9.532548361779192e-13j)
intensity 1.9666698783598292e-23
data entry 33600 [9.99558782e-25 8.77855810e-26 7.14958754e-25 ... 1.05810383e-23
 6.67554913e-24 3.31213787e-24]
finishing 33600
disp entry 34400 (-0.4496325523502561+0.12747706103127154j)
starting: 34400
some stuff:
tdelaylist (1+0j)
ESFGt (2.2959373313326e-27-1.6324345525228546e-27j)
ESFGw (4.331052877448727e-12-9.532478972840153e-13j)
intensity 1.9666700580933295e-23
data entry 34400 [9.99541271e-25 8.77825168e-26 7.14958328e-25 ... 1.05810305e-23
 6.67557194e-24 3.31211472e-24]
finishing 34400
disp entry 35200 (-0.4243478775114139-0.15411479548824286j)
starting: 35200
some stuff:
tdelaylist (1+0j)
ESFGt (-5.268826419420556e-27+7.77542522071012e-28j)
ESFGw (4.331052877448727e-12-9.532496320074912e-13j)
intensity 1.9666703888179316e-23
data entry 35200 [9.99548377e-25 8.77869741e-26 7.14951877e-25 ... 1.05810377e-23
 6.67554632e-24 3.31209672e-24]
finishing 35200
disp entry 36000 (-0.14182130551934682-0.1435306300404952j)
starting: 36000
some stuff:
tdelaylist (1+0j)
ESFGt (3.243278082218167e-28-5.55937260081282e-28j)
ESFGw (4.331049408001775e-12-9.532496320074912e-13j)
intensity 1.966667383547494e-23
data entry 36000 [9.99550936e-25 8.77817582e-26 7.14946815e-25 ... 1.05810470e-23
 6.67554350e-24 3.31211122e-24]
finishing 36000
disp entry 36800 (-0.13767623089095254+0.13916373990015324j)
starting: 36800
some stuff:
tdelaylist (1+0j)
ESFGt (-5.219338378743113e-28-4.0665883429261285e-27j)
ESFGw (4.331052877448727e-12-9.532496320074912e-13j)
intensity 1.9666703888179316e-23
data entry 36800 [9.99548292e-25 8.77863693e-26 7.14955534e-25 ... 1.05810510e-23
 6.67555392e-24 3.31212843e-24]
finishing 36800
disp entry 37600 (-0.4197710257691817+0.15802680281216688j)
starting: 37600
some stuff:
tdelaylist (1+0j)
ESFGt (5.591398880454081e-28+1.855492705969975e-27j)
ESFGw (4.331049408001775e-12-9.532513667309672e-13j)
intensity 1.966667714272698e-23
data entry 37600 [9.99562229e-25 8.77852597e-26 7.14957550e-25 ... 1.05810470e-23
 6.67556236e-24 3.31211868e-24]
finishing 37600
disp entry 38400 (-0.45330087323767376-0.12270267153734568j)
starting: 38400
some stuff:
tdelaylist (1+0j)
ESFGt (3.1967882845153213e-27+2.4146395484280416e-27j)
ESFGw (4.331049408001775e-12-9.532496320074912e-13j)
intensity 1.966667383547494e-23
data entry 38400 [9.99553537e-25 8.77839126e-26 7.14951609e-25 ... 1.05810684e-23
 6.67555232e-24 3.31212609e-24]
finishing 38400
disp entry 39200 (-0.17469875872474322-0.17080828689291422j)
starting: 39200
some stuff:
tdelaylist (1+0j)
ESFGt (9.30247237999102e-28-4.6315639563133125e-29j)
ESFGw (4.331049408001775e-12-9.532496320074912e-13j)
intensity 1.966667383547494e-23
data entry 39200 [9.99551909e-25 8.77863558e-26 7.14957374e-25 ... 1.05810377e-23
 6.67555194e-24 3.31211630e-24]
finishing 39200
disp entry 40000 (-0.11214795802928271+0.10491020318740657j)
starting: 40000
some stuff:
tdelaylist (1+0j)
ESFGt (-1.0240098284991646e-27+8.114816447369928e-28j)
ESFGw (4.331054612172203e-12-9.532461625605393e-13j)
intensity 1.9666712300054506e-23
data entry 40000 [9.99561362e-25 8.77853084e-26 7.14950723e-25 ... 1.05810234e-23
 6.67552708e-24 3.31211551e-24]
finishing 40000
disp entry 40800 (-0.3842343866707455+0.1817363952637222j)
starting: 40800
some stuff:
tdelaylist (1+0j)
ESFGt (2.1016528724632972e-27-2.22505132142776e-27j)
ESFGw (4.331045938554823e-12-9.532531014544432e-13j)
intensity 1.9666650397304738e-23
data entry 40800 [9.99552670e-25 8.77889936e-26 7.14957909e-25 ... 1.05810842e-23
 6.67552586e-24 3.31212570e-24]
finishing 40800
disp entry 41600 (-0.47512742566221566-0.0859793941524216j)
starting: 41600
some stuff:
tdelaylist (1+0j)
ESFGt (2.5576260408527423e-28-2.52802428959203e-27j)
ESFGw (4.331051142725251e-12-9.532548361779192e-13j)
intensity 1.9666698783598292e-23
data entry 41600 [9.99547425e-25 8.77855406e-26 7.14957574e-25 ... 1.05810423e-23
 6.67556959e-24 3.31210809e-24]
finishing 41600
disp entry 42400 (-0.21250898917091932-0.19069255117999337j)
starting: 42400
some stuff:
tdelaylist (1+0j)
ESFGt (2.4839595104978968e-27-4.1646458234060165e-27j)
ESFGw (4.331049408001775e-12-9.532496320074912e-13j)
intensity 1.966667383547494e-23
data entry 42400 [9.99547510e-25 8.77863181e-26 7.14955550e-25 ... 1.05810676e-23
 6.67553590e-24 3.31212530e-24]
finishing 42400
disp entry 43200 (-0.09425995765484863+0.0661156554360073j)
starting: 43200
some stuff:
tdelaylist (1+0j)
ESFGt (-2.7568142291015566e-27-4.919505991061076e-27j)
ESFGw (4.331052877448727e-12-9.532513667309672e-13j)
intensity 1.9666707195431352e-23
data entry 43200 [9.99548313e-25 8.77838613e-26 7.14962427e-25 ... 1.05810525e-23
 6.67555673e-24 3.31211205e-24]
finishing 43200
disp entry 44000 (-0.3445608292964949+0.1975795748026719j)
starting: 44000
some stuff:
tdelaylist (1+0j)
ESFGt (-1.338506176060026e-27+2.355538091229489e-27j)
ESFGw (4.331047673278299e-12-9.532513667309672e-13j)
intensity 1.966666211638382e-23
data entry 44000 [9.99541482e-25 8.77858132e-26 7.14961055e-25 ... 1.05810566e-23
 6.67555514e-24 3.31211749e-24]
finishing 44000
disp entry 44800 (-0.4888827781028081-0.045534520906651124j)
starting: 44800
some stuff:
tdelaylist (1+0j)
ESFGt (-1.4382738185717162e-27+4.095802450004177e-27j)
ESFGw (4.331051142725251e-12-9.532513667309672e-13j)
intensity 1.966669216907616e-23
data entry 44800 [9.99550999e-25 8.77863181e-26 7.14962955e-25 ... 1.05810597e-23
 6.67556396e-24 3.31211943e-24]
finishing 44800
disp entry 45600 (-0.25361539080227835-0.20232273765968942j)
starting: 45600
some stuff:
tdelaylist (1+0j)
ESFGt (2.5129425011866016e-27+7.222384933542598e-30j)
ESFGw (4.331051142725251e-12-9.532565709013952e-13j)
intensity 1.9666702090868384e-23
data entry 45600 [9.99543111e-25 8.77822091e-26 7.14952997e-25 ... 1.05810336e-23
 6.67556434e-24 3.31208815e-24]
finishing 45600
disp entry 46400 (-0.08478650724202158+0.024459308621781518j)
starting: 46400
some stuff:
tdelaylist (1+0j)
ESFGt (-2.5713175142551313e-27-5.152633945582538e-28j)
ESFGw (4.331052877448727e-12-9.532496320074912e-13j)
intensity 1.9666703888179316e-23
data entry 46400 [9.99553643e-25 8.77832188e-26 7.14958955e-25 ... 1.05810479e-23
 6.67554069e-24 3.31211238e-24]
finishing 46400
disp entry 47200 (-0.3024676133266657+0.20487057349617535j)
starting: 47200
some stuff:
tdelaylist (1+0j)
ESFGt (1.2730922824121904e-27+4.669287339103178e-27j)
ESFGw (4.331052877448727e-12-9.532565709013952e-13j)
intensity 1.966671711722358e-23
data entry 47200 [9.99547341e-25 8.77833051e-26 7.14955592e-25 ... 1.05810517e-23
 6.67551544e-24 3.31211709e-24]
finishing 47200
disp entry 48000 (-0.4939715336831175-0.0031186976884791016j)
starting: 48000
some stuff:
tdelaylist (1+0j)
ESFGt (3.3314863234843797e-28-3.6353662936857896e-28j)
ESFGw (4.331049408001775e-12-9.532513667309672e-13j)
intensity 1.966667714272698e-23
data entry 48000 [9.99535434e-25 8.77848684e-26 7.14961314e-25 ... 1.05810368e-23
 6.67553750e-24 3.31213862e-24]
finishing 48000
disp entry 48800 (-0.2962386836451342-0.2051954367151953j)
starting: 48800
some stuff:
tdelaylist (1+0j)
ESFGt (2.4772893538143818e-27+3.905859707449382e-27j)
ESFGw (4.331049408001775e-12-9.532531014544432e-13j)
intensity 1.966668044998504e-23
data entry 48800 [9.99556244e-25 8.77835913e-26 7.14953626e-25 ... 1.05810778e-23
 6.67552746e-24 3.31212022e-24]
finishing 48800
disp entry 49600 (-0.08413766264420536-0.01825575304643144j)
starting: 49600
some stuff:
tdelaylist (1+0j)
ESFGt (-5.393546797640626e-28-5.302535050307871e-28j)
ESFGw (4.331047673278299e-12-9.532478972840153e-13j)
intensity 1.9666655501885756e-23
data entry 49600 [9.99555356e-25 8.77839936e-26 7.14967974e-25 ... 1.05810464e-23
 6.67553628e-24 3.31208970e-24]
finishing 49600
disp entry 50400 (-0.25977673273862095+0.20329380234960573j)
starting: 50400
some stuff:
tdelaylist (1+0j)
ESFGt (-8.732625012269339e-27+2.162443731523021e-27j)
ESFGw (4.331052877448727e-12-9.532513667309672e-13j)
intensity 1.9666707195431352e-23
data entry 50400 [9.99548398e-25 8.77865880e-26 7.14963181e-25 ... 1.05810455e-23
 6.67555635e-24 3.31212102e-24]
finishing 50400
disp entry 51200 (-0.49017342693266497+0.03943211755333818j)
starting: 51200
some stuff:
tdelaylist (1+0j)
ESFGt (7.5002961580815175e-28-7.657993780810431e-29j)
ESFGw (4.331051142725251e-12-9.532513667309672e-13j)
intensity 1.966669216907616e-23
data entry 51200 [9.99550851e-25 8.77845147e-26 7.14954964e-25 ... 1.05810691e-23
 6.67554228e-24 3.31213081e-24]
finishing 51200
disp entry 52000 (-0.3385339294816315-0.19918630431012985j)
starting: 52000
some stuff:
tdelaylist (1+0j)
ESFGt (3.441553521014783e-27+3.279363153328693e-27j)
ESFGw (4.331047673278299e-12-9.532513667309672e-13j)
intensity 1.966666211638382e-23
data entry 52000 [9.99551782e-25 8.77858483e-26 7.14958328e-25 ... 1.05810423e-23
 6.67554228e-24 3.31211472e-24]
finishing 52000
disp entry 52800 (-0.09234150893217033-0.06018061916088426j)
starting: 52800
some stuff:
tdelaylist (1+0j)
ESFGt (3.662551742581381e-27+7.479859624555184e-28j)
ESFGw (4.331045938554823e-12-9.532513667309672e-13j)
intensity 1.966664709004668e-23
data entry 52800 [9.99548271e-25 8.77816206e-26 7.14946647e-25 ... 1.05810653e-23
 6.67554669e-24 3.31212419e-24]
finishing 52800
disp entry 53600 (-0.21833605126830066+0.19291751149464198j)
starting: 53600
some stuff:
tdelaylist (1+0j)
ESFGt (2.5372661165502007e-27+2.7969771764433898e-27j)
ESFGw (4.331047673278299e-12-9.532478972840153e-13j)
intensity 1.9666655501885756e-23
data entry 53600 [9.99545902e-25 8.77857593e-26 7.14966276e-25 ... 1.05810699e-23
 6.67554031e-24 3.31210377e-24]
finishing 53600
disp entry 54400 (-0.4776528579208011+0.08027612377519103j)
starting: 54400
some stuff:
tdelaylist (1+0j)
ESFGt (1.37237693046993e-27-3.443047778870695e-27j)
ESFGw (4.331051142725251e-12-9.532496320074912e-13j)
intensity 1.9666688861824112e-23
data entry 54400 [9.99546706e-25 8.77832863e-26 7.14959650e-25 ... 1.05810353e-23
 6.67555354e-24 3.31211864e-24]
finishing 54400
disp entry 55200 (-0.378670389523831-0.18455544418802738j)
starting: 55200
some stuff:
tdelaylist (1+0j)
ESFGt (-4.104800645695908e-27-4.62940736183961e-27j)
ESFGw (4.331049408001775e-12-9.532513667309672e-13j)
intensity 1.966667714272698e-23
data entry 55200 [9.99549223e-25 8.77844687e-26 7.14965105e-25 ... 1.05810668e-23
 6.67551263e-24 3.31210104e-24]
finishing 55200
disp entry 56000 (-0.10904294473902171-0.09950058272420632j)
starting: 56000
some stuff:
tdelaylist (1+0j)
ESFGt (2.5667235367588974e-28+1.0920476645865666e-27j)
ESFGw (4.331052877448727e-12-9.532478972840153e-13j)
intensity 1.9666700580933295e-23
data entry 56000 [9.99550873e-25 8.77834266e-26 7.14956813e-25 ... 1.05810659e-23
 6.67553787e-24 3.31210381e-24]
finishing 56000
disp entry 56800 (-0.17993931810585606+0.17419083599995314j)
starting: 56800
some stuff:
tdelaylist (1+0j)
ESFGt (-4.0937286438108516e-27+1.5718082959622459e-27j)
ESFGw (4.331051142725251e-12-9.532513667309672e-13j)
intensity 1.966669216907616e-23
data entry 56800 [9.99551020e-25 8.77860319e-26 7.14961197e-25 ... 1.05810455e-23
 6.67555635e-24 3.31207911e-24]
finishing 56800
disp entry 57600 (-0.45695177624218736+0.11764539872088291j)
starting: 57600
some stuff:
tdelaylist (1+0j)
ESFGt (-4.923049392956714e-27+6.870845669035856e-27j)
ESFGw (4.331049408001775e-12-9.532548361779192e-13j)
intensity 1.9666683757249115e-23
data entry 57600 [9.99542223e-25 8.77846523e-26 7.14953659e-25 ... 1.05810644e-23
 6.67556715e-24 3.31212534e-24]
finishing 57600
disp entry 58400 (-0.4149107674691098-0.16193614934900882j)
starting: 58400
some stuff:
tdelaylist (1+0j)
ESFGt (2.453423978686417e-27+2.676741255287046e-27j)
ESFGw (4.331049408001775e-12-9.532513667309672e-13j)
intensity 1.966667714272698e-23
data entry 58400 [9.99548377e-25 8.77853434e-26 7.14951116e-25 ... 1.05810494e-23
 6.67555673e-24 3.31213632e-24]
finishing 58400
disp entry 59200 (-0.13351905273111578-0.1345136892729075j)
starting: 59200
some stuff:
tdelaylist (1+0j)
ESFGt (-2.7504358688602095e-28+6.5867687046645e-27j)
ESFGw (4.331051142725251e-12-9.532548361779192e-13j)
intensity 1.9666698783598292e-23
data entry 59200 [9.99557154e-25 8.77862856e-26 7.14963047e-25 ... 1.05810164e-23
 6.67556677e-24 3.31211238e-24]
finishing 59200
disp entry 60000 (-0.1462485259254141+0.14792435517579497j)
starting: 60000
some stuff:
tdelaylist (1+0j)
ESFGt (-4.737576968995752e-27-1.8710478745080785e-27j)
ESFGw (4.331047673278299e-12-9.532548361779192e-13j)
intensity 1.9666668730905957e-23
data entry 60000 [9.99554341e-25 8.77853272e-26 7.14958579e-25 ... 1.05810502e-23
 6.67557878e-24 3.31211590e-24]
finishing 60000
disp entry 60800 (-0.4289662228686123+0.14992242297972885j)
starting: 60800
some stuff:
tdelaylist (1+0j)
ESFGt (-2.2798053812886664e-27-7.635900965963676e-27j)
ESFGw (4.331047673278299e-12-9.532565709013952e-13j)
intensity 1.9666672038176052e-23
data entry 60800 [9.99549984e-25 8.77828327e-26 7.14959089e-25 ... 1.05810077e-23
 6.67554594e-24 3.31211630e-24]
finishing 60800
disp entry 61600 (-0.44568640792176867-0.1323074901258889j)
starting: 61600
some stuff:
tdelaylist (1+0j)
ESFGt (1.1766460053765508e-26-3.0280653439541976e-27j)
ESFGw (4.331049408001775e-12-9.532496320074912e-13j)
intensity 1.966667383547494e-23
data entry 61600 [9.99548398e-25 8.77834051e-26 7.14962804e-25 ... 1.05810156e-23
 6.67554632e-24 3.31210417e-24]
finishing 61600
disp entry 62400 (-0.1647103908980596-0.16370440553658375j)
starting: 62400
some stuff:
tdelaylist (1+0j)
ESFGt (1.3731173540489707e-27+3.7918889311939944e-27j)
ESFGw (4.331051142725251e-12-9.532461625605393e-13j)
intensity 1.9666682247338094e-23
data entry 62400 [9.99550090e-25 8.77849061e-26 7.14967539e-25 ... 1.05810171e-23
 6.67554753e-24 3.31211943e-24]
finishing 62400
disp entry 63200 (-0.11872197196160783+0.1152550068580099j)
starting: 63200
some stuff:
tdelaylist (1+0j)
ESFGt (-3.415395746832884e-27+6.858069854763322e-27j)
ESFGw (4.331049408001775e-12-9.532531014544432e-13j)
intensity 1.966668044998504e-23
data entry 63200 [9.99554362e-25 8.77833700e-26 7.14955574e-25 ... 1.05810415e-23
 6.67557278e-24 3.31208383e-24]
finishing 63200
disp entry 64000 (-0.3949075452470487+0.17571009389630268j)
starting: 64000
some stuff:
tdelaylist (1+0j)
ESFGt (-5.061369668585148e-27-1.372616107647215e-27j)
ESFGw (4.331045938554823e-12-9.532478972840153e-13j)
intensity 1.9666640475548622e-23
data entry 64000 [9.99551020e-25 8.77842824e-26 7.14957022e-25 ... 1.05810857e-23
 6.67555514e-24 3.31211864e-24]
finishing 64000
Top-level running in PID 57700 (name=__main__)
Running interfere() with b=83000.0, sigma_s=10.0
MID-level running in PID 57700 (name=__main__)
E1_shared element:  0j
E1 element:  (-7.51233061728491e-10+9.83133606942672e-10j)
this thing psm_baaf1064
ill try to just make an array with this now
testfreq element:  0.0
did it
disp entry 0 (-0.08332452033614668+0j)
starting: 0
some stuff:
tdelaylist (1+0j)
ESFGt (3.569086232294186e-28+6.882584355698183e-28j)
ESFGw (2.3392231077515313e-14-1.2557771662813355e-16j)
intensity 5.4721224454678685e-28
data entry 0 [1.57181234e-28 3.10793497e-28 3.80444739e-30 ... 3.71460337e-29
 3.48371718e-28 7.00536072e-29]
finishing 0
disp entry 800 (-0.27796535717647075+0.2050566582042932j)
starting: 800
some stuff:
tdelaylist (1+0j)
ESFGt (1.9851895428332675e-27-8.260890873940344e-28j)
ESFGw (-2.0782160714549747e-13+1.3255379866655703e-13j)
intensity 6.076032993747162e-26
data entry 800 [7.62197688e-26 7.69842873e-27 1.16015382e-25 ... 1.10298505e-25
 5.00927904e-27 8.13703052e-26]
finishing 800
disp entry 1600 (-0.4928812110671021+0.021359994690023542j)
starting: 1600
some stuff:
tdelaylist (1+0j)
ESFGt (-6.76695876326441e-28+2.1434707529099387e-27j)
ESFGw (-1.7956990061573919e-13+1.4487521425576855e-13j)
intensity 5.32341769128013e-26
data entry 1600 [8.34693917e-26 1.69152759e-26 4.10282845e-26 ... 5.32492626e-26
 6.01834007e-26 4.44100165e-27]
finishing 1600
disp entry 2400 (-0.32062736491562593-0.20283166645248532j)
starting: 2400
some stuff:
tdelaylist (1+0j)
ESFGt (2.3265093770313917e-27+3.234134033796984e-27j)
ESFGw (1.4896124698321467e-13+3.17600221295955e-14j)
intensity 2.319815210846668e-26
data entry 2400 [1.13397521e-26 1.05211832e-25 2.10543687e-26 ... 1.87610770e-26
 7.26338449e-26 7.99562929e-26]
finishing 2400
disp entry 3200 (-0.08776846410639105-0.04248822020746742j)
starting: 3200
some stuff:
tdelaylist (1+0j)
ESFGt (2.2157481276988427e-27+4.0639961205492196e-27j)
ESFGw (4.78056179711861e-13-1.2485444535886847e-13j)
intensity 2.4412634348656975e-25
data entry 3200 [1.37704353e-25 2.34071611e-26 9.17527989e-26 ... 8.85412026e-26
 8.72047263e-26 1.97583764e-26]
finishing 3200
disp entry 4000 (-0.23576625864575806+0.19840582548751706j)
starting: 4000
some stuff:
tdelaylist (1+0j)
ESFGt (-4.752683008037717e-28+3.052002860910204e-27j)
ESFGw (3.27229996571754e-13+6.08141466872103e-14j)
intensity 1.107778310936437e-25
data entry 4000 [7.96261947e-26 5.27292732e-26 1.67785026e-25 ... 1.59997921e-25
 8.09084497e-27 1.48249185e-25]
finishing 4000
disp entry 4800 (-0.4840415430690601+0.06315542221883048j)
starting: 4800
some stuff:
tdelaylist (1+0j)
ESFGt (-2.2385998504735543e-27+2.341550406075336e-27j)
ESFGw (6.50142374832019e-14-8.430447095628124e-14j)
intensity 1.1334094898740643e-26
data entry 4800 [1.13609036e-25 3.53876411e-26 1.74091103e-25 ... 1.85521736e-25
 3.25303312e-26 1.17521060e-25]
finishing 4800
disp entry 5600 (-0.3619056678810876-0.1918271584251852j)
starting: 5600
some stuff:
tdelaylist (1+0j)
ESFGt (-9.693041720984463e-28+1.695877219809273e-27j)
ESFGw (2.6423503142469773e-13-2.7708900712103413e-13j)
intensity 1.465984696993315e-25
data entry 5600 [1.52378620e-25 6.81291314e-26 6.13172911e-26 ... 3.10282230e-26
 1.94105941e-25 4.16174593e-27]
finishing 5600
disp entry 6400 (-0.10090794045923898-0.08313734878120543j)
starting: 6400
some stuff:
tdelaylist (1+0j)
ESFGt (2.846488629477083e-27+4.782030015507899e-27j)
ESFGw (3.170765516466445e-13-1.8342716668479087e-13j)
intensity 1.3418306508213727e-25
data entry 6400 [8.56410214e-26 3.78419553e-26 1.49194817e-25 ... 1.40557091e-25
 1.55423050e-26 1.11400966e-25]
finishing 6400
disp entry 7200 (-0.19585664640014067+0.18316704787788468j)
starting: 7200
some stuff:
tdelaylist (1+0j)
ESFGt (1.3338425712298388e-27+5.975245260176564e-27j)
ESFGw (-5.3508304558025355e-14+1.751337790067975e-13j)
intensity 3.3534979205876186e-26
data entry 7200 [2.17543314e-25 1.46550925e-26 1.53739361e-25 ... 1.06541136e-25
 1.87164134e-25 1.11998966e-26]
finishing 7200
disp entry 8000 (-0.46674482981831067+0.10221718361476176j)
starting: 8000
some stuff:
tdelaylist (1+0j)
ESFGt (4.7754745856036565e-27+3.896491642859833e-27j)
ESFGw (1.449496989450183e-13+1.413085685790516e-13j)
intensity 4.097852677811197e-26
data entry 8000 [6.29390029e-27 1.35998566e-25 1.32327759e-26 ... 7.92479907e-26
 5.54279061e-26 1.37016876e-25]
finishing 8000
disp entry 8800 (-0.4000135453943324-0.17251946140905j)
starting: 8800
some stuff:
tdelaylist (1+0j)
ESFGt (1.329264909342463e-27+3.3283222952752714e-27j)
ESFGw (-9.78321156724915e-14+9.343350745871781e-14j)
intensity 1.8300943172994038e-26
data entry 8800 [7.20221467e-26 4.23939853e-26 1.06634496e-25 ... 1.55740689e-25
 2.17004631e-26 1.10834220e-25]
finishing 8800
disp entry 9600 (-0.12217421055568767-0.12018789869367334j)
starting: 9600
some stuff:
tdelaylist (1+0j)
ESFGt (1.711128741311725e-27+6.024870126392225e-27j)
ESFGw (3.354139882505436e-13-5.826036268002932e-14j)
intensity 1.1589681337374436e-25
data entry 9600 [1.26855954e-25 2.39248565e-26 1.67552752e-25 ... 1.20468507e-25
 8.98390529e-26 5.96212020e-26]
finishing 9600
disp entry 10400 (-0.1599639976939711+0.15999993192688947j)
starting: 10400
some stuff:
tdelaylist (1+0j)
ESFGt (4.815904263199018e-27+2.1191817981786455e-28j)
ESFGw (5.736383590360106e-14+1.3697972877507736e-13j)
intensity 2.2054055764869026e-26
data entry 10400 [1.20797123e-25 6.04854332e-27 1.57003563e-25 ... 4.78717439e-26
 7.82800242e-26 2.50485410e-26]
finishing 10400
disp entry 11200 (-0.44173975507885027+0.13685450062843046j)
starting: 11200
some stuff:
tdelaylist (1+0j)
ESFGt (-3.902512997185478e-27+5.947783772516902e-27j)
ESFGw (-9.892564198366038e-14+8.499667983330461e-14j)
intensity 1.7010718224564644e-26
data entry 11200 [1.45965810e-25 1.17884390e-26 1.39685684e-25 ... 1.11784652e-25
 1.19337674e-25 4.04404346e-26]
finishing 11200
disp entry 12000 (-0.43330150782337373-0.14574430408077105j)
starting: 12000
some stuff:
tdelaylist (1+0j)
ESFGt (3.892968980775263e-27+4.4180564761538124e-27j)
ESFGw (1.1719553279221362e-13-1.5496501651335315e-15j)
intensity 1.3737194322085116e-26
data entry 12000 [1.24199654e-25 1.31296663e-25 5.27880102e-26 ... 1.44619050e-26
 1.62424317e-25 5.56756625e-26]
finishing 12000
disp entry 12800 (-0.15064676938931237-0.1520361464648941j)
starting: 12800
some stuff:
tdelaylist (1+0j)
ESFGt (-1.0181633583984608e-27+3.25695188755255e-27j)
ESFGw (-1.2092746509012597e-13-1.578445490632574e-13j)
intensity 3.953835348210671e-26
data entry 12800 [8.36693022e-26 2.73659135e-26 8.31540099e-26 ... 1.17987884e-25
 5.84669029e-26 6.50817553e-26]
finishing 12800
disp entry 13600 (-0.12964191655268456+0.12990726026263566j)
starting: 13600
some stuff:
tdelaylist (1+0j)
ESFGt (-8.168028753502167e-28+4.2990288551034084e-27j)
ESFGw (-1.4494807264175957e-13-1.3731626512941686e-13j)
intensity 3.986570043165311e-26
data entry 13600 [1.42151297e-25 2.00420819e-27 1.17878741e-25 ... 2.49631893e-26
 1.17368127e-25 7.31711786e-27]
finishing 13600
disp entry 14400 (-0.41010865705005745+0.16556810594236218j)
starting: 14400
some stuff:
tdelaylist (1+0j)
ESFGt (1.8686815757565858e-27+1.8710363563679073e-27j)
ESFGw (2.452147642925673e-13-3.55669161657135e-13j)
intensity 1.866308331809486e-25
data entry 14400 [7.25357413e-26 1.54021449e-25 2.72471569e-26 ... 5.45138151e-26
 1.05782821e-25 1.03141199e-25]
finishing 14400
disp entry 15200 (-0.4603286943152921-0.11266064220723578j)
starting: 15200
some stuff:
tdelaylist (1+0j)
ESFGt (1.0304018268318474e-27-1.5676229074953469e-27j)
ESFGw (2.03519059244206e-13-3.453191508781539e-13j)
intensity 1.6066532343885582e-25
data entry 15200 [3.18601929e-26 1.71027592e-25 1.03971930e-26 ... 1.00020458e-25
 3.86908141e-26 1.19824711e-25]
finishing 15200
disp entry 16000 (-0.18509318960763632-0.17730354891892558j)
starting: 16000
some stuff:
tdelaylist (1+0j)
ESFGt (1.501189710011293e-27-1.8857064190725076e-28j)
ESFGw (-1.7616669841652444e-13-1.2971752578333495e-13j)
intensity 4.786134212632885e-26
data entry 16000 [7.21352660e-28 9.82421037e-26 1.58994612e-27 ... 1.44600326e-25
 6.29905987e-27 1.16963349e-25]
finishing 16000
disp entry 16800 (-0.10620288642397324+0.09419158640287606j)
starting: 16800
some stuff:
tdelaylist (1+0j)
ESFGt (3.337647040391251e-27+8.54445035681951e-27j)
ESFGw (4.876407437570673e-13+8.874715198836647e-14j)
intensity 2.4566955195799203e-25
data entry 16800 [1.11525856e-25 4.44567886e-26 1.40684439e-25 ... 3.79640986e-26
 1.33622617e-25 3.20662115e-26]
finishing 16800
disp entry 17600 (-0.37322067963738087+0.18711513856946j)
starting: 17600
some stuff:
tdelaylist (1+0j)
ESFGt (4.549512400516749e-27+5.977763583502436e-27j)
ESFGw (1.3760238608273578e-13-2.94564828258459e-13j)
intensity 1.057028547025977e-25
data entry 17600 [1.24821654e-25 3.74562694e-26 8.82281156e-26 ... 1.14059596e-26
 1.31252686e-25 2.07843385e-26]
finishing 17600
disp entry 18400 (-0.47992524008597015-0.074700493544606j)
starting: 18400
some stuff:
tdelaylist (1+0j)
ESFGt (-1.4365493437735955e-27+4.399375230517958e-27j)
ESFGw (7.360084763874397e-14-3.0380011657379913e-13j)
intensity 9.771159560339552e-26
data entry 18400 [5.15166065e-26 1.11866742e-25 3.86735102e-26 ... 8.56040448e-26
 3.58360268e-26 8.03078783e-26]
finishing 18400
disp entry 19200 (-0.22402246681164956-0.19489641306904357j)
starting: 19200
some stuff:
tdelaylist (1+0j)
ESFGt (1.2658170170071652e-27+3.8372512201179645e-27j)
ESFGw (2.0877462085511223e-13-1.4302198748233907e-13j)
intensity 6.404213121659423e-26
data entry 19200 [5.32068793e-26 9.93303990e-26 6.58518851e-26 ... 5.86578280e-26
 8.29175092e-26 6.11999433e-26]
finishing 19200
disp entry 20000 (-0.09066145967086797+0.05439885406254672j)
starting: 20000
some stuff:
tdelaylist (1+0j)
ESFGt (3.663026335759574e-27-3.0996710066468556e-27j)
ESFGw (1.5766337888023507e-13-3.0406341507138723e-13j)
intensity 1.1731230142480727e-25
data entry 20000 [9.26122442e-26 5.77535056e-26 6.33491263e-26 ... 4.42082344e-26
 1.30485568e-25 3.42511788e-26]
finishing 20000
disp entry 20800 (-0.33267250941214777+0.2005629407697033j)
starting: 20800
some stuff:
tdelaylist (1+0j)
ESFGt (-4.846103014274437e-28+3.612401051205812e-27j)
ESFGw (-7.871199352027514e-14+1.3273247518458264e-13j)
intensity 2.3813487892561677e-26
data entry 20800 [3.90747494e-29 1.19686980e-25 3.13913343e-27 ... 9.04955599e-26
 1.50799390e-27 1.28777027e-25]
finishing 20800
disp entry 21600 (-0.49124291371500883-0.03350695331973686j)
starting: 21600
some stuff:
tdelaylist (1+0j)
ESFGt (6.875424790472854e-27-3.2708108796468885e-27j)
ESFGw (4.9892598733003446e-14+2.307824070735265e-13j)
intensity 5.574979082298337e-26
data entry 21600 [6.16828693e-26 8.62386003e-27 9.77424855e-26 ... 5.48201107e-26
 7.43735017e-26 3.10254950e-26]
finishing 21600
disp entry 22400 (-0.26574955729597927-0.20405323633608952j)
starting: 22400
some stuff:
tdelaylist (1+0j)
ESFGt (-5.2496733463625144e-27+1.7239600167184065e-27j)
ESFGw (-1.386781314782759e-14+2.0148639701123017e-13j)
intensity 4.078908442207012e-26
data entry 22400 [8.29427415e-26 1.12394277e-26 1.02125639e-25 ... 5.26174744e-27
 1.14375140e-25 1.20920683e-27]
finishing 22400
disp entry 23200 (-0.08369034293483901+0.012251481379495556j)
starting: 23200
some stuff:
tdelaylist (1+0j)
ESFGt (2.7704809600288177e-27+4.2525332928938155e-27j)
ESFGw (3.5158518891381663e-13+1.755044677295703e-13j)
intensity 1.544139632566039e-25
data entry 23200 [9.45830666e-26 6.77804580e-26 9.34595445e-26 ... 8.38063311e-26
 8.28277108e-26 8.36008645e-26]
finishing 23200
disp entry 24000 (-0.29021926344586946+0.20532942789944855j)
starting: 24000
some stuff:
tdelaylist (1+0j)
ESFGt (3.675567398990721e-27+1.342093919284122e-26j)
ESFGw (2.7768694461915988e-14-7.795185937714555e-14j)
intensity 6.847592772473517e-27
data entry 24000 [7.92094610e-26 4.64049281e-28 4.38452570e-26 ... 2.52774348e-27
 7.19340505e-26 4.66447655e-28]
finishing 24000
disp entry 24800 (-0.4937918326235938+0.009136926722173132j)
starting: 24800
some stuff:
tdelaylist (1+0j)
ESFGt (1.0953850755769629e-26-4.794511369049756e-26j)
ESFGw (7.458985686048525e-14+1.3791897311710155e-13j)
intensity 2.458528989214346e-26
data entry 24800 [4.64181802e-26 1.55816753e-26 1.01758082e-25 ... 9.57313809e-26
 2.97283424e-26 4.99573164e-26]
finishing 24800
disp entry 25600 (-0.3084683147303033-0.2043776679908563j)
starting: 25600
some stuff:
tdelaylist (1+0j)
ESFGt (-3.3804140433384864e-28-1.3542754673969665e-26j)
ESFGw (1.579305262955355e-13+2.1667606944775208e-13j)
intensity 7.18905702073119e-26
data entry 25600 [2.57465634e-26 2.55692733e-26 6.57935239e-26 ... 7.23387983e-26
 2.06404754e-26 7.06154384e-26]
finishing 25600
disp entry 26400 (-0.08559127920263429-0.030426193509574158j)
starting: 26400
some stuff:
tdelaylist (1+0j)
ESFGt (5.3288152863627645e-27+1.7407440063658247e-26j)
ESFGw (-1.3730574836834375e-13+1.639115817901604e-13j)
intensity 4.571987517994339e-26
data entry 26400 [3.01486229e-26 2.33211071e-26 7.18900684e-26 ... 7.78910618e-26
 2.26300047e-26 7.64226943e-26]
finishing 26400
disp entry 27200 (-0.24769851952128205+0.20120828379483222j)
starting: 27200
some stuff:
tdelaylist (1+0j)
ESFGt (-6.788840182743692e-27+5.918377826036211e-27j)
ESFGw (6.05809890100173e-14-3.404472884160903e-13j)
intensity 1.1957441241930038e-25
data entry 27200 [1.73732008e-26 3.19682168e-26 4.47423532e-26 ... 7.55535592e-26
 1.48384243e-27 4.42616248e-26]
finishing 27200
disp entry 28000 (-0.48746166751534703+0.051385317251679545j)
starting: 28000
some stuff:
tdelaylist (1+0j)
ESFGt (-1.2113843447332489e-26+1.008971843734033e-26j)
ESFGw (8.238169261348682e-14+1.6909667025985509e-13j)
intensity 3.538042717083318e-26
data entry 28000 [1.11137739e-26 1.84790752e-25 4.53732897e-26 ... 1.24108287e-25
 1.03378885e-26 1.84005941e-25]
finishing 28000
disp entry 28800 (-0.3503296687365974-0.19585566509299235j)
starting: 28800
some stuff:
tdelaylist (1+0j)
ESFGt (1.4260985168883275e-26-1.4630767593998578e-26j)
ESFGw (4.39346909547611e-13+3.03705628354467e-14j)
intensity 1.9394807801597852e-25
data entry 28800 [8.45466535e-26 7.15040698e-26 3.33175015e-26 ... 4.40870417e-27
 1.52446812e-25 9.79390814e-27]
finishing 28800
disp entry 29600 (-0.09628198693905932-0.07178687847399047j)
starting: 29600
some stuff:
tdelaylist (1+0j)
ESFGt (6.93651377161806e-17+2.7437911779753408e-17j)
ESFGw (1.983428612323257e-14-5.1656378827202865e-14j)
intensity 3.061780379557749e-27
data entry 29600 [4.68173855e-28 7.67104971e-26 1.51565877e-27 ... 1.35387368e-26
 2.60092234e-26 4.25846435e-26]
finishing 29600
disp entry 30400 (-0.20695077705280712+0.18837789111361647j)
starting: 30400
some stuff:
tdelaylist (1+0j)
ESFGt (1.3621096813263304e-16+7.333226323481428e-17j)
ESFGw (1.4048571334024373e-13-3.2800476744421214e-14j)
intensity 2.081210692737845e-26
data entry 30400 [1.40402197e-25 5.64915545e-26 4.03102869e-26 ... 1.28014197e-26
 1.87196030e-25 2.05057085e-27]
finishing 30400
disp entry 31200 (-0.472526417951415+0.0914095076006959j)
starting: 31200
some stuff:
tdelaylist (1+0j)
ESFGt (5.3120898380332766e-17-9.841716306486747e-17j)
ESFGw (3.604822603614499e-13+1.4525425133526948e-13j)
intensity 1.510462575662698e-25
data entry 31200 [2.89132345e-26 8.00677640e-26 5.76907753e-26 ... 8.30311402e-26
 1.28118509e-26 8.15995564e-26]
finishing 31200
disp entry 32000 (-0.38952166142267697-0.17885610033604898j)
starting: 32000
some stuff:
tdelaylist (1+0j)
ESFGt (1.5123678849777194e-16+2.8185201278486823e-18j)
ESFGw (1.0788678977968758e-14-2.1344894168134898e-13j)
intensity 4.5676846298977583e-26
data entry 32000 [9.26724125e-26 2.11348334e-26 2.83094569e-26 ... 3.02714364e-26
 5.57019150e-26 1.56534831e-26]
finishing 32000
disp entry 32800 (-0.11529972162196883-0.11004028695169102j)
starting: 32800
some stuff:
tdelaylist (1+0j)
ESFGt (-9.001470523941034e-18-1.5634282812845768e-16j)
ESFGw (3.000916572529211e-13+4.6701249638292364e-14j)
intensity 9.223600947058275e-26
data entry 32800 [8.58122089e-26 4.83516598e-26 5.09879046e-27 ... 9.51667610e-27
 1.07115232e-25 1.13373245e-26]
finishing 32800
disp entry 33600 (-0.16973979154494+0.16739361008793785j)
starting: 33600
some stuff:
tdelaylist (1+0j)
ESFGt (1.4608807706570892e-17-8.145541498933378e-17j)
ESFGw (3.002806336915853e-14+2.854270639285339e-15j)
intensity 9.098314505844865e-28
data entry 33600 [1.03739549e-26 5.68188418e-26 4.15950935e-26 ... 2.39790134e-26
 4.73247772e-26 8.55228635e-26]
finishing 33600
disp entry 34400 (-0.4496325523502561+0.12747706103127154j)
starting: 34400
some stuff:
tdelaylist (1+0j)
ESFGt (-1.0435321523367109e-16+3.6629364260604984e-19j)
ESFGw (1.4435783297905846e-13+7.253052325406628e-14j)
intensity 2.60998607459184e-26
data entry 34400 [4.11185844e-26 6.55543361e-27 1.49226119e-26 ... 2.23023677e-26
 2.59585190e-26 7.54605593e-27]
finishing 34400
disp entry 35200 (-0.4243478775114139-0.15411479548824286j)
starting: 35200
some stuff:
tdelaylist (1+0j)
ESFGt (8.071938169177048e-17-1.200921965375978e-16j)
ESFGw (2.0663820047422954e-13+1.0475518022468044e-13j)
intensity 5.367299367913317e-26
data entry 35200 [1.62225259e-26 4.92229464e-26 2.62547906e-26 ... 2.58343190e-26
 3.06565467e-26 3.45693000e-26]
finishing 35200
disp entry 36000 (-0.14182130551934682-0.1435306300404952j)
starting: 36000
some stuff:
tdelaylist (1+0j)
ESFGt (1.683959127825503e-17-9.779171769828668e-17j)
ESFGw (1.2936450955597367e-13-2.9629207073944563e-13j)
intensity 1.0452416751572628e-25
data entry 36000 [6.28329112e-27 5.21257680e-26 8.74863602e-26 ... 3.34548716e-26
 1.94005421e-26 1.29718764e-25]
finishing 36000
disp entry 36800 (-0.13767623089095254+0.13916373990015324j)
starting: 36800
some stuff:
tdelaylist (1+0j)
ESFGt (1.3552795076369378e-17-8.298847014564869e-17j)
ESFGw (2.9858667621729396e-13+1.833039471078879e-13j)
intensity 1.227543402398225e-25
data entry 36800 [6.39771575e-26 1.25337611e-25 3.70543060e-27 ... 1.05708168e-26
 1.68083655e-25 2.26242917e-26]
finishing 36800
disp entry 37600 (-0.4197710257691817+0.15802680281216688j)
starting: 37600
some stuff:
tdelaylist (1+0j)
ESFGt (4.574767673689401e-17-8.97147986450269e-17j)
ESFGw (2.5364346040168684e-13+1.9335032706846444e-13j)
intensity 1.0171935398202424e-25
data entry 37600 [1.45861930e-25 1.49712712e-26 3.51457811e-26 ... 1.03928772e-25
 6.08619929e-26 1.33542724e-26]
finishing 37600
disp entry 38400 (-0.45330087323767376-0.12270267153734568j)
starting: 38400
some stuff:
tdelaylist (1+0j)
ESFGt (-1.0215639457877836e-16+6.087040406551335e-17j)
ESFGw (3.539277161276888e-13-7.157626271195316e-14j)
intensity 1.303879896271724e-25
data entry 38400 [7.87191815e-26 1.57423779e-26 1.08018482e-25 ... 1.13683041e-25
 2.63563538e-27 7.41534721e-26]
finishing 38400
disp entry 39200 (-0.17469875872474322-0.17080828689291422j)
starting: 39200
some stuff:
tdelaylist (1+0j)
ESFGt (-7.585273731811109e-17-1.7663175033337384e-17j)
ESFGw (-1.6387401418488379e-13+1.0516902019391816e-13j)
intensity 3.791521533361625e-26
data entry 39200 [1.29818274e-26 1.12970293e-25 1.11072611e-25 ... 2.40964725e-26
 5.93230658e-26 1.53448065e-25]
finishing 39200
disp entry 40000 (-0.11214795802928271+0.10491020318740657j)
starting: 40000
some stuff:
tdelaylist (1+0j)
ESFGt (-6.211981470318965e-17-1.4396737497115287e-16j)
ESFGw (1.1223725941700291e-13+1.1412366277691044e-14j)
intensity 1.2727444505495787e-26
data entry 40000 [6.03824338e-26 4.51010868e-27 6.19790734e-26 ... 8.22862017e-26
 3.09594527e-27 3.60355467e-26]
finishing 40000
disp entry 40800 (-0.3842343866707455+0.1817363952637222j)
starting: 40800
some stuff:
tdelaylist (1+0j)
ESFGt (9.534139002850715e-17-1.20682301664003e-16j)
ESFGw (2.8957392039785645e-13+1.2666820717321947e-13j)
intensity 9.989789008306177e-26
data entry 40800 [1.89297592e-27 3.68543487e-26 9.30500363e-26 ... 8.66149748e-27
 4.23150850e-26 9.02213617e-26]
finishing 40800
disp entry 41600 (-0.47512742566221566-0.0859793941524216j)
starting: 41600
some stuff:
tdelaylist (1+0j)
ESFGt (-1.194987451383978e-16-3.6176857915042466e-17j)
ESFGw (1.8319915896791716e-13-2.7391462579032244e-13j)
intensity 1.0859115406840458e-25
data entry 41600 [4.73006927e-26 3.52069947e-27 5.62072002e-26 ... 6.49396664e-26
 2.43417378e-27 4.22818822e-26]
finishing 41600
disp entry 42400 (-0.21250898917091932-0.19069255117999337j)
starting: 42400
some stuff:
tdelaylist (1+0j)
ESFGt (-3.5202300837091344e-18+1.5444747981838212e-16j)
ESFGw (-7.436000599991832e-15-1.644598086186777e-13j)
intensity 2.710232275581517e-26
data entry 42400 [2.90699771e-26 5.25207148e-27 5.89199571e-26 ... 2.84645387e-26
 1.06224912e-26 6.13073540e-26]
finishing 42400
disp entry 43200 (-0.09425995765484863+0.0661156554360073j)
starting: 43200
some stuff:
tdelaylist (1+0j)
ESFGt (1.3823432491751334e-16-2.2064230964734644e-17j)
ESFGw (1.8047206524346437e-13+2.597052347480533e-13j)
intensity 1.0001697528878272e-25
data entry 43200 [2.72531748e-27 1.32755661e-25 1.00047715e-25 ... 4.95955660e-28
 1.48947987e-25 8.19111313e-26]
finishing 43200
disp entry 44000 (-0.3445608292964949+0.1975795748026719j)
starting: 44000
some stuff:
tdelaylist (1+0j)
ESFGt (4.0114094677862624e-17+1.5078598034214141e-16j)
ESFGw (2.649334744642129e-14-1.6373924785484384e-13j)
intensity 2.7512438746986774e-26
data entry 44000 [4.96682848e-27 5.87973768e-26 2.00806085e-26 ... 1.37714565e-26
 4.80952782e-26 2.41953652e-26]
finishing 44000
disp entry 44800 (-0.4888827781028081-0.045534520906651124j)
starting: 44800
some stuff:
tdelaylist (1+0j)
ESFGt (1.474641813471319e-16-4.4211033652273557e-17j)
ESFGw (1.0497245434004654e-13-6.469125365601847e-14j)
intensity 1.5204174469760484e-26
data entry 44800 [8.58282134e-27 1.87779808e-27 2.66669547e-26 ... 2.88424476e-27
 1.29345399e-27 3.55078630e-26]
finishing 44800
disp entry 45600 (-0.25361539080227835-0.20232273765968942j)
starting: 45600
some stuff:
tdelaylist (1+0j)
ESFGt (6.785464020872253e-18+2.5529558799059572e-17j)
ESFGw (1.2498660960369445e-13-1.0193522458415427e-13j)
intensity 2.6012442591248296e-26
data entry 45600 [1.05094641e-27 4.40882793e-26 3.97245581e-26 ... 3.11857094e-27
 5.81808284e-26 2.32940757e-26]
finishing 45600
disp entry 46400 (-0.08478650724202158+0.024459308621781518j)
starting: 46400
some stuff:
tdelaylist (1+0j)
ESFGt (1.3443901991050154e-16-2.31197132684601e-17j)
ESFGw (1.772809329891878e-13-5.738676677954913e-14j)
intensity 3.4721770202927255e-26
data entry 46400 [1.61513246e-26 2.24902811e-26 1.44615907e-26 ... 1.86866650e-26
 2.70605514e-26 4.67136155e-27]
finishing 46400
disp entry 47200 (-0.3024676133266657+0.20487057349617535j)
starting: 47200
some stuff:
tdelaylist (1+0j)
ESFGt (1.1453622865535106e-18+3.861051615190629e-17j)
ESFGw (9.93428429796328e-14-8.609318770044783e-14j)
intensity 1.7281037419700523e-26
data entry 47200 [1.96946201e-26 8.88943287e-28 1.54205624e-26 ... 8.42521026e-27
 9.45373880e-28 2.76190239e-26]
finishing 47200
disp entry 48000 (-0.4939715336831175-0.0031186976884791016j)
starting: 48000
some stuff:
tdelaylist (1+0j)
ESFGt (6.611449267834268e-18+1.0455676381224805e-18j)
ESFGw (1.1830434635401454e-13-1.3342343722910766e-13j)
intensity 3.1797731968280265e-26
data entry 48000 [3.87272541e-26 4.09002938e-26 1.36102259e-25 ... 1.99841231e-27
 8.66265696e-26 1.51972568e-25]
finishing 48000
disp entry 48800 (-0.2962386836451342-0.2051954367151953j)
starting: 48800
some stuff:
tdelaylist (1+0j)
ESFGt (-3.637978881447231e-17+8.784568889068787e-17j)
ESFGw (3.940423291479145e-13+7.177814115646997e-14j)
intensity 1.604214587081915e-25
data entry 48800 [1.02303057e-25 2.63893517e-26 1.18521667e-27 ... 9.31881354e-26
 3.85356469e-27 1.73198255e-26]
finishing 48800
disp entry 49600 (-0.08413766264420536-0.01825575304643144j)
starting: 49600
some stuff:
tdelaylist (1+0j)
ESFGt (1.1955321183916112e-16+9.415848144289995e-17j)
ESFGw (-6.225478032390042e-14-6.00997658757596e-14j)
intensity 7.487639531498218e-27
data entry 49600 [1.02249954e-25 6.51791619e-26 9.89806542e-27 ... 7.55096665e-26
 2.61035910e-26 5.55616759e-26]
finishing 49600
disp entry 50400 (-0.25977673273862095+0.20329380234960573j)
starting: 50400
some stuff:
tdelaylist (1+0j)
ESFGt (-1.2791415994306138e-16+8.577171407967402e-17j)
ESFGw (3.601635049227392e-13-1.0912652075381613e-13j)
intensity 1.4162634781006506e-25
data entry 50400 [1.83724654e-26 5.49867985e-26 8.43597470e-26 ... 6.06488557e-26
 6.38316979e-26 3.73195031e-26]
finishing 50400
disp entry 51200 (-0.49017342693266497+0.03943211755333818j)
starting: 51200
some stuff:
tdelaylist (1+0j)
ESFGt (6.756801372792074e-18+2.7338662919276072e-17j)
ESFGw (-6.170302983832254e-15-2.3628343205628344e-14j)
intensity 5.9637124155525225e-28
data entry 51200 [3.31955050e-26 1.90687515e-26 1.86590448e-26 ... 1.44941373e-26
 2.15421753e-26 3.67143213e-26]
finishing 51200
disp entry 52000 (-0.3385339294816315-0.19918630431012985j)
starting: 52000
some stuff:
tdelaylist (1+0j)
ESFGt (4.3620903457755124e-17+6.2399742680729225e-18j)
ESFGw (6.379510635035057e-14+1.1604102010884243e-13j)
intensity 1.753533394215331e-26
data entry 52000 [5.08298831e-26 1.04387448e-26 3.62619806e-26 ... 3.25576761e-26
 1.27515692e-26 5.39208843e-26]
finishing 52000
disp entry 52800 (-0.09234150893217033-0.06018061916088426j)
starting: 52800
some stuff:
tdelaylist (1+0j)
ESFGt (7.612674404184349e-17-1.2147525339686353e-16j)
ESFGw (8.483448318830078e-15-1.4907617241349813e-14j)
intensity 2.942059471928511e-28
data entry 52800 [3.21765591e-26 1.47826792e-26 4.26534876e-26 ... 3.58138292e-26
 1.84706941e-26 3.88322581e-26]
finishing 52800
disp entry 53600 (-0.21833605126830066+0.19291751149464198j)
starting: 53600
some stuff:
tdelaylist (1+0j)
ESFGt (-6.31431044169419e-17-1.0030089893568597e-16j)
ESFGw (3.1008398973519924e-13+1.2113845083289165e-13j)
intensity 1.10826604960292e-25
data entry 53600 [8.31384596e-26 1.93745974e-26 2.12558215e-26 ... 1.88478832e-26
 2.01300388e-26 8.64761835e-26]
finishing 53600
disp entry 54400 (-0.4776528579208011+0.08027612377519103j)
starting: 54400
some stuff:
tdelaylist (1+0j)
ESFGt (1.1715667966729127e-17-1.0152788395722217e-18j)
ESFGw (1.8912876906945764e-13+5.4692632801139895e-14j)
intensity 3.8760975372448565e-26
data entry 54400 [6.05699115e-26 5.39581568e-26 7.26962213e-27 ... 3.37861325e-26
 3.78991447e-27 5.00658751e-26]
finishing 54400
disp entry 55200 (-0.378670389523831-0.18455544418802738j)
starting: 55200
some stuff:
tdelaylist (1+0j)
ESFGt (2.3733888579451947e-17-5.2353349279760364e-17j)
ESFGw (-2.4666358365565966e-14+1.513123393942495e-14j)
intensity 8.373834755481315e-28
data entry 55200 [2.28886996e-26 2.43488954e-26 2.84163480e-26 ... 1.95802364e-26
 3.22043577e-26 3.36188508e-26]
finishing 55200
disp entry 56000 (-0.10904294473902171-0.09950058272420632j)
starting: 56000
some stuff:
tdelaylist (1+0j)
ESFGt (3.1211612589331027e-17+4.508544054476632e-17j)
ESFGw (-5.678031829436936e-14+1.6618347323249516e-13j)
intensity 3.084095132122533e-26
data entry 56000 [3.58176411e-27 7.37965396e-26 2.13445047e-25 ... 1.00493846e-25
 9.52151751e-26 2.00177792e-25]
finishing 56000
disp entry 56800 (-0.17993931810585606+0.17419083599995314j)
starting: 56800
some stuff:
tdelaylist (1+0j)
ESFGt (9.436919859245671e-17-3.831327369655318e-18j)
ESFGw (3.240283475564043e-13-1.0879079755110599e-13j)
intensity 1.1682980765193965e-25
data entry 56800 [1.51742505e-26 2.21774503e-25 1.30866503e-26 ... 1.26694886e-26
 1.50863840e-25 5.87512166e-26]
finishing 56800
disp entry 57600 (-0.45695177624218736+0.11764539872088291j)
starting: 57600
some stuff:
tdelaylist (1+0j)
ESFGt (8.640587970487079e-18-1.3858374907998682e-17j)
ESFGw (3.370422430731823e-13+1.5589200937082826e-14j)
intensity 1.138404968016589e-25
data entry 57600 [1.65205787e-25 1.01824520e-25 6.02314376e-26 ... 9.12279686e-26
 4.65012310e-26 1.19868464e-25]
finishing 57600
disp entry 58400 (-0.4149107674691098-0.16193614934900882j)
starting: 58400
some stuff:
tdelaylist (1+0j)
ESFGt (1.256822534695218e-17+2.996063424236124e-17j)
ESFGw (-7.841405476327612e-14+1.2330457835330044e-13j)
intensity 2.1352783027303272e-26
data entry 58400 [1.47042668e-25 1.92617689e-25 6.48791231e-26 ... 9.67192181e-26
 5.65175339e-26 1.04994445e-25]
finishing 58400
disp entry 59200 (-0.13351905273111578-0.1345136892729075j)
starting: 59200
some stuff:
tdelaylist (1+0j)
ESFGt (-1.4558794559013318e-16-3.76669323331741e-17j)
ESFGw (3.926801375384037e-13+4.696175089427546e-13j)
intensity 3.7473829512277785e-25
data entry 59200 [2.85424317e-25 3.17717501e-26 1.06481801e-26 ... 7.43892117e-26
 3.04434399e-25 6.84208654e-27]
finishing 59200
disp entry 60000 (-0.1462485259254141+0.14792435517579497j)
starting: 60000
some stuff:
tdelaylist (1+0j)
ESFGt (-3.792832825997238e-17+2.827075374673154e-17j)
ESFGw (-4.895151124728603e-14-3.802299187311009e-13j)
intensity 1.4697104155165277e-25
data entry 60000 [2.76682222e-26 8.26990227e-26 6.50034400e-26 ... 1.42435167e-25
 6.17585552e-26 1.66148967e-25]
finishing 60000
disp entry 60800 (-0.4289662228686123+0.14992242297972885j)
starting: 60800
some stuff:
tdelaylist (1+0j)
ESFGt (-9.419757431640555e-18+1.5563881885543093e-16j)
ESFGw (3.814136506630206e-14-3.9262104852000324e-14j)
intensity 2.9962766065303947e-27
data entry 60800 [2.13501334e-26 1.50284117e-26 1.75379972e-26 ... 7.20415114e-26
 1.10077080e-27 2.05875723e-26]
finishing 60800
disp entry 61600 (-0.44568640792176867-0.1323074901258889j)
starting: 61600
some stuff:
tdelaylist (1+0j)
ESFGt (-6.518533203441532e-18-6.4672845357139435e-18j)
ESFGw (4.294194123552475e-13-3.6825252049121904e-14j)
intensity 1.8575713089600742e-25
data entry 61600 [5.26465989e-26 5.66849624e-27 1.04562234e-25 ... 4.98398087e-26
 2.06610917e-25 1.26393534e-25]
finishing 61600
disp entry 62400 (-0.1647103908980596-0.16370440553658375j)
starting: 62400
some stuff:
tdelaylist (1+0j)
ESFGt (1.567209964293713e-16-3.911387439148576e-18j)
ESFGw (2.505812397857188e-13+9.880724710642497e-14j)
intensity 7.255382981329803e-26
data entry 62400 [8.40836994e-27 3.42840947e-25 4.59708360e-26 ... 3.94431667e-27
 1.23405234e-26 2.14441331e-25]
finishing 62400
disp entry 63200 (-0.11872197196160783+0.1152550068580099j)
starting: 63200
some stuff:
tdelaylist (1+0j)
ESFGt (6.058954818811417e-17-6.388234244749909e-17j)
ESFGw (1.9831792458235853e-14+4.031958144093406e-13j)
intensity 1.6296016474931797e-25
data entry 63200 [1.75977733e-26 2.58553951e-25 1.32536594e-25 ... 6.03286239e-26
 1.84657690e-26 2.86088576e-25]
finishing 63200
disp entry 64000 (-0.3949075452470487+0.17571009389630268j)
starting: 64000
some stuff:
tdelaylist (1+0j)
ESFGt (1.068485920211628e-20+4.0150831419779724e-17j)
ESFGw (3.1923986024140483e-13+2.0869184201924296e-13j)
intensity 1.4546637329233635e-25
data entry 64000 [7.11048199e-26 5.66596582e-26 9.79296303e-26 ... 2.39813115e-25
 1.27669229e-25 7.59371784e-26]
finishing 64000
Top-level running in PID 62016 (name=__main__)
Running interfere() with b=79047.61904761905, sigma_s=10.5
MID-level running in PID 62016 (name=__main__)
E1_shared element:  0j
E1 element:  (-5.850579064813303e-10+7.656613096152612e-10j)
this thing psm_f5c4aa55
ill try to just make an array with this now
testfreq element:  0.0
did it
disp entry 0 (-0.08332452033614668+0j)
starting: 0
some stuff:
tdelaylist (1+0j)
ESFGt (-1.4115894492752322e-28+3.8137642890603323e-28j)
ESFGw (-6.78916558388698e-14+2.3743485476346304e-15j)
intensity 4.614914463569199e-27
data entry 0 [2.15906292e-27 1.05123265e-26 1.48129805e-26 ... 8.59105589e-27
 3.50061433e-27 1.84143583e-26]
finishing 0
disp entry 800 (-0.27796535717647075+0.2050566582042932j)
starting: 800
some stuff:
tdelaylist (1+0j)
ESFGt (-8.87890560159992e-28+8.502560241483878e-28j)
ESFGw (-5.22857148202438e-13+6.73831650199741e-16j)
intensity 2.7338005147547903e-25
data entry 800 [4.87879289e-26 7.93850303e-25 7.42425779e-25 ... 3.78247434e-25
 3.28085435e-25 1.06934527e-24]
finishing 800
disp entry 1600 (-0.4928812110671021+0.021359994690023542j)
starting: 1600
some stuff:
tdelaylist (1+0j)
ESFGt (-8.699175569528615e-28+5.357135342371541e-27j)
ESFGw (-1.4785893863444866e-13-2.363842628583246e-13j)
intensity 7.773978546117916e-26
data entry 1600 [3.18221540e-25 2.42666527e-25 5.75316845e-25 ... 5.06231534e-25
 1.37853961e-25 5.44156299e-25]
finishing 1600
disp entry 2400 (-0.32062736491562593-0.20283166645248532j)
starting: 2400
some stuff:
tdelaylist (1+0j)
ESFGt (-1.238841478288955e-27+3.0769993328842464e-27j)
ESFGw (-6.16461742763974e-13+3.4990326608363986e-13j)
intensity 5.024573759075946e-25
data entry 2400 [1.15670160e-26 1.14716960e-25 6.87351949e-26 ... 3.86918828e-27
 1.10636562e-25 9.02644927e-26]
finishing 2400
disp entry 3200 (-0.08776846410639105-0.04248822020746742j)
starting: 3200
some stuff:
tdelaylist (1+0j)
ESFGt (3.0974714455212745e-27+2.3431305902055498e-27j)
ESFGw (-6.343421881521705e-13-2.5752490417918494e-13j)
intensity 4.68709087942182e-25
data entry 3200 [1.34897683e-25 2.48523848e-25 3.81368867e-25 ... 1.47148232e-25
 2.16396873e-25 3.53491198e-25]
finishing 3200
disp entry 4000 (-0.23576625864575806+0.19840582548751706j)
starting: 4000
some stuff:
tdelaylist (1+0j)
ESFGt (-3.6191365388443254e-27+5.1990924021609625e-27j)
ESFGw (-7.47318222929505e-13-5.2916167541522396e-14j)
intensity 5.612846471097957e-25
data entry 4000 [4.41060938e-26 4.88721536e-25 8.67448498e-26 ... 4.44416773e-26
 4.55143384e-25 3.76097080e-25]
finishing 4000
disp entry 4800 (-0.4840415430690601+0.06315542221883048j)
starting: 4800
some stuff:
tdelaylist (1+0j)
ESFGt (-4.4149176191343766e-29+4.411555312875746e-27j)
ESFGw (-1.0965534036344593e-13-3.0300089694235144e-14j)
intensity 1.294238910570187e-26
data entry 4800 [2.07126277e-25 3.37204576e-25 8.14734863e-25 ... 4.00851501e-25
 6.53770627e-26 6.78491998e-25]
finishing 4800
disp entry 5600 (-0.3619056678810876-0.1918271584251852j)
starting: 5600
some stuff:
tdelaylist (1+0j)
ESFGt (-1.0561597669958068e-28-2.8610109772105703e-27j)
ESFGw (-5.667606141346315e-13+2.792859259831415e-13j)
intensity 3.9921822218652543e-25
data entry 5600 [3.70261590e-25 1.48250613e-25 6.12463274e-25 ... 3.87856239e-25
 6.62368916e-26 3.80329504e-25]
finishing 5600
disp entry 6400 (-0.10090794045923898-0.08313734878120543j)
starting: 6400
some stuff:
tdelaylist (1+0j)
ESFGt (-3.896457318883232e-27-1.348528990803149e-27j)
ESFGw (-2.5755352711653856e-13+1.6531090732407883e-13j)
intensity 9.366151541047975e-26
data entry 6400 [1.15522723e-25 1.59206200e-25 1.93446621e-25 ... 3.80013054e-25
 1.32735863e-25 3.92641185e-25]
finishing 6400
disp entry 7200 (-0.19585664640014067+0.18316704787788468j)
starting: 7200
some stuff:
tdelaylist (1+0j)
ESFGt (-7.344243303857843e-28+3.642858925393598e-27j)
ESFGw (-2.1325324318921535e-13-4.550765146660307e-14j)
intensity 4.7547892072724454e-26
data entry 7200 [3.47422729e-25 1.92847936e-25 9.20491530e-25 ... 4.07228964e-25
 3.68814686e-26 5.70199696e-25]
finishing 7200
disp entry 8000 (-0.46674482981831067+0.10221718361476176j)
starting: 8000
some stuff:
tdelaylist (1+0j)
ESFGt (2.590503280649888e-27+2.705936600863998e-27j)
ESFGw (-4.570074787352274e-13+2.6348606456394474e-14j)
intensity 2.095500846821233e-25
data entry 8000 [1.18985429e-25 5.38574122e-26 3.41911352e-25 ... 1.87277774e-25
 6.37548556e-26 2.64571042e-25]
finishing 8000
disp entry 8800 (-0.4000135453943324-0.17251946140905j)
starting: 8800
some stuff:
tdelaylist (1+0j)
ESFGt (5.005596432317488e-28-3.1711966864586894e-27j)
ESFGw (-4.230732517790381e-13+1.090027590758269e-13j)
intensity 1.908725778570321e-25
data entry 8800 [1.61938436e-25 2.60717511e-25 3.57567063e-25 ... 1.00498356e-25
 6.00122046e-26 2.54814430e-25]
finishing 8800
disp entry 9600 (-0.12217421055568767-0.12018789869367334j)
starting: 9600
some stuff:
tdelaylist (1+0j)
ESFGt (-2.040004227775005e-27+6.3230667288731754e-27j)
ESFGw (-5.960334222704367e-13-2.0793739993751892e-13j)
intensity 3.984938027561844e-25
data entry 9600 [2.21355982e-25 2.40754802e-25 2.82741252e-25 ... 3.70388854e-25
 1.67059921e-25 4.40982062e-25]
finishing 9600
disp entry 10400 (-0.1599639976939711+0.15999993192688947j)
starting: 10400
some stuff:
tdelaylist (1+0j)
ESFGt (-4.9028932818127196e-27+2.7519342580850572e-27j)
ESFGw (-6.0546836641584e-13-2.4594876916333996e-13j)
intensity 4.270827397832278e-25
data entry 10400 [2.05918021e-25 2.78468219e-25 4.03459086e-25 ... 1.16987029e-25
 5.78898408e-26 2.85032502e-25]
finishing 10400
disp entry 11200 (-0.44173975507885027+0.13685450062843046j)
starting: 11200
some stuff:
tdelaylist (1+0j)
ESFGt (2.838585025428082e-27-1.0693691358963245e-27j)
ESFGw (-3.3882076831692753e-13+4.3188759860091075e-14j)
intensity 1.166647820211257e-25
data entry 11200 [2.61089728e-25 1.86059466e-25 8.35835928e-25 ... 1.91765840e-25
 1.22815656e-25 4.31100481e-25]
finishing 11200
disp entry 12000 (-0.43330150782337373-0.14574430408077105j)
starting: 12000
some stuff:
tdelaylist (1+0j)
ESFGt (-2.9552814130908202e-27-1.0605834710907937e-27j)
ESFGw (-6.413127407595143e-13+7.112366251504909e-15j)
intensity 4.113326172141755e-25
data entry 12000 [1.00864793e-25 1.65083715e-25 1.05729369e-25 ... 3.52285790e-25
 1.86578626e-25 3.95517022e-25]
finishing 12000
disp entry 12800 (-0.15064676938931237-0.1520361464648941j)
starting: 12800
some stuff:
tdelaylist (1+0j)
ESFGt (1.1706461417689418e-27+2.2732726363330147e-27j)
ESFGw (-4.455851920076581e-13+1.7114391501205084e-13j)
intensity 2.2783640298215368e-25
data entry 12800 [5.04676042e-26 6.37946111e-25 3.75890421e-25 ... 6.10050913e-25
 1.26654430e-25 1.03698949e-24]
finishing 12800
disp entry 13600 (-0.12964191655268456+0.12990726026263566j)
starting: 13600
some stuff:
tdelaylist (1+0j)
ESFGt (1.9708637221035303e-27-1.2886784160223174e-27j)
ESFGw (-1.9680828147738971e-13-2.6240294659363173e-14j)
intensity 3.942205272189366e-26
data entry 13600 [1.65076995e-26 5.76065251e-25 3.14035636e-25 ... 4.86407608e-25
 1.84539946e-25 9.14036403e-25]
finishing 13600
disp entry 14400 (-0.41010865705005745+0.16556810594236218j)
starting: 14400
some stuff:
tdelaylist (1+0j)
ESFGt (-1.7221691530791466e-27+4.805714203380827e-27j)
ESFGw (-1.735853214640537e-13-3.069692937340829e-13j)
intensity 1.243620111233805e-25
data entry 14400 [1.61557396e-25 3.81615047e-25 1.44542231e-25 ... 1.91783186e-25
 1.98342472e-25 4.64938822e-25]
finishing 14400
disp entry 15200 (-0.4603286943152921-0.11266064220723578j)
starting: 15200
some stuff:
tdelaylist (1+0j)
ESFGt (-1.5872896923556828e-27+5.226470458439043e-28j)
ESFGw (-3.6999483338240324e-13+4.00190948088297e-14j)
intensity 1.3849770467899046e-25
data entry 15200 [1.57126066e-25 2.57179010e-25 7.33630861e-25 ... 1.41290198e-25
 2.22693217e-25 4.22667642e-25]
finishing 15200
disp entry 16000 (-0.18509318960763632-0.17730354891892558j)
starting: 16000
some stuff:
tdelaylist (1+0j)
ESFGt (3.8725720850947634e-27-1.0012085942588882e-27j)
ESFGw (-3.5205172110863714e-13-2.647003709971285e-13j)
intensity 1.9400670074157112e-25
data entry 16000 [9.83442324e-26 4.20557585e-26 4.33979718e-25 ... 1.85215316e-25
 4.44651312e-26 1.42374352e-25]
finishing 16000
disp entry 16800 (-0.10620288642397324+0.09419158640287606j)
starting: 16800
some stuff:
tdelaylist (1+0j)
ESFGt (6.3981472953455956e-27+9.878679611074363e-28j)
ESFGw (-3.8601673940652503e-13+3.545993793735436e-13j)
intensity 2.747496429541473e-25
data entry 16800 [1.51874850e-25 5.82318424e-25 6.42124033e-25 ... 2.95761662e-25
 7.28831786e-26 7.81680678e-25]
finishing 16800
disp entry 17600 (-0.37322067963738087+0.18711513856946j)
starting: 17600
some stuff:
tdelaylist (1+0j)
ESFGt (-1.1405207810199913e-27-3.5949784244571936e-27j)
ESFGw (-7.537612027597174e-14+1.8712050138536274e-13j)
intensity 4.0695641546567295e-26
data entry 17600 [2.94538783e-26 3.59290418e-25 3.96742300e-25 ... 4.01488338e-25
 3.62700328e-25 7.17483959e-25]
finishing 17600
disp entry 18400 (-0.47992524008597015-0.074700493544606j)
starting: 18400
some stuff:
tdelaylist (1+0j)
ESFGt (-4.2415293942731444e-27+7.024844533150303e-27j)
ESFGw (-6.401901578301228e-13-1.5862539146788146e-13j)
intensity 4.350054530008963e-25
data entry 18400 [2.11462001e-25 8.34250046e-26 6.02638295e-25 ... 2.01625548e-25
 2.41049047e-26 2.04238526e-25]
finishing 18400
disp entry 19200 (-0.22402246681164956-0.19489641306904357j)
starting: 19200
some stuff:
tdelaylist (1+0j)
ESFGt (-2.1878324089974765e-28+7.103690973542654e-27j)
ESFGw (-3.2243023355416067e-13-9.618261048727206e-14j)
intensity 1.1321235006993687e-25
data entry 19200 [2.72486234e-25 2.15840985e-25 4.67496754e-25 ... 2.40506557e-25
 2.21667441e-27 4.50488273e-25]
finishing 19200
disp entry 20000 (-0.09066145967086797+0.05439885406254672j)
starting: 20000
some stuff:
tdelaylist (1+0j)
ESFGt (1.8220287124782237e-27+5.916674434099553e-27j)
ESFGw (-3.3054808890042864e-13+3.370359547005819e-13j)
intensity 2.2285527383665837e-25
data entry 20000 [1.31813152e-25 6.38498423e-25 4.69326756e-25 ... 1.79683612e-25
 5.11518117e-26 7.14476126e-25]
finishing 20000
disp entry 20800 (-0.33267250941214777+0.2005629407697033j)
starting: 20800
some stuff:
tdelaylist (1+0j)
ESFGt (2.436943849472719e-27+5.545428876290937e-27j)
ESFGw (-9.865589248314599e-14-6.095731558408701e-14j)
intensity 1.344877944486404e-26
data entry 20800 [2.49154536e-26 4.89605239e-26 3.87834261e-25 ... 3.01125645e-25
 1.49903893e-25 1.80719197e-25]
finishing 20800
disp entry 21600 (-0.49124291371500883-0.03350695331973686j)
starting: 21600
some stuff:
tdelaylist (1+0j)
ESFGt (4.942662227404732e-27+1.1515260984976087e-27j)
ESFGw (-3.982198685387184e-13+2.512439041535419e-13j)
intensity 2.2170256307330835e-25
data entry 21600 [9.44365965e-26 3.20855631e-25 6.15814435e-25 ... 1.06726256e-25
 2.77759509e-25 2.75853866e-25]
finishing 21600
disp entry 22400 (-0.26574955729597927-0.20405323633608952j)
starting: 22400
some stuff:
tdelaylist (1+0j)
ESFGt (3.822236127651574e-27-2.2971090678630814e-27j)
ESFGw (-2.785532221549758e-13-3.842022186506533e-14j)
intensity 7.906801102108014e-26
data entry 22400 [9.10634388e-26 2.64593881e-25 3.04836238e-25 ... 4.26588273e-25
 2.02543018e-26 7.23129812e-25]
finishing 22400
disp entry 23200 (-0.08369034293483901+0.012251481379495556j)
starting: 23200
some stuff:
tdelaylist (1+0j)
ESFGt (-7.646955345542721e-28-6.696536877285324e-27j)
ESFGw (-1.6702741620355788e-13+2.638544764621553e-13j)
intensity 9.751734251275461e-26
data entry 23200 [8.48141871e-26 5.12777238e-25 1.25303887e-25 ... 5.66339432e-26
 4.44299197e-26 5.28300630e-25]
finishing 23200
disp entry 24000 (-0.29021926344586946+0.20532942789944855j)
starting: 24000
some stuff:
tdelaylist (1+0j)
ESFGt (1.410786106981379e-26+2.3257559323956326e-27j)
ESFGw (-5.128879092264338e-13-2.0283362663076066e-13j)
intensity 3.041954875228494e-25
data entry 24000 [1.82287529e-25 2.19783258e-25 1.56862517e-25 ... 2.17763459e-25
 3.74253070e-26 5.60249766e-25]
finishing 24000
disp entry 24800 (-0.4937918326235938+0.009136926722173132j)
starting: 24800
some stuff:
tdelaylist (1+0j)
ESFGt (-1.620674213928731e-26+3.4283213682243146e-26j)
ESFGw (-2.7192853004065487e-13-8.11677114409548e-14j)
intensity 8.053332283063345e-26
data entry 24800 [5.67926455e-26 1.40355399e-25 5.23061959e-25 ... 4.42580975e-25
 9.04910700e-26 5.53365725e-25]
finishing 24800
disp entry 25600 (-0.3084683147303033-0.2043776679908563j)
starting: 25600
some stuff:
tdelaylist (1+0j)
ESFGt (-5.3598029112797204e-27+5.363446136719868e-27j)
ESFGw (-4.5348707428116697e-13-2.2062928740906873e-13j)
intensity 2.5432780900272615e-25
data entry 25600 [3.52502551e-25 2.58890092e-25 5.10778767e-25 ... 1.82990752e-25
 3.01961395e-26 3.00194862e-25]
finishing 25600
disp entry 26400 (-0.08559127920263429-0.030426193509574158j)
starting: 26400
some stuff:
tdelaylist (1+0j)
ESFGt (-2.968831357443568e-27-1.166985681633817e-26j)
ESFGw (-2.731079251638846e-13+2.5327786742912473e-13j)
intensity 1.3873761691676725e-25
data entry 26400 [1.26387886e-26 2.32785258e-25 3.57344676e-25 ... 1.91139037e-25
 3.35216484e-25 4.17731289e-25]
finishing 26400
disp entry 27200 (-0.24769851952128205+0.20120828379483222j)
starting: 27200
some stuff:
tdelaylist (1+0j)
ESFGt (1.4049523070299957e-26+1.5918597835480993e-27j)
ESFGw (9.139390633183808e-15+8.652171860912272e-14j)
intensity 7.569536252222142e-27
data entry 27200 [3.42002782e-26 3.77425644e-25 2.04196872e-25 ... 6.15634444e-26
 1.44769781e-25 2.06686834e-25]
finishing 27200
disp entry 28000 (-0.48746166751534703+0.051385317251679545j)
starting: 28000
some stuff:
tdelaylist (1+0j)
ESFGt (1.301632468669495e-26+4.029200924767738e-27j)
ESFGw (-5.189227953589226e-13+7.146009044917134e-14j)
intensity 2.7438741207012197e-25
data entry 28000 [3.53244994e-27 3.15177384e-25 4.24405873e-25 ... 3.76106576e-25
 7.87411018e-26 9.03996350e-25]
finishing 28000
disp entry 28800 (-0.3503296687365974-0.19585566509299235j)
starting: 28800
some stuff:
tdelaylist (1+0j)
ESFGt (-4.5410566857583394e-27+2.003605052454593e-27j)
ESFGw (-3.280596280741399e-13+3.4730248191228164e-13j)
intensity 2.2824213351457367e-25
data entry 28800 [1.04547804e-26 1.88196760e-25 4.43876788e-25 ... 2.53388442e-25
 2.47034890e-25 3.78258532e-25]
finishing 28800
disp entry 29600 (-0.09628198693905932-0.07178687847399047j)
starting: 29600
some stuff:
tdelaylist (1+0j)
ESFGt (-8.178462905914653e-17-8.814932763659359e-18j)
ESFGw (-5.173786746248688e-13-2.2292324236561356e-13j)
intensity 3.1737546494338385e-25
data entry 29600 [1.35367877e-25 2.30134852e-25 6.53998218e-25 ... 4.09260093e-25
 1.62494715e-25 4.20355443e-25]
finishing 29600
disp entry 30400 (-0.20695077705280712+0.18837789111361647j)
starting: 30400
some stuff:
tdelaylist (1+0j)
ESFGt (1.3947013453699974e-16+7.219015167859849e-17j)
ESFGw (-5.07520891632196e-13-2.0860310007142502e-13j)
intensity 3.0109270880254824e-25
data entry 30400 [1.72038174e-25 2.61180184e-25 6.62366900e-25 ... 4.30392685e-25
 2.07455277e-25 3.12579473e-25]
finishing 30400
disp entry 31200 (-0.472526417951415+0.0914095076006959j)
starting: 31200
some stuff:
tdelaylist (1+0j)
ESFGt (-1.0981158816368519e-16-1.0723678922954088e-16j)
ESFGw (-3.3021176938652363e-13+7.70392864085645e-14j)
intensity 1.149748642917195e-25
data entry 31200 [1.61992479e-26 2.04827648e-25 4.48010126e-25 ... 2.27715995e-25
 2.18918113e-25 6.56615413e-25]
finishing 31200
disp entry 32000 (-0.38952166142267697-0.17885610033604898j)
starting: 32000
some stuff:
tdelaylist (1+0j)
ESFGt (4.7984414683474245e-17-1.1349222269557882e-17j)
ESFGw (-5.380242692337722e-13+1.742505879170908e-13j)
intensity 3.198333816739864e-25
data entry 32000 [1.21575311e-25 3.96663187e-25 3.66933149e-25 ... 2.21816974e-25
 1.17430105e-25 4.32196439e-25]
finishing 32000
disp entry 32800 (-0.11529972162196883-0.11004028695169102j)
starting: 32800
some stuff:
tdelaylist (1+0j)
ESFGt (-5.3268910456448e-17+1.198525432862374e-16j)
ESFGw (-5.982020434558422e-13-1.2090242001994156e-13j)
intensity 3.7246307996142373e-25
data entry 32800 [1.12571892e-25 3.74576832e-25 3.72981614e-25 ... 2.23792436e-25
 7.87169089e-26 5.40666566e-25]
finishing 32800
disp entry 33600 (-0.16973979154494+0.16739361008793785j)
starting: 33600
some stuff:
tdelaylist (1+0j)
ESFGt (8.243908215323466e-18-3.371154273286251e-18j)
ESFGw (-5.61076575825159e-13+7.962055494081799e-14j)
intensity 3.211463567087692e-25
data entry 33600 [4.64564618e-26 4.50631798e-25 2.23464999e-25 ... 1.73226866e-25
 2.56742639e-25 1.71026692e-25]
finishing 33600
disp entry 34400 (-0.4496325523502561+0.12747706103127154j)
starting: 34400
some stuff:
tdelaylist (1+0j)
ESFGt (-1.551061728849386e-17-1.3550461321920914e-16j)
ESFGw (-3.0655989899375236e-13-7.476419656982092e-14j)
intensity 9.956865675979045e-26
data entry 34400 [1.41045956e-25 3.44085067e-25 3.08123893e-25 ... 2.06868650e-25
 5.02885437e-26 5.05996126e-25]
finishing 34400
disp entry 35200 (-0.4243478775114139-0.15411479548824286j)
starting: 35200
some stuff:
tdelaylist (1+0j)
ESFGt (-7.515553940392668e-17-8.542826150555819e-17j)
ESFGw (-3.607609003197787e-13+2.0865991226526326e-13j)
intensity 1.7368738618608466e-25
data entry 35200 [1.85005446e-25 1.65224590e-25 8.86326210e-26 ... 5.54887486e-26
 1.14459859e-26 3.52188018e-25]
finishing 35200
disp entry 36000 (-0.14182130551934682-0.1435306300404952j)
starting: 36000
some stuff:
tdelaylist (1+0j)
ESFGt (1.0438193608028664e-16+9.603955388632611e-17j)
ESFGw (-2.5634442485378273e-13+3.6374137209194135e-13j)
intensity 1.9802024992494477e-25
data entry 36000 [9.56068490e-26 3.82045762e-25 2.57856252e-25 ... 2.77912018e-25
 2.00231494e-25 1.83129952e-25]
finishing 36000
disp entry 36800 (-0.13767623089095254+0.13916373990015324j)
starting: 36800
some stuff:
tdelaylist (1+0j)
ESFGt (3.059696410144212e-17+4.8981306426828024e-17j)
ESFGw (-3.545961267670261e-13-6.106226635438361e-16j)
intensity 1.257387859782141e-25
data entry 36800 [1.01421817e-25 3.92667113e-25 1.51555896e-25 ... 1.64684994e-25
 1.09735001e-25 2.97353746e-25]
finishing 36800
disp entry 37600 (-0.4197710257691817+0.15802680281216688j)
starting: 37600
some stuff:
tdelaylist (1+0j)
ESFGt (-8.847498649403781e-20+1.0167324553266757e-16j)
ESFGw (-3.315531443143227e-13+2.281183054952951e-14j)
intensity 1.1044786711773452e-25
data entry 37600 [9.00515433e-26 1.48592499e-25 4.55863142e-25 ... 3.55629638e-25
 9.64835111e-26 3.16263193e-25]
finishing 37600
disp entry 38400 (-0.45330087323767376-0.12270267153734568j)
starting: 38400
some stuff:
tdelaylist (1+0j)
ESFGt (3.914024821810453e-17-3.8996354344954595e-17j)
ESFGw (-8.465580667027517e-14-5.956704313830885e-14j)
intensity 1.0714838231236153e-26
data entry 38400 [2.69216334e-25 2.84712947e-25 4.16058644e-25 ... 5.14968025e-25
 8.40333131e-26 3.44836327e-25]
finishing 38400
disp entry 39200 (-0.17469875872474322-0.17080828689291422j)
starting: 39200
some stuff:
tdelaylist (1+0j)
ESFGt (-6.842245613849248e-17-1.309110031201149e-17j)
ESFGw (-3.420477876631134e-13-1.6651827486335868e-14j)
intensity 1.1727397240386497e-25
data entry 39200 [8.23828068e-27 2.72754974e-25 3.64714381e-25 ... 1.68155570e-25
 2.11745165e-25 3.94379620e-25]
finishing 39200
disp entry 40000 (-0.11214795802928271+0.10491020318740657j)
starting: 40000
some stuff:
tdelaylist (1+0j)
ESFGt (-6.183879318120276e-18-2.3701361851768937e-17j)
ESFGw (-3.0602039999272357e-13+8.987255384340642e-14j)
intensity 1.0172556114604254e-25
data entry 40000 [9.02506991e-26 2.67490847e-25 2.92607303e-25 ... 2.87989829e-25
 1.19149248e-25 2.81232954e-25]
finishing 40000
disp entry 40800 (-0.3842343866707455+0.1817363952637222j)
starting: 40800
some stuff:
tdelaylist (1+0j)
ESFGt (9.747456941763168e-17-6.29262994023514e-17j)
ESFGw (-3.962199492113516e-13+1.3306901153892214e-13j)
intensity 1.7469760998499183e-25
data entry 40800 [4.38320876e-26 2.74930530e-25 4.70067000e-25 ... 2.25207058e-25
 8.38337461e-26 5.82677961e-25]
finishing 40800
disp entry 41600 (-0.47512742566221566-0.0859793941524216j)
starting: 41600
some stuff:
tdelaylist (1+0j)
ESFGt (7.119391065669096e-17+7.17593091328565e-17j)
ESFGw (-3.1872334632643273e-13+4.749564457007249e-14j)
intensity 1.0384040774664584e-25
data entry 41600 [4.98155506e-26 9.64168087e-26 3.39257658e-25 ... 9.65584684e-26
 2.23686362e-26 4.32965768e-25]
finishing 41600
disp entry 42400 (-0.21250898917091932-0.19069255117999337j)
starting: 42400
some stuff:
tdelaylist (1+0j)
ESFGt (-8.899790458309218e-17+1.1121445117679376e-16j)
ESFGw (-3.7223913187944824e-13+2.26462403517258e-13j)
intensity 1.8984719150917864e-25
data entry 42400 [1.03824360e-25 5.01083130e-25 2.49559610e-25 ... 2.56626201e-25
 1.98391409e-25 4.36820933e-25]
finishing 42400
disp entry 43200 (-0.09425995765484863+0.0661156554360073j)
starting: 43200
some stuff:
tdelaylist (1+0j)
ESFGt (1.1328469197558488e-16+8.474997186685505e-17j)
ESFGw (-3.3350015457567217e-13-8.914884889327235e-14j)
intensity 1.1916987036099271e-25
data entry 43200 [6.93335639e-26 2.02688544e-25 3.41079329e-25 ... 2.15655722e-25
 5.29731093e-26 4.05322553e-25]
finishing 43200
disp entry 44000 (-0.3445608292964949+0.1975795748026719j)
starting: 44000
some stuff:
tdelaylist (1+0j)
ESFGt (-4.3430025971279146e-17+5.354727884093313e-17j)
ESFGw (-2.924262394732313e-13+2.8377842610505244e-13j)
intensity 1.6604330065511634e-25
data entry 44000 [2.78122535e-26 1.95131387e-25 4.52753430e-25 ... 1.67873062e-25
 1.10140168e-25 4.83825508e-25]
finishing 44000
disp entry 44800 (-0.4888827781028081-0.045534520906651124j)
starting: 44800
some stuff:
tdelaylist (1+0j)
ESFGt (-5.557443813892348e-17-5.5507743770141777e-17j)
ESFGw (-4.64402821753751e-13+8.684914766521334e-14j)
intensity 2.2321275530302023e-25
data entry 44800 [3.26782354e-29 1.62949828e-25 5.77620142e-25 ... 6.99560276e-26
 3.69350968e-26 7.36594789e-25]
finishing 44800
disp entry 45600 (-0.25361539080227835-0.20232273765968942j)
starting: 45600
some stuff:
tdelaylist (1+0j)
ESFGt (6.091806180667688e-17-4.398701803666815e-17j)
ESFGw (-1.218708294004056e-13-4.109126233720062e-14j)
intensity 1.654099089920741e-26
data entry 45600 [1.21135538e-25 1.80583741e-25 4.01132717e-25 ... 2.91769442e-25
 5.56391985e-26 4.09506574e-25]
finishing 45600
disp entry 46400 (-0.08478650724202158+0.024459308621781518j)
starting: 46400
some stuff:
tdelaylist (1+0j)
ESFGt (-3.250195502003175e-17-7.428099996103376e-17j)
ESFGw (-3.851734469567658e-13-1.1440111011284948e-13j)
intensity 1.6144619823560882e-25
data entry 46400 [1.07672060e-26 2.85677872e-25 3.81042507e-25 ... 6.28420376e-26
 1.25015005e-25 5.70977223e-25]
finishing 46400
disp entry 47200 (-0.3024676133266657+0.20487057349617535j)
starting: 47200
some stuff:
tdelaylist (1+0j)
ESFGt (-9.205442758892399e-17+1.4174877085085478e-17j)
ESFGw (-3.252996830238608e-13+6.330439644708363e-14j)
intensity 1.0982733038495387e-25
data entry 47200 [3.10041775e-25 3.60513394e-25 2.85644629e-25 ... 5.63263958e-25
 1.02556133e-25 3.25418479e-25]
finishing 47200
disp entry 48000 (-0.4939715336831175-0.0031186976884791016j)
starting: 48000
some stuff:
tdelaylist (1+0j)
ESFGt (1.2306341158379044e-17-8.122678403705887e-17j)
ESFGw (-5.393446106394251e-13+4.852032404328854e-14j)
intensity 2.932468308710588e-25
data entry 48000 [7.81388505e-27 4.08569654e-25 1.53531013e-25 ... 9.66572188e-26
 2.31830750e-25 2.88906806e-25]
finishing 48000
disp entry 48800 (-0.2962386836451342-0.2051954367151953j)
starting: 48800
some stuff:
tdelaylist (1+0j)
ESFGt (-1.1015470104835241e-16-5.92409961763319e-17j)
ESFGw (-3.084485791782221e-13-1.8963194729770816e-13j)
intensity 1.3110080143298474e-25
data entry 48800 [1.05612738e-25 1.75850640e-25 6.37498283e-25 ... 2.25280845e-25
 8.35511340e-27 7.79365318e-25]
finishing 48800
disp entry 49600 (-0.08413766264420536-0.01825575304643144j)
starting: 49600
some stuff:
tdelaylist (1+0j)
ESFGt (3.1145351264738415e-17-2.61037427990278e-17j)
ESFGw (-4.0801953829494586e-13+1.3007802300568638e-13j)
intensity 1.8340023569948874e-25
data entry 49600 [1.20654018e-26 2.59062516e-25 2.06904500e-25 ... 7.76940343e-26
 1.27494940e-25 3.22392024e-25]
finishing 49600
disp entry 50400 (-0.25977673273862095+0.20329380234960573j)
starting: 50400
some stuff:
tdelaylist (1+0j)
ESFGt (-9.891899489472476e-18-3.434970646003723e-17j)
ESFGw (-1.8519972881658742e-13-7.972312046633512e-14j)
intensity 4.06547154906273e-26
data entry 50400 [1.57817579e-26 1.26616167e-25 6.64177727e-25 ... 1.65700032e-25
 2.31797192e-26 7.67720915e-25]
finishing 50400
disp entry 51200 (-0.49017342693266497+0.03943211755333818j)
starting: 51200
some stuff:
tdelaylist (1+0j)
ESFGt (2.8339754354320304e-17+4.824258663387561e-18j)
ESFGw (-4.4068481502845813e-13-7.702985384966388e-14j)
intensity 2.00136704580767e-25
data entry 51200 [1.49924431e-25 4.42152628e-25 1.50771259e-25 ... 2.79795295e-25
 1.84062829e-25 2.61287291e-25]
finishing 51200
disp entry 52000 (-0.3385339294816315-0.19918630431012985j)
starting: 52000
some stuff:
tdelaylist (1+0j)
ESFGt (-9.317183066161478e-18+1.2259298429849053e-17j)
ESFGw (-4.019794479920291e-13-6.619921624761993e-14j)
intensity 1.6596981283977556e-25
data entry 52000 [7.11450563e-26 4.39437824e-25 9.58856636e-26 ... 1.34190369e-25
 2.17589443e-25 2.35288275e-25]
finishing 52000
disp entry 52800 (-0.09234150893217033-0.06018061916088426j)
starting: 52800
some stuff:
tdelaylist (1+0j)
ESFGt (-2.6076809481291628e-17-5.956994519855746e-17j)
ESFGw (-4.0090673836257196e-13-9.520379276595214e-14j)
intensity 1.697899750215381e-25
data entry 52800 [5.91721451e-26 2.13513527e-25 8.39899902e-25 ... 4.40060953e-25
 1.55230384e-25 7.49244332e-25]
finishing 52800
disp entry 53600 (-0.21833605126830066+0.19291751149464198j)
starting: 53600
some stuff:
tdelaylist (1+0j)
ESFGt (1.3518782610154008e-16+1.7075545491052206e-17j)
ESFGw (-4.4085395056736587e-13-4.4323269013379907e-14j)
intensity 1.9631675790688587e-25
data entry 53600 [9.23489951e-26 8.52614295e-26 3.24878749e-25 ... 1.84171290e-25
 7.70425936e-26 3.38081907e-25]
finishing 53600
disp entry 54400 (-0.4776528579208011+0.08027612377519103j)
starting: 54400
some stuff:
tdelaylist (1+0j)
ESFGt (8.738233629319507e-17-1.0536157032622754e-16j)
ESFGw (-5.541214188886645e-13+3.615749193108808e-14j)
intensity 3.0835791109393354e-25
data entry 54400 [1.46420064e-25 4.56374064e-25 2.39661617e-25 ... 2.23627380e-25
 1.01361571e-25 4.51517900e-25]
finishing 54400
disp entry 55200 (-0.378670389523831-0.18455544418802738j)
starting: 55200
some stuff:
tdelaylist (1+0j)
ESFGt (-1.5869032362198974e-17-5.403048102107936e-17j)
ESFGw (-2.2432923574289276e-13-2.753953749073945e-13j)
intensity 1.2616621852937474e-25
data entry 55200 [1.41863042e-25 3.45761888e-25 2.75676364e-25 ... 2.34909841e-25
 9.95101659e-26 3.87239342e-25]
finishing 55200
disp entry 56000 (-0.10904294473902171-0.09950058272420632j)
starting: 56000
some stuff:
tdelaylist (1+0j)
ESFGt (1.9197364210552443e-18+6.174938432411114e-19j)
ESFGw (-4.590648607777359e-13+3.2962890229859543e-13j)
intensity 3.1939575963145896e-25
data entry 56000 [1.38264583e-26 2.18191341e-25 1.23875261e-25 ... 3.68098805e-26
 1.92872094e-25 1.92605187e-25]
finishing 56000
disp entry 56800 (-0.17993931810585606+0.17419083599995314j)
starting: 56800
some stuff:
tdelaylist (1+0j)
ESFGt (2.5273226917802105e-17-1.7000848951005737e-17j)
ESFGw (-4.639333622130648e-13-1.1145511596977187e-13j)
intensity 2.2765640745015404e-25
data entry 56800 [4.22323764e-25 1.33187188e-25 1.05649179e-24 ... 9.16414092e-25
 3.05110561e-26 5.64478596e-25]
finishing 56800
disp entry 57600 (-0.45695177624218736+0.11764539872088291j)
starting: 57600
some stuff:
tdelaylist (1+0j)
ESFGt (-7.14988806037906e-18+8.958333188300272e-17j)
ESFGw (-3.7140971721749683e-13+4.4043544852878647e-13j)
intensity 3.3192856236433427e-25
data entry 57600 [2.40140600e-26 3.69361937e-25 3.68625075e-26 ... 1.15417082e-26
 1.90571804e-25 2.93699700e-25]
finishing 57600
disp entry 58400 (-0.4149107674691098-0.16193614934900882j)
starting: 58400
some stuff:
tdelaylist (1+0j)
ESFGt (9.068920680888856e-17+8.889745441725242e-17j)
ESFGw (7.697835424647081e-16+2.1346010896372558e-13j)
intensity 4.5565810685507836e-26
data entry 58400 [6.01755814e-26 2.45249515e-25 8.16690547e-25 ... 6.30569828e-25
 9.11865070e-26 1.05320680e-24]
finishing 58400
disp entry 59200 (-0.13351905273111578-0.1345136892729075j)
starting: 59200
some stuff:
tdelaylist (1+0j)
ESFGt (-1.326496534201443e-16+9.994441290774872e-18j)
ESFGw (-5.29323546799576e-13-3.231881992929453e-13j)
intensity 3.8463402935869954e-25
data entry 59200 [2.78980460e-25 9.94324366e-26 3.11648162e-26 ... 1.76973642e-26
 1.08088498e-25 1.99799850e-25]
finishing 59200
disp entry 60000 (-0.1462485259254141+0.14792435517579497j)
starting: 60000
some stuff:
tdelaylist (1+0j)
ESFGt (-6.209345513521583e-17+7.852553904190075e-17j)
ESFGw (-7.064648345489477e-13-3.164747110206978e-13j)
intensity 5.9924880516990605e-25
data entry 60000 [1.13511400e-25 6.65985588e-25 3.33644819e-25 ... 2.75782193e-25
 6.72373252e-25 6.19273058e-25]
finishing 60000
disp entry 60800 (-0.4289662228686123+0.14992242297972885j)
starting: 60800
some stuff:
tdelaylist (1+0j)
ESFGt (8.855723436221802e-18+6.692577710970704e-17j)
ESFGw (-5.264313290842537e-13+3.29924889491684e-14j)
intensity 2.7821844856847483e-25
data entry 60800 [3.74754541e-25 1.19510058e-25 7.31632034e-25 ... 5.41970083e-25
 4.33572485e-26 3.95342488e-25]
finishing 60800
disp entry 61600 (-0.44568640792176867-0.1323074901258889j)
starting: 61600
some stuff:
tdelaylist (1+0j)
ESFGt (2.721795107782097e-17+2.1079922124047764e-17j)
ESFGw (-2.0127562810889899e-13+2.936604952263888e-13j)
intensity 1.2674836492723974e-25
data entry 61600 [4.57643404e-26 5.91208822e-26 2.22804258e-25 ... 1.00814388e-25
 7.75350685e-26 1.05830355e-26]
finishing 61600
disp entry 62400 (-0.1647103908980596-0.16370440553658375j)
starting: 62400
some stuff:
tdelaylist (1+0j)
ESFGt (-3.913473648159497e-17+3.5558552504024096e-18j)
ESFGw (-4.5392964560797555e-13-2.5010332346808717e-13j)
intensity 2.6860379557156487e-25
data entry 62400 [1.22549560e-25 2.14300176e-25 2.67309837e-25 ... 1.83908639e-25
 3.46022528e-26 4.44384647e-25]
finishing 62400
disp entry 63200 (-0.11872197196160783+0.1152550068580099j)
starting: 63200
some stuff:
tdelaylist (1+0j)
ESFGt (6.929593396379862e-17-7.448809834772954e-17j)
ESFGw (-3.810242052426638e-13-2.462574415218466e-13j)
intensity 2.0582217248568924e-25
data entry 63200 [1.56450582e-25 2.27793170e-25 8.58673044e-25 ... 9.84010254e-25
 2.82328786e-26 9.85757196e-25]
finishing 63200
disp entry 64000 (-0.3949075452470487+0.17571009389630268j)
starting: 64000
some stuff:
tdelaylist (1+0j)
ESFGt (-1.462128000613979e-18+3.355296471501988e-17j)
ESFGw (-5.458710740369188e-13-2.4641963816685042e-14j)
intensity 2.985824558509621e-25
data entry 64000 [1.00480438e-25 3.77257054e-25 1.12920864e-25 ... 8.35709166e-26
 1.89179117e-25 1.77757569e-25]
finishing 64000
Top-level running in PID 66565 (name=__main__)
Running interfere() with b=75454.54545454546, sigma_s=11.0
MID-level running in PID 66565 (name=__main__)
E1_shared element:  0j
E1 element:  (7.41216589923921e-10-9.700251183047936e-10j)
this thing psm_c343e09c
ill try to just make an array with this now
testfreq element:  0.0
did it
disp entry 0 (-0.08332452033614668+0j)
starting: 0
some stuff:
tdelaylist (1+0j)
ESFGt (3.9586876775133633e-28-4.078762331424223e-28j)
ESFGw (9.142483319880823e-14-9.598035257199489e-15j)
intensity 8.450622406228352e-27
data entry 0 [2.12672465e-26 6.35086264e-28 2.35981451e-26 ... 2.61058461e-26
 3.46915265e-27 1.46955094e-26]
finishing 0
disp entry 800 (-0.27796535717647075+0.2050566582042932j)
starting: 800
some stuff:
tdelaylist (1+0j)
ESFGt (2.8980544043268767e-27-1.4358289408734448e-27j)
ESFGw (3.1076486869952014e-15+3.7739126060309935e-14j)
intensity 1.4338991161577475e-27
data entry 800 [8.86266122e-25 7.65936586e-26 1.28423321e-24 ... 1.24941975e-24
 6.24544766e-26 9.09575977e-25]
finishing 800
disp entry 1600 (-0.4928812110671021+0.021359994690023542j)
starting: 1600
some stuff:
tdelaylist (1+0j)
ESFGt (3.0417536597319065e-27-1.753157089396311e-27j)
ESFGw (4.398562677282447e-13+4.2404166115950215e-13j)
intensity 3.7328486665873137e-25
data entry 1600 [2.78377510e-25 1.25386311e-25 1.58179471e-25 ... 1.79869788e-25
 1.82850342e-25 5.88722288e-26]
finishing 1600
disp entry 2400 (-0.32062736491562593-0.20283166645248532j)
starting: 2400
some stuff:
tdelaylist (1+0j)
ESFGt (4.7801003383108655e-28-1.816963415855315e-27j)
ESFGw (8.759085037141068e-13+1.3399090864618657e-13j)
intensity 7.851692704785163e-25
data entry 2400 [5.14140980e-25 7.24038261e-26 5.90064375e-25 ... 8.01907995e-25
 6.79151264e-26 4.99731790e-25]
finishing 2400
disp entry 3200 (-0.08776846410639105-0.04248822020746742j)
starting: 3200
some stuff:
tdelaylist (1+0j)
ESFGt (1.5045837694638897e-27-3.622102834280476e-27j)
ESFGw (2.320964601065789e-13-2.9464809498530586e-13j)
intensity 1.406862666724746e-25
data entry 3200 [5.72384065e-25 6.51088603e-27 6.71525819e-25 ... 5.29332616e-25
 1.06865731e-25 3.18807343e-25]
finishing 3200
disp entry 4000 (-0.23576625864575806+0.19840582548751706j)
starting: 4000
some stuff:
tdelaylist (1+0j)
ESFGt (3.1417637092561798e-27-1.6159591551558715e-27j)
ESFGw (6.869090799638267e-13-3.956821849337988e-13j)
intensity 6.28408475610736e-25
data entry 4000 [8.17300473e-25 3.03606686e-26 1.08372069e-24 ... 8.55216811e-25
 1.12520013e-25 5.56449524e-25]
finishing 4000
disp entry 4800 (-0.4840415430690601+0.06315542221883048j)
starting: 4800
some stuff:
tdelaylist (1+0j)
ESFGt (3.275035793467751e-27-3.5378167354516645e-27j)
ESFGw (5.567612343382322e-13+1.8860130471254344e-14j)
intensity 3.1033877658322457e-25
data entry 4800 [6.97175468e-25 1.74355304e-25 1.15302199e-24 ... 1.09880913e-24
 6.00456782e-26 9.13696421e-25]
finishing 4800
disp entry 5600 (-0.3619056678810876-0.1918271584251852j)
starting: 5600
some stuff:
tdelaylist (1+0j)
ESFGt (2.20905571041432e-27-4.408636236800814e-27j)
ESFGw (3.1575089765034647e-13-4.1528011498342954e-13j)
intensity 2.721562032676501e-25
data entry 5600 [1.27563197e-25 7.64040616e-26 1.84605305e-25 ... 4.00278279e-25
 9.59233270e-26 3.27601075e-25]
finishing 5600
disp entry 6400 (-0.10090794045923898-0.08313734878120543j)
starting: 6400
some stuff:
tdelaylist (1+0j)
ESFGt (4.163653570380815e-27-1.645812452110163e-27j)
ESFGw (4.4368111615233907e-13-6.869082126020887e-14j)
intensity 2.0157136175558743e-25
data entry 6400 [2.57221236e-25 8.38076399e-28 1.55132013e-25 ... 5.22752541e-25
 1.00979924e-25 1.95616505e-25]
finishing 6400
disp entry 7200 (-0.19585664640014067+0.18316704787788468j)
starting: 7200
some stuff:
tdelaylist (1+0j)
ESFGt (3.2385891251398514e-27-9.986523452417239e-29j)
ESFGw (4.3945912447246327e-13-1.0927955589046245e-13j)
intensity 2.050663434177207e-25
data entry 7200 [8.54931483e-25 5.54427090e-26 6.25923981e-25 ... 8.63679698e-25
 4.02702918e-25 3.32915121e-25]
finishing 7200
disp entry 8000 (-0.46674482981831067+0.10221718361476176j)
starting: 8000
some stuff:
tdelaylist (1+0j)
ESFGt (9.069980517436234e-29-1.1234810915983318e-27j)
ESFGw (3.500580901538708e-13+1.3869114190434573e-15j)
intensity 1.2254259000545983e-25
data entry 8000 [7.65928519e-25 6.45073454e-26 7.05588826e-25 ... 5.43342159e-25
 2.17618742e-25 2.16035916e-25]
finishing 8000
disp entry 8800 (-0.4000135453943324-0.17251946140905j)
starting: 8800
some stuff:
tdelaylist (1+0j)
ESFGt (2.054081118233196e-27-4.437168554569298e-27j)
ESFGw (7.079601661852397e-14-1.5607491427732656e-13j)
intensity 2.937145483572515e-26
data entry 8800 [4.16137876e-25 1.36824082e-26 2.54431919e-25 ... 7.87452475e-25
 1.27875388e-25 2.80104132e-25]
finishing 8800
disp entry 9600 (-0.12217421055568767-0.12018789869367334j)
starting: 9600
some stuff:
tdelaylist (1+0j)
ESFGt (1.9639708788885748e-27-2.4550075948722217e-27j)
ESFGw (5.68890854563131e-13-9.175678879896898e-14j)
intensity 3.320561126962682e-25
data entry 9600 [3.10079201e-25 1.02723631e-25 4.33657284e-25 ... 1.67560500e-25
 4.58954944e-26 1.13872481e-25]
finishing 9600
disp entry 10400 (-0.1599639976939711+0.15999993192688947j)
starting: 10400
some stuff:
tdelaylist (1+0j)
ESFGt (2.6114463868369205e-29-2.683225631835751e-27j)
ESFGw (3.161542208585111e-13-1.7922382328228181e-13j)
intensity 1.3207467019857083e-25
data entry 10400 [8.71893124e-25 6.44174459e-27 6.91537515e-25 ... 1.16141902e-24
 3.07748092e-25 5.35522633e-25]
finishing 10400
disp entry 11200 (-0.44173975507885027+0.13685450062843046j)
starting: 11200
some stuff:
tdelaylist (1+0j)
ESFGt (2.5715330624178636e-27-3.696017083927281e-27j)
ESFGw (6.492302355443069e-13+7.739354946842414e-14j)
intensity 4.274896602442376e-25
data entry 11200 [1.17153910e-25 5.54590796e-26 2.73972414e-25 ... 5.39666231e-25
 5.84190904e-26 4.31077789e-25]
finishing 11200
disp entry 12000 (-0.43330150782337373-0.14574430408077105j)
starting: 12000
some stuff:
tdelaylist (1+0j)
ESFGt (4.317924978984826e-27-4.14073707806133e-28j)
ESFGw (4.198140316283294e-13-8.176044476865263e-14j)
intensity 1.829285914807999e-25
data entry 12000 [1.05085867e-24 4.95251046e-26 8.33606013e-25 ... 6.23479237e-25
 4.25006587e-25 2.47090511e-25]
finishing 12000
disp entry 12800 (-0.15064676938931237-0.1520361464648941j)
starting: 12800
some stuff:
tdelaylist (1+0j)
ESFGt (5.1692936633378135e-28-1.3068808273286873e-27j)
ESFGw (4.1259053465414475e-13-1.957180077727383e-13j)
intensity 2.0853648785272266e-25
data entry 12800 [6.52417669e-25 1.10131266e-25 5.98400815e-25 ... 5.01524625e-25
 1.51733835e-25 1.04892560e-25]
finishing 12800
disp entry 13600 (-0.12964191655268456+0.12990726026263566j)
starting: 13600
some stuff:
tdelaylist (1+0j)
ESFGt (6.404279560881073e-29-6.1887165700516285e-28j)
ESFGw (4.1327726831019707e-13-6.009353171326781e-14j)
intensity 1.7440933305571212e-25
data entry 13600 [4.70836793e-25 1.12702074e-25 5.60893472e-25 ... 1.16966500e-24
 5.08558931e-26 8.29369916e-25]
finishing 13600
disp entry 14400 (-0.41010865705005745+0.16556810594236218j)
starting: 14400
some stuff:
tdelaylist (1+0j)
ESFGt (2.6807751426977296e-28-3.2438104332231257e-28j)
ESFGw (6.295172716441755e-13-1.5235024613396986e-13j)
intensity 4.195025927954078e-25
data entry 14400 [2.36826076e-25 7.64634545e-27 1.64853040e-25 ... 5.86343896e-25
 1.54858056e-25 2.29183606e-25]
finishing 14400
disp entry 15200 (-0.4603286943152921-0.11266064220723578j)
starting: 15200
some stuff:
tdelaylist (1+0j)
ESFGt (3.375098991764215e-27-5.172277439973633e-27j)
ESFGw (3.2957870373800935e-13-9.655828654003829e-14j)
intensity 1.1794562465717465e-25
data entry 15200 [1.12222243e-24 1.25730044e-26 1.20917030e-24 ... 6.76254377e-25
 2.73325196e-25 4.22209671e-25]
finishing 15200
disp entry 16000 (-0.18509318960763632-0.17730354891892558j)
starting: 16000
some stuff:
tdelaylist (1+0j)
ESFGt (4.368251054499573e-27-4.7665129624035084e-27j)
ESFGw (4.2538824025772914e-13-4.669496126569195e-14j)
intensity 1.8313557435717197e-25
data entry 16000 [5.85799448e-25 6.60809059e-28 9.80582457e-25 ... 6.22911097e-25
 3.93799849e-26 3.51208934e-25]
finishing 16000
disp entry 16800 (-0.10620288642397324+0.09419158640287606j)
starting: 16800
some stuff:
tdelaylist (1+0j)
ESFGt (1.504343933545448e-27-1.6906282928720302e-27j)
ESFGw (2.9067481928379824e-13-1.551620702582024e-13j)
intensity 1.085671186124801e-25
data entry 16800 [5.04297415e-25 3.88885828e-26 6.00204596e-25 ... 1.06265590e-24
 4.95915310e-26 4.95986881e-25]
finishing 16800
disp entry 17600 (-0.37322067963738087+0.18711513856946j)
starting: 17600
some stuff:
tdelaylist (1+0j)
ESFGt (2.4097207030345954e-27-3.6515812855965576e-27j)
ESFGw (3.2698843632772423e-13+2.8948414845797465e-14j)
intensity 1.0775944821413457e-25
data entry 17600 [5.48207379e-25 1.27523414e-25 6.53047660e-25 ... 9.17602084e-25
 6.43409550e-26 8.06052045e-25]
finishing 17600
disp entry 18400 (-0.47992524008597015-0.074700493544606j)
starting: 18400
some stuff:
tdelaylist (1+0j)
ESFGt (-3.9351905846802876e-28-3.0752853292076012e-27j)
ESFGw (2.9648549240701705e-13-8.240044931107082e-14j)
intensity 9.469348125449769e-26
data entry 18400 [4.31714716e-25 1.27306150e-25 4.97470382e-25 ... 7.12863042e-25
 7.06315210e-26 1.19615945e-25]
finishing 18400
disp entry 19200 (-0.22402246681164956-0.19489641306904357j)
starting: 19200
some stuff:
tdelaylist (1+0j)
ESFGt (3.6334581865867495e-27-4.940289354007541e-27j)
ESFGw (5.006484593214622e-13-1.167149059691508e-13j)
intensity 2.642712490963415e-25
data entry 19200 [3.60587297e-25 1.03585676e-25 6.10898630e-25 ... 3.37031479e-25
 1.12476942e-26 1.26982683e-25]
finishing 19200
disp entry 20000 (-0.09066145967086797+0.05439885406254672j)
starting: 20000
some stuff:
tdelaylist (1+0j)
ESFGt (6.335162082279943e-27-2.751338000630297e-27j)
ESFGw (4.825428251420405e-13+1.8560554568974874e-13j)
intensity 2.6729699668685123e-25
data entry 20000 [2.11755035e-25 7.61544305e-26 3.51385681e-25 ... 6.26259367e-25
 7.49428745e-26 5.85929789e-25]
finishing 20000
disp entry 20800 (-0.33267250941214777+0.2005629407697033j)
starting: 20800
some stuff:
tdelaylist (1+0j)
ESFGt (5.930961971088296e-27-5.0840786804623205e-27j)
ESFGw (2.767300277817242e-13-4.953383623412799e-14j)
intensity 7.903310920814326e-26
data entry 20800 [3.62316255e-25 1.01331200e-25 3.91576993e-25 ... 7.50787583e-25
 8.55926221e-26 7.34317382e-25]
finishing 20800
disp entry 21600 (-0.49124291371500883-0.03350695331973686j)
starting: 21600
some stuff:
tdelaylist (1+0j)
ESFGt (1.0729836471509902e-28-2.485899094396916e-27j)
ESFGw (4.0454076720430887e-13+7.090346105381728e-14j)
intensity 1.68680533119661e-25
data entry 21600 [6.27135950e-25 2.21138213e-26 8.66773720e-25 ... 1.09328319e-24
 5.73443572e-26 4.81882144e-25]
finishing 21600
disp entry 22400 (-0.26574955729597927-0.20405323633608952j)
starting: 22400
some stuff:
tdelaylist (1+0j)
ESFGt (-1.0122296755212956e-27-5.064983502758006e-27j)
ESFGw (7.388052843115833e-13-2.670344414340553e-13j)
intensity 6.171406410387175e-25
data entry 22400 [5.87684106e-25 9.59726578e-26 2.97403760e-25 ... 2.31212117e-25
 2.11915109e-25 2.51627661e-25]
finishing 22400
disp entry 23200 (-0.08369034293483901+0.012251481379495556j)
starting: 23200
some stuff:
tdelaylist (1+0j)
ESFGt (4.0074628522342334e-27-3.962565572882848e-28j)
ESFGw (3.6565628996898525e-13-2.7730899174183143e-13j)
intensity 2.1060479929475376e-25
data entry 23200 [7.65638483e-25 4.86636702e-27 1.06109019e-24 ... 9.23331559e-25
 5.19971910e-26 3.17477747e-25]
finishing 23200
disp entry 24000 (-0.29021926344586946+0.20532942789944855j)
starting: 24000
some stuff:
tdelaylist (1+0j)
ESFGt (2.6392073760896926e-27-6.275479166932999e-27j)
ESFGw (2.6831141475280873e-13-2.8117818403478045e-13j)
intensity 1.510521864637506e-25
data entry 24000 [4.83803847e-25 1.82253029e-26 7.23850836e-25 ... 1.03202511e-24
 6.34089703e-26 5.76433605e-25]
finishing 24000
disp entry 24800 (-0.4937918326235938+0.009136926722173132j)
starting: 24800
some stuff:
tdelaylist (1+0j)
ESFGt (1.00005475335096e-26+2.340269163806026e-26j)
ESFGw (3.9494752954172263e-13-1.8444902723235845e-13j)
intensity 1.9000499473807318e-25
data entry 24800 [5.05251304e-25 8.64366670e-27 2.46744783e-25 ... 4.41858571e-25
 2.79219809e-25 2.59320510e-25]
finishing 24800
disp entry 25600 (-0.3084683147303033-0.2043776679908563j)
starting: 25600
some stuff:
tdelaylist (1+0j)
ESFGt (1.0365635565187905e-26+2.7653934988780546e-27j)
ESFGw (2.410814603504008e-13-1.4500228275038385e-13j)
intensity 7.914593252750414e-26
data entry 25600 [8.51842554e-25 2.26400018e-26 6.42364353e-25 ... 6.32499336e-25
 1.85469358e-25 1.61854228e-25]
finishing 25600
disp entry 26400 (-0.08559127920263429-0.030426193509574158j)
starting: 26400
some stuff:
tdelaylist (1+0j)
ESFGt (1.3390943403831173e-27-5.300706006194796e-27j)
ESFGw (5.621017973994613e-13+2.31456130303509e-13j)
intensity 3.6953037089478002e-25
data entry 26400 [2.19941673e-25 1.81015370e-26 3.42368027e-25 ... 4.80653745e-25
 1.32484908e-25 4.54236516e-25]
finishing 26400
disp entry 27200 (-0.24769851952128205+0.20120828379483222j)
starting: 27200
some stuff:
tdelaylist (1+0j)
ESFGt (-8.240568072725061e-28+6.2472532174842825e-28j)
ESFGw (6.200153238045125e-13-1.8647811159816507e-13j)
intensity 4.191930878576321e-25
data entry 27200 [4.43364067e-25 1.10866146e-25 5.26835903e-25 ... 4.84168409e-25
 3.20185584e-26 1.26712484e-25]
finishing 27200
disp entry 28000 (-0.48746166751534703+0.051385317251679545j)
starting: 28000
some stuff:
tdelaylist (1+0j)
ESFGt (5.4650000923382295e-27-6.898186834104693e-27j)
ESFGw (4.5315942838464185e-13+5.932830181992754e-14j)
intensity 2.088733149307318e-25
data entry 28000 [8.59014271e-25 1.26987716e-26 8.73895777e-25 ... 8.28205815e-25
 9.16053527e-26 3.72896051e-25]
finishing 28000
disp entry 28800 (-0.3503296687365974-0.19585566509299235j)
starting: 28800
some stuff:
tdelaylist (1+0j)
ESFGt (8.378608064450268e-27+6.123845516456516e-27j)
ESFGw (5.730860664493465e-13-1.288093980436611e-13j)
intensity 3.450195005827551e-25
data entry 28800 [6.24092447e-25 2.60553938e-26 1.01755804e-24 ... 1.13533126e-24
 3.29655396e-26 3.36717882e-25]
finishing 28800
disp entry 29600 (-0.09628198693905932-0.07178687847399047j)
starting: 29600
some stuff:
tdelaylist (1+0j)
ESFGt (3.003709329903328e-17-5.723152921502924e-17j)
ESFGw (5.009569148395343e-13-3.224030200796313e-13j)
intensity 3.5490153788201147e-25
data entry 29600 [6.77618343e-25 3.96385719e-26 6.29732396e-25 ... 6.92343136e-25
 1.36430529e-25 5.65187177e-25]
finishing 29600
disp entry 30400 (-0.20695077705280712+0.18837789111361647j)
starting: 30400
some stuff:
tdelaylist (1+0j)
ESFGt (-1.0407444203242777e-16-1.4541371983670253e-18j)
ESFGw (4.954636961124192e-13+3.016794713345261e-13j)
intensity 3.3649477759005884e-25
data entry 30400 [3.82715592e-25 3.72981667e-26 4.72819042e-25 ... 4.75246745e-25
 5.77273353e-26 4.91440522e-25]
finishing 30400
disp entry 31200 (-0.472526417951415+0.0914095076006959j)
starting: 31200
some stuff:
tdelaylist (1+0j)
ESFGt (-2.3146486858410214e-17+6.187298402105654e-17j)
ESFGw (5.402575088686579e-13-9.478561598802449e-14j)
intensity 3.0086248888719727e-25
data entry 31200 [7.48654503e-25 5.37040488e-27 5.52905835e-25 ... 6.62150833e-25
 1.16957911e-25 2.69441252e-25]
finishing 31200
disp entry 32000 (-0.38952166142267697-0.17885610033604898j)
starting: 32000
some stuff:
tdelaylist (1+0j)
ESFGt (1.4075423460046708e-17-4.951009732027947e-17j)
ESFGw (4.0721310871905114e-13-4.297343730863545e-15j)
intensity 1.6584098307577496e-25
data entry 32000 [5.86446038e-25 5.72779383e-27 3.29815862e-25 ... 4.21950639e-25
 3.00382551e-25 3.44155800e-25]
finishing 32000
disp entry 32800 (-0.11529972162196883-0.11004028695169102j)
starting: 32800
some stuff:
tdelaylist (1+0j)
ESFGt (3.1213394248932462e-18+1.0274507192673507e-16j)
ESFGw (4.832943940880075e-13+5.825179748286669e-14j)
intensity 2.369667432668792e-25
data entry 32800 [6.70002474e-25 1.02483272e-25 3.20690106e-25 ... 4.74891823e-25
 3.07950352e-26 1.73724678e-25]
finishing 32800
disp entry 33600 (-0.16973979154494+0.16739361008793785j)
starting: 33600
some stuff:
tdelaylist (1+0j)
ESFGt (-9.455254208071381e-17+3.420536617279565e-17j)
ESFGw (6.22596158655897e-13-7.750202389578131e-15j)
intensity 3.8768604241015835e-25
data entry 33600 [4.58585054e-25 2.87390488e-26 2.26614300e-25 ... 2.47041398e-25
 1.26114749e-25 3.68726531e-25]
finishing 33600
disp entry 34400 (-0.4496325523502561+0.12747706103127154j)
starting: 34400
some stuff:
tdelaylist (1+0j)
ESFGt (2.819563789981176e-17-9.361164681231723e-17j)
ESFGw (6.382169098761992e-13-5.655231057749566e-14j)
intensity 4.105189878835781e-25
data entry 34400 [5.77271724e-25 7.70785331e-26 4.19661253e-25 ... 6.27764143e-25
 4.20635293e-26 1.27218158e-25]
finishing 34400
disp entry 35200 (-0.4243478775114139-0.15411479548824286j)
starting: 35200
some stuff:
tdelaylist (1+0j)
ESFGt (-5.442632069858837e-20-6.6510574817771875e-18j)
ESFGw (5.159202058624413e-13-1.3539148101260334e-13j)
intensity 2.8450451194792984e-25
data entry 35200 [7.77462543e-25 2.14031909e-26 3.97651437e-25 ... 6.30407849e-25
 9.54141379e-26 2.52952857e-25]
finishing 35200
disp entry 36000 (-0.14182130551934682-0.1435306300404952j)
starting: 36000
some stuff:
tdelaylist (1+0j)
ESFGt (-1.3324173995686714e-17+7.67308682256978e-17j)
ESFGw (5.698083064414883e-13-1.6230820940738022e-13j)
intensity 3.5102546093074695e-25
data entry 36000 [6.46067809e-25 1.57535724e-26 1.04949502e-24 ... 1.15111834e-24
 2.18435148e-26 4.54187991e-25]
finishing 36000
disp entry 36800 (-0.13767623089095254+0.13916373990015324j)
starting: 36800
some stuff:
tdelaylist (1+0j)
ESFGt (5.902570412115556e-17-7.257774744980227e-17j)
ESFGw (2.47499503530646e-13-1.7314600274376257e-14j)
intensity 6.155579963057766e-26
data entry 36800 [5.67858409e-25 5.62992934e-26 7.75782348e-25 ... 8.57244096e-25
 5.57007093e-27 4.75080182e-25]
finishing 36800
disp entry 37600 (-0.4197710257691817+0.15802680281216688j)
starting: 37600
some stuff:
tdelaylist (1+0j)
ESFGt (-5.334582303516837e-17+6.076188043572522e-18j)
ESFGw (5.445331685560717e-13-1.0243487915534422e-13j)
intensity 3.070092761252851e-25
data entry 37600 [5.78712169e-25 1.13631385e-25 3.46253817e-25 ... 5.15520782e-25
 2.45045140e-26 3.94213765e-25]
finishing 37600
disp entry 38400 (-0.45330087323767376-0.12270267153734568j)
starting: 38400
some stuff:
tdelaylist (1+0j)
ESFGt (4.5090280596284935e-17+5.322843921668324e-17j)
ESFGw (5.746787594407277e-13-1.0332923752742751e-13j)
intensity 3.4093260788033317e-25
data entry 38400 [5.29679453e-25 1.02830054e-25 5.37019903e-25 ... 8.02503208e-25
 5.05156678e-26 1.82182468e-25]
finishing 38400
disp entry 39200 (-0.17469875872474322-0.17080828689291422j)
starting: 39200
some stuff:
tdelaylist (1+0j)
ESFGt (-3.3931724907028916e-17+7.041797555000574e-17j)
ESFGw (5.974374640838054e-13+1.5620577747954556e-13j)
intensity 3.8133176840887746e-25
data entry 39200 [5.48357629e-25 2.03009855e-26 4.50247743e-25 ... 6.35941944e-25
 7.16429192e-26 2.32357393e-25]
finishing 39200
disp entry 40000 (-0.11214795802928271+0.10491020318740657j)
starting: 40000
some stuff:
tdelaylist (1+0j)
ESFGt (-6.896952681078656e-17-1.1725564693773918e-17j)
ESFGw (4.995262016527224e-13-1.836045421602095e-13j)
intensity 2.8323705403945646e-25
data entry 40000 [5.10348268e-25 5.79922502e-27 4.21547532e-25 ... 4.11806276e-25
 1.36546970e-25 3.91166726e-25]
finishing 40000
disp entry 40800 (-0.3842343866707455+0.1817363952637222j)
starting: 40800
some stuff:
tdelaylist (1+0j)
ESFGt (2.881692407596408e-19-5.730717178285778e-17j)
ESFGw (3.525638982149193e-13-1.534014885604118e-13j)
intensity 1.4783331901705012e-25
data entry 40800 [5.44284491e-25 9.51688174e-26 2.45130389e-25 ... 6.15786200e-25
 2.38455820e-26 1.47490233e-25]
finishing 40800
disp entry 41600 (-0.47512742566221566-0.0859793941524216j)
starting: 41600
some stuff:
tdelaylist (1+0j)
ESFGt (-3.251289472193098e-17+1.885464380414841e-18j)
ESFGw (2.890626106533123e-13+1.9382607498175108e-14j)
intensity 8.393287835113671e-26
data entry 41600 [3.08585878e-25 1.32395256e-25 3.56660132e-25 ... 4.55859972e-25
 1.28442716e-25 1.83422121e-25]
finishing 41600
disp entry 42400 (-0.21250898917091932-0.19069255117999337j)
starting: 42400
some stuff:
tdelaylist (1+0j)
ESFGt (2.4554200246800757e-18+6.685434284634717e-17j)
ESFGw (4.3166251822990276e-13-5.319312698648382e-14j)
intensity 1.891620384031813e-25
data entry 42400 [6.73895399e-25 2.90607522e-26 6.12326852e-25 ... 8.36917024e-25
 4.20310920e-26 3.95536638e-25]
finishing 42400
disp entry 43200 (-0.09425995765484863+0.0661156554360073j)
starting: 43200
some stuff:
tdelaylist (1+0j)
ESFGt (-7.52430488203876e-17-4.449229287995758e-18j)
ESFGw (6.074001978467747e-13+3.85532534716293e-14j)
intensity 3.7042135369754868e-25
data entry 43200 [5.46661606e-25 7.65784888e-26 5.51747177e-25 ... 7.33192386e-25
 1.24550672e-25 2.61962199e-25]
finishing 43200
disp entry 44000 (-0.3445608292964949+0.1975795748026719j)
starting: 44000
some stuff:
tdelaylist (1+0j)
ESFGt (5.944750810185035e-18-2.6551316117168878e-17j)
ESFGw (4.956603703865081e-13+4.339768561872903e-14j)
intensity 2.4756256188875246e-25
data entry 44000 [3.36424378e-25 9.63302870e-27 8.37472702e-25 ... 5.00521958e-25
 1.13627293e-25 5.81627659e-25]
finishing 44000
disp entry 44800 (-0.4888827781028081-0.045534520906651124j)
starting: 44800
some stuff:
tdelaylist (1+0j)
ESFGt (-5.914274577475925e-17-2.792767026127891e-17j)
ESFGw (3.71058652554046e-13-2.637950621831031e-14j)
intensity 1.3838040198354614e-25
data entry 44800 [6.46318093e-25 9.43893329e-26 3.28175371e-25 ... 6.77390256e-25
 1.94701995e-25 1.11708419e-25]
finishing 44800
disp entry 45600 (-0.25361539080227835-0.20232273765968942j)
starting: 45600
some stuff:
tdelaylist (1+0j)
ESFGt (-1.42401068336153e-17+1.6431571598697887e-17j)
ESFGw (5.102879924168136e-13+8.87742570426786e-14j)
intensity 2.682747039182615e-25
data entry 45600 [6.68628383e-25 2.78999694e-27 4.12339433e-25 ... 7.36512832e-25
 6.69659498e-26 2.20836664e-25]
finishing 45600
disp entry 46400 (-0.08478650724202158+0.024459308621781518j)
starting: 46400
some stuff:
tdelaylist (1+0j)
ESFGt (3.808726656972734e-17+6.378695256101899e-17j)
ESFGw (4.602405696135792e-13+1.2923830842309636e-13j)
intensity 2.285239222822952e-25
data entry 46400 [7.99665579e-25 4.83006461e-26 3.08127089e-25 ... 9.14689492e-25
 2.79991451e-26 1.48901730e-25]
finishing 46400
disp entry 47200 (-0.3024676133266657+0.20487057349617535j)
starting: 47200
some stuff:
tdelaylist (1+0j)
ESFGt (8.84136268652534e-17-1.5682144716819755e-17j)
ESFGw (5.207106447413512e-13+9.708195618934878e-14j)
intensity 2.805644817645043e-25
data entry 47200 [6.38399103e-25 1.15947941e-26 5.21436182e-25 ... 6.67286969e-25
 1.73790574e-25 2.63152115e-25]
finishing 47200
disp entry 48000 (-0.4939715336831175-0.0031186976884791016j)
starting: 48000
some stuff:
tdelaylist (1+0j)
ESFGt (-2.0717943063101124e-17+8.991376581869897e-17j)
ESFGw (6.237397751074347e-13-6.970812815865202e-14j)
intensity 3.939105301824564e-25
data entry 48000 [7.12479182e-25 1.82774596e-27 4.85008985e-25 ... 8.13729461e-25
 8.27499886e-26 2.25176365e-25]
finishing 48000
disp entry 48800 (-0.2962386836451342-0.2051954367151953j)
starting: 48800
some stuff:
tdelaylist (1+0j)
ESFGt (-2.831051336354078e-17-2.2228725917084515e-17j)
ESFGw (3.9543108371065117e-13-9.124038330421413e-14j)
intensity 1.646905495100799e-25
data entry 48800 [4.77758687e-25 1.02356224e-25 3.99272169e-25 ... 6.84474377e-25
 1.28698362e-26 2.70827313e-25]
finishing 48800
disp entry 49600 (-0.08413766264420536-0.01825575304643144j)
starting: 49600
some stuff:
tdelaylist (1+0j)
ESFGt (-8.143876005645121e-17+3.7653143418168e-17j)
ESFGw (5.881480198699496e-13+4.2426565732833765e-14j)
intensity 3.47718106756825e-25
data entry 49600 [8.22267158e-25 1.53504854e-26 4.08872347e-25 ... 8.49161689e-25
 8.04283155e-26 2.23442098e-25]
finishing 49600
disp entry 50400 (-0.25977673273862095+0.20329380234960573j)
starting: 50400
some stuff:
tdelaylist (1+0j)
ESFGt (2.661293836733451e-19-3.383629721941424e-18j)
ESFGw (6.208193681356278e-13+1.228810889847276e-13j)
intensity 4.0051644988239275e-25
data entry 50400 [7.34913048e-25 3.75169290e-27 5.71709791e-25 ... 7.18499179e-25
 1.72312202e-25 3.62888477e-25]
finishing 50400
disp entry 51200 (-0.49017342693266497+0.03943211755333818j)
starting: 51200
some stuff:
tdelaylist (1+0j)
ESFGt (-6.877760873283147e-17-4.76879848165209e-17j)
ESFGw (5.623726311021482e-13-9.97767406890615e-14j)
intensity 3.2621837419528508e-25
data entry 51200 [5.79158026e-25 4.02300692e-27 5.27961953e-25 ... 6.76192779e-25
 8.21419975e-26 2.98510527e-25]
finishing 51200
disp entry 52000 (-0.3385339294816315-0.19918630431012985j)
starting: 52000
some stuff:
tdelaylist (1+0j)
ESFGt (7.96654725202992e-17-3.3789042652254545e-17j)
ESFGw (7.266195024141497e-13+2.1012054943203573e-14j)
intensity 5.284174077415228e-25
data entry 52000 [7.27916447e-25 1.16524778e-26 6.19562724e-25 ... 9.28510366e-25
 5.30928895e-26 2.53289550e-25]
finishing 52000
disp entry 52800 (-0.09234150893217033-0.06018061916088426j)
starting: 52800
some stuff:
tdelaylist (1+0j)
ESFGt (4.446226737162635e-18-2.3026867819667416e-17j)
ESFGw (6.333844039529968e-13-6.532274721138265e-14j)
intensity 4.0544286447413534e-25
data entry 52800 [7.18042383e-25 1.17513940e-27 7.04659732e-25 ... 6.98449254e-25
 2.23721072e-25 5.10845492e-25]
finishing 52800
disp entry 53600 (-0.21833605126830066+0.19291751149464198j)
starting: 53600
some stuff:
tdelaylist (1+0j)
ESFGt (-3.8829755845262317e-17-4.053987851109484e-17j)
ESFGw (2.5379221293975185e-13-5.6049132349245134e-14j)
intensity 6.755199258595953e-26
data entry 53600 [4.32546232e-25 1.43849878e-26 5.62095109e-25 ... 6.67208822e-25
 8.71189621e-27 2.80529170e-25]
finishing 53600
disp entry 54400 (-0.4776528579208011+0.08027612377519103j)
starting: 54400
some stuff:
tdelaylist (1+0j)
ESFGt (3.450999788562207e-17-4.205503392973662e-18j)
ESFGw (6.059278512965394e-13+2.6277374373662177e-14j)
intensity 3.678390613808148e-25
data entry 54400 [5.52001961e-25 5.40257239e-27 6.18743830e-25 ... 6.96919306e-25
 1.26506605e-25 3.13364484e-25]
finishing 54400
disp entry 55200 (-0.378670389523831-0.18455544418802738j)
starting: 55200
some stuff:
tdelaylist (1+0j)
ESFGt (-7.601174501374532e-18+1.2604534383796228e-17j)
ESFGw (3.7648486758690147e-13-8.664835342286903e-15j)
intensity 1.4181593489343568e-25
data entry 55200 [3.75561881e-25 4.72698835e-27 6.20341343e-25 ... 6.64344304e-25
 3.34607503e-27 2.84820332e-25]
finishing 55200
disp entry 56000 (-0.10904294473902171-0.09950058272420632j)
starting: 56000
some stuff:
tdelaylist (1+0j)
ESFGt (-1.7764369744802052e-17-5.087682571145301e-17j)
ESFGw (6.257817614790939e-13-5.341061794228441e-14j)
intensity 3.944555071088542e-25
data entry 56000 [4.62087541e-25 3.22410654e-26 2.43279683e-25 ... 2.78400799e-25
 2.54194079e-25 2.49002572e-25]
finishing 56000
disp entry 56800 (-0.17993931810585606+0.17419083599995314j)
starting: 56800
some stuff:
tdelaylist (1+0j)
ESFGt (-5.346770900374343e-17-2.1239537774260372e-17j)
ESFGw (8.597916215796753e-13+2.634918108354589e-13j)
intensity 8.086695669159568e-25
data entry 56800 [7.92816193e-25 6.03393059e-26 3.46771616e-25 ... 4.84299545e-25
 4.00916284e-25 1.66848488e-25]
finishing 56800
disp entry 57600 (-0.45695177624218736+0.11764539872088291j)
starting: 57600
some stuff:
tdelaylist (1+0j)
ESFGt (1.4905121135607905e-19-1.1155239887695098e-19j)
ESFGw (5.81160553708715e-13-1.8356626982352076e-13j)
intensity 3.7144416460394175e-25
data entry 57600 [9.42568410e-25 1.01544855e-25 1.14338173e-24 ... 1.21348775e-24
 3.42491387e-25 5.50270720e-25]
finishing 57600
disp entry 58400 (-0.4149107674691098-0.16193614934900882j)
starting: 58400
some stuff:
tdelaylist (1+0j)
ESFGt (-2.6824804210275836e-17+8.53900373925247e-17j)
ESFGw (5.078940740199656e-13-1.038569187247762e-13j)
intensity 2.68742649991603e-25
data entry 58400 [8.17825311e-25 1.77012855e-25 8.86526171e-25 ... 8.75270018e-25
 5.40230639e-25 6.35647900e-25]
finishing 58400
disp entry 59200 (-0.13351905273111578-0.1345136892729075j)
starting: 59200
some stuff:
tdelaylist (1+0j)
ESFGt (4.204892482942759e-17+7.993221067941598e-17j)
ESFGw (1.2831511027322495e-13+3.177639358240003e-13j)
intensity 1.1743868643478927e-25
data entry 59200 [6.43245589e-25 3.37574389e-26 9.31808936e-25 ... 1.34888067e-24
 2.11947932e-26 3.98837308e-25]
finishing 59200
disp entry 60000 (-0.1462485259254141+0.14792435517579497j)
starting: 60000
some stuff:
tdelaylist (1+0j)
ESFGt (-8.216596105762722e-18-2.682704209897415e-18j)
ESFGw (6.374540652276384e-13-2.0825008384406374e-13j)
intensity 4.497157826963018e-25
data entry 60000 [4.93423968e-26 7.72066052e-26 2.96641583e-25 ... 4.07897201e-25
 1.79699273e-25 4.31336749e-25]
finishing 60000
disp entry 60800 (-0.4289662228686123+0.14992242297972885j)
starting: 60800
some stuff:
tdelaylist (1+0j)
ESFGt (-1.0392926804420327e-18+4.2452293731002926e-19j)
ESFGw (4.408350854495646e-13-1.0419052773324999e-13j)
intensity 2.051912386326581e-25
data entry 60800 [7.72364828e-25 2.88588777e-25 9.40324136e-25 ... 8.53464139e-25
 4.05212743e-25 3.13549716e-25]
finishing 60800
disp entry 61600 (-0.44568640792176867-0.1323074901258889j)
starting: 61600
some stuff:
tdelaylist (1+0j)
ESFGt (-3.109962047150707e-17+6.884724330448936e-17j)
ESFGw (4.3053971846007677e-13+4.322106908483114e-14j)
intensity 1.872325099845179e-25
data entry 61600 [1.19399638e-25 1.13197177e-25 1.79763886e-25 ... 3.20640880e-25
 1.50308134e-25 6.87066812e-25]
finishing 61600
disp entry 62400 (-0.1647103908980596-0.16370440553658375j)
starting: 62400
some stuff:
tdelaylist (1+0j)
ESFGt (-5.599495694549903e-18-1.9982946009816463e-17j)
ESFGw (6.426304800799532e-13+2.5021868257923963e-13j)
intensity 4.755833230394813e-25
data entry 62400 [3.55201132e-25 6.71393154e-27 8.83156291e-25 ... 1.33188876e-24
 5.32167224e-27 7.82497565e-25]
finishing 62400
disp entry 63200 (-0.11872197196160783+0.1152550068580099j)
starting: 63200
some stuff:
tdelaylist (1+0j)
ESFGt (-4.9755333233780094e-17-3.540935169686424e-17j)
ESFGw (-5.780011885780922e-14+7.761022727259537e-14j)
intensity 9.364201117280778e-27
data entry 63200 [5.95527413e-26 6.19664560e-26 3.86792789e-25 ... 2.58699060e-25
 1.21453374e-25 6.82481758e-26]
finishing 63200
disp entry 64000 (-0.3949075452470487+0.17571009389630268j)
starting: 64000
some stuff:
tdelaylist (1+0j)
ESFGt (-5.969256330809777e-17+2.1827244843605444e-18j)
ESFGw (2.459367345192254e-13+3.463841626721864e-13j)
intensity 1.8046686553609169e-25
data entry 64000 [1.68565195e-25 3.01054635e-25 1.67676553e-25 ... 6.93711437e-25
 1.92434979e-25 8.70891882e-25]
finishing 64000
Top-level running in PID 71264 (name=__main__)
Running interfere() with b=72173.91304347826, sigma_s=11.5
MID-level running in PID 71264 (name=__main__)
E1_shared element:  0j
E1 element:  (-5.898149667352565e-10+7.718868420686987e-10j)
this thing psm_ae357f78
ill try to just make an array with this now
testfreq element:  0.0
did it
disp entry 0 (-0.08332452033614668+0j)
starting: 0
some stuff:
tdelaylist (1+0j)
ESFGt (1.3249162959265236e-29-1.3306933933641253e-28j)
ESFGw (2.061955207272037e-13-1.9255864264211553e-14j)
intensity 4.288738107652444e-26
data entry 0 [5.23912912e-26 1.09373069e-26 2.33153363e-26 ... 4.12739830e-26
 3.11889283e-26 5.43191269e-27]
finishing 0
disp entry 800 (-0.27796535717647075+0.2050566582042932j)
starting: 800
some stuff:
tdelaylist (1+0j)
ESFGt (7.223909270183058e-28-3.8162899628052774e-28j)
ESFGw (1.031735027273717e-12-1.0482630388719549e-13j)
intensity 1.075465720490148e-24
data entry 800 [1.00020296e-24 2.68011043e-25 3.59715400e-25 ... 7.67809008e-25
 7.01229309e-25 6.10317125e-26]
finishing 800
disp entry 1600 (-0.4928812110671021+0.021359994690023542j)
starting: 1600
some stuff:
tdelaylist (1+0j)
ESFGt (2.0994143882923646e-27-4.8098723690266205e-28j)
ESFGw (1.1028790727896087e-12-4.4371190749403766e-14j)
intensity 1.2183110517657869e-24
data entry 1600 [8.15522292e-25 2.22392276e-25 2.71204330e-25 ... 6.70873815e-25
 5.76501023e-25 4.95993713e-26]
finishing 1600
disp entry 2400 (-0.32062736491562593-0.20283166645248532j)
starting: 2400
some stuff:
tdelaylist (1+0j)
ESFGt (-3.208595655071591e-30+6.619262380184775e-28j)
ESFGw (7.868597266813548e-13-5.108545964721545e-13j)
intensity 8.801206482097844e-25
data entry 2400 [1.37852546e-24 1.68884067e-25 1.10572503e-24 ... 1.45817484e-24
 5.72858076e-25 6.06001779e-25]
finishing 2400
disp entry 3200 (-0.08776846410639105-0.04248822020746742j)
starting: 3200
some stuff:
tdelaylist (1+0j)
ESFGt (-1.0406183193332286e-27+5.397787945053166e-28j)
ESFGw (1.2696007439805257e-12+3.612973635547245e-14j)
intensity 1.61319140696502e-24
data entry 3200 [1.01562463e-24 1.34741881e-25 6.35457419e-25 ... 1.14801574e-24
 3.63185105e-25 3.71160643e-25]
finishing 3200
disp entry 4000 (-0.23576625864575806+0.19840582548751706j)
starting: 4000
some stuff:
tdelaylist (1+0j)
ESFGt (-8.658439775354418e-28-2.276549132209332e-28j)
ESFGw (1.3119609565404033e-12-5.3532265426037284e-14j)
intensity 1.724107254928054e-24
data entry 4000 [2.34412712e-24 5.80744663e-25 1.01086007e-24 ... 1.47035926e-24
 1.61335911e-24 1.12761266e-25]
finishing 4000
disp entry 4800 (-0.4840415430690601+0.06315542221883048j)
starting: 4800
some stuff:
tdelaylist (1+0j)
ESFGt (3.7334871127635457e-28-1.128728818526289e-28j)
ESFGw (1.3988458828773087e-12-1.8053137110229933e-13j)
intensity 1.9893613799948734e-24
data entry 4800 [1.74157481e-24 2.45159678e-25 1.12271943e-24 ... 1.21701653e-24
 8.58274515e-25 2.78521650e-25]
finishing 4800
disp entry 5600 (-0.3619056678810876-0.1918271584251852j)
starting: 5600
some stuff:
tdelaylist (1+0j)
ESFGt (1.0767792291427543e-27-2.388669767836815e-27j)
ESFGw (1.1381980427604965e-12-3.124070013099667e-13j)
intensity 1.39309291901131e-24
data entry 5600 [8.64502735e-25 5.10493867e-26 5.62176697e-25 ... 1.23584645e-24
 2.39967201e-25 4.19539798e-25]
finishing 5600
disp entry 6400 (-0.10090794045923898-0.08313734878120543j)
starting: 6400
some stuff:
tdelaylist (1+0j)
ESFGt (-4.120497670235651e-28-5.685756200906892e-28j)
ESFGw (7.145495133087376e-13-3.2626787556389036e-13j)
intensity 6.17031733594728e-25
data entry 6400 [1.45153747e-24 3.26102140e-25 5.10082556e-25 ... 1.12802437e-24
 1.17546039e-24 1.12658131e-25]
finishing 6400
disp entry 7200 (-0.19585664640014067+0.18316704787788468j)
starting: 7200
some stuff:
tdelaylist (1+0j)
ESFGt (-1.0942568361249045e-27-8.953882970221339e-28j)
ESFGw (9.903185042847706e-13-2.1602880075077824e-13j)
intensity 1.0273991826826447e-24
data entry 7200 [1.41151895e-24 2.65591636e-25 4.84689979e-25 ... 1.22183789e-24
 1.11778043e-24 1.21659128e-25]
finishing 7200
disp entry 8000 (-0.46674482981831067+0.10221718361476176j)
starting: 8000
some stuff:
tdelaylist (1+0j)
ESFGt (-1.209780375777294e-27-3.3035691674884384e-28j)
ESFGw (7.956504378958673e-13-4.1962700675357567e-13j)
intensity 8.091464441208507e-25
data entry 8000 [8.04116178e-25 5.37913435e-25 3.62119574e-25 ... 3.20133330e-25
 5.61991935e-25 3.42074292e-26]
finishing 8000
disp entry 8800 (-0.4000135453943324-0.17251946140905j)
starting: 8800
some stuff:
tdelaylist (1+0j)
ESFGt (2.3989899591055443e-27-2.4716958231203795e-27j)
ESFGw (1.0967537641959346e-12-1.1026813143133474e-13j)
intensity 1.2150278800873097e-24
data entry 8800 [1.30032629e-24 4.23151330e-25 5.61253824e-25 ... 7.52200011e-25
 1.05145256e-24 2.06313575e-25]
finishing 8800
disp entry 9600 (-0.12217421055568767-0.12018789869367334j)
starting: 9600
some stuff:
tdelaylist (1+0j)
ESFGt (1.4858006993276548e-27-2.86085787545431e-27j)
ESFGw (1.3483224953203532e-12-1.1119577481011333e-13j)
intensity 1.8303380517225253e-24
data entry 9600 [8.10124709e-25 1.68387499e-25 5.40609949e-25 ... 7.61652846e-25
 2.50119220e-25 1.39644654e-25]
finishing 9600
disp entry 10400 (-0.1599639976939711+0.15999993192688947j)
starting: 10400
some stuff:
tdelaylist (1+0j)
ESFGt (5.509610028296289e-28-1.2293950932144476e-27j)
ESFGw (1.0198135738659353e-12-6.542726430081025e-14j)
intensity 1.0443004523550997e-24
data entry 10400 [1.43510682e-24 1.35900488e-25 9.68768974e-25 ... 1.07300611e-24
 6.95022657e-25 3.83411996e-25]
finishing 10400
disp entry 11200 (-0.44173975507885027+0.13685450062843046j)
starting: 11200
some stuff:
tdelaylist (1+0j)
ESFGt (3.130331824103859e-27-4.499439184163582e-27j)
ESFGw (1.0010100387480847e-12-6.853588876976069e-14j)
intensity 1.006718265723903e-24
data entry 11200 [1.60314270e-24 2.00877377e-25 1.06486078e-24 ... 9.09629455e-25
 7.44519368e-25 2.11199871e-25]
finishing 11200
disp entry 12000 (-0.43330150782337373-0.14574430408077105j)
starting: 12000
some stuff:
tdelaylist (1+0j)
ESFGt (-6.1207186705737045e-28-2.0625343073714635e-27j)
ESFGw (9.368582298829864e-13-3.913000565930469e-13j)
intensity 1.0308190771892045e-24
data entry 12000 [1.65576079e-24 6.71616389e-25 6.72971165e-25 ... 5.70475374e-25
 1.20822231e-24 1.42351051e-26]
finishing 12000
disp entry 12800 (-0.15064676938931237-0.1520361464648941j)
starting: 12800
some stuff:
tdelaylist (1+0j)
ESFGt (-4.915435628313417e-28+3.9043116837396423e-28j)
ESFGw (1.1176836366144638e-12-4.1000254406842185e-13j)
intensity 1.4173187976983113e-24
data entry 12800 [8.59908571e-25 6.38598201e-25 3.63942509e-25 ... 5.08736170e-25
 5.46723831e-25 3.49026583e-28]
finishing 12800
disp entry 13600 (-0.12964191655268456+0.12990726026263566j)
starting: 13600
some stuff:
tdelaylist (1+0j)
ESFGt (4.897186238354746e-27+4.829673477914421e-28j)
ESFGw (8.73532583073322e-13-1.7940618608769388e-13j)
intensity 7.952457532972827e-25
data entry 13600 [1.34252451e-24 3.38074193e-25 4.41955734e-25 ... 6.73882219e-25
 1.12663366e-24 1.25451690e-25]
finishing 13600
disp entry 14400 (-0.41010865705005745+0.16556810594236218j)
starting: 14400
some stuff:
tdelaylist (1+0j)
ESFGt (-4.286499846813682e-28+8.79617340047314e-28j)
ESFGw (9.956532126542683e-13-1.2985597840076135e-13j)
intensity 1.0081878949951846e-24
data entry 14400 [1.03238273e-24 5.24795629e-25 4.92324021e-25 ... 3.78491796e-25
 6.65651320e-25 7.25309128e-26]
finishing 14400
disp entry 15200 (-0.4603286943152921-0.11266064220723578j)
starting: 15200
some stuff:
tdelaylist (1+0j)
ESFGt (-4.205231995263722e-28+7.067867382498831e-29j)
ESFGw (8.250947668153596e-13-6.247389758295974e-15j)
intensity 6.808204041048846e-25
data entry 15200 [1.65047185e-24 2.47017213e-25 1.13142431e-24 ... 8.67660187e-25
 6.66485613e-25 1.28324536e-25]
finishing 15200
disp entry 16000 (-0.18509318960763632-0.17730354891892558j)
starting: 16000
some stuff:
tdelaylist (1+0j)
ESFGt (-1.025374091831998e-27-3.825614427915564e-27j)
ESFGw (1.0434634926947961e-12-1.7561429740964307e-13j)
intensity 1.119656442041505e-24
data entry 16000 [9.21664196e-25 3.20014720e-25 7.20724073e-25 ... 7.19467262e-25
 2.99529373e-25 6.23387187e-26]
finishing 16000
disp entry 16800 (-0.10620288642397324+0.09419158640287606j)
starting: 16800
some stuff:
tdelaylist (1+0j)
ESFGt (-6.785419124160688e-28-3.0955689166190043e-27j)
ESFGw (7.434300570985375e-13-2.7380615136296527e-13j)
intensity 6.276580583217337e-25
data entry 16800 [1.15487669e-24 3.31887468e-25 4.02370646e-25 ... 1.60431567e-24
 7.82976035e-25 2.83573769e-25]
finishing 16800
disp entry 17600 (-0.37322067963738087+0.18711513856946j)
starting: 17600
some stuff:
tdelaylist (1+0j)
ESFGt (-1.4086991299181069e-27+3.249743092168304e-27j)
ESFGw (9.245295501392192e-13-1.3079988481212723e-13j)
intensity 8.71863498947493e-25
data entry 17600 [1.60331610e-24 5.61620306e-25 6.33281084e-25 ... 6.89892892e-25
 1.05597479e-24 6.01895636e-27]
finishing 17600
disp entry 18400 (-0.47992524008597015-0.074700493544606j)
starting: 18400
some stuff:
tdelaylist (1+0j)
ESFGt (1.422803382358302e-27-2.2794767015777192e-27j)
ESFGw (7.587454969870677e-13-2.2101873282942552e-13j)
intensity 6.245440094596773e-25
data entry 18400 [1.49240589e-24 7.03811800e-25 6.65095037e-25 ... 7.90943848e-25
 8.69280678e-25 4.27258486e-27]
finishing 18400
disp entry 19200 (-0.22402246681164956-0.19489641306904357j)
starting: 19200
some stuff:
tdelaylist (1+0j)
ESFGt (-2.184119508363123e-27+6.938193163410504e-28j)
ESFGw (1.089992679448315e-12-2.041251282586254e-13j)
intensity 1.2297511092375175e-24
data entry 19200 [1.51532665e-24 3.07012914e-25 3.93939928e-25 ... 1.02995382e-24
 1.29140605e-24 1.10507074e-25]
finishing 19200
disp entry 20000 (-0.09066145967086797+0.05439885406254672j)
starting: 20000
some stuff:
tdelaylist (1+0j)
ESFGt (-3.013420830354826e-27-4.929216591319031e-28j)
ESFGw (1.174954231131231e-12-2.3432904922016107e-13j)
intensity 1.4354275485616076e-24
data entry 20000 [1.58640466e-24 4.16414977e-25 5.93523421e-25 ... 6.85819667e-25
 1.02058351e-24 2.46208891e-26]
finishing 20000
disp entry 20800 (-0.33267250941214777+0.2005629407697033j)
starting: 20800
some stuff:
tdelaylist (1+0j)
ESFGt (6.12825990153204e-28-1.8823759615402685e-27j)
ESFGw (1.2565426130151103e-12+1.0446808348940628e-13j)
intensity 1.5898129187907904e-24
data entry 20800 [1.03414222e-24 4.40348660e-25 6.37803160e-25 ... 4.87668000e-25
 3.94701108e-25 6.47246676e-26]
finishing 20800
disp entry 21600 (-0.49124291371500883-0.03350695331973686j)
starting: 21600
some stuff:
tdelaylist (1+0j)
ESFGt (-4.296885286999659e-27+2.1769829617886595e-27j)
ESFGw (7.536102818173074e-13-3.7512527806260465e-14j)
intensity 5.693356466031769e-25
data entry 21600 [2.07642706e-24 2.59900832e-25 1.06814473e-24 ... 9.93305795e-25
 9.89942143e-25 8.53628045e-26]
finishing 21600
disp entry 22400 (-0.26574955729597927-0.20405323633608952j)
starting: 22400
some stuff:
tdelaylist (1+0j)
ESFGt (-3.196227207396552e-27-3.531862314650099e-27j)
ESFGw (7.665469821394044e-13-8.092962064387699e-14j)
intensity 5.941438793245901e-25
data entry 22400 [1.73323703e-24 9.14530206e-26 8.31910691e-25 ... 9.51599428e-25
 8.31461087e-25 2.28923741e-25]
finishing 22400
disp entry 23200 (-0.08369034293483901+0.012251481379495556j)
starting: 23200
some stuff:
tdelaylist (1+0j)
ESFGt (-4.7981686537620405e-27-4.535733580219871e-29j)
ESFGw (1.1430726157279913e-12-2.803471430695703e-13j)
intensity 1.3852095254545023e-24
data entry 23200 [1.72631332e-24 2.34627227e-25 6.99237830e-25 ... 9.22586262e-25
 9.67630530e-25 9.70358319e-26]
finishing 23200
disp entry 24000 (-0.29021926344586946+0.20532942789944855j)
starting: 24000
some stuff:
tdelaylist (1+0j)
ESFGt (1.3223519193839015e-26-3.8757007023241344e-27j)
ESFGw (9.69126688621369e-13+9.089235440684629e-14j)
intensity 9.474679586878394e-25
data entry 24000 [1.79206045e-24 7.95335447e-26 9.18174760e-25 ... 8.39467696e-25
 6.81624417e-25 2.03591457e-25]
finishing 24000
disp entry 24800 (-0.4937918326235938+0.009136926722173132j)
starting: 24800
some stuff:
tdelaylist (1+0j)
ESFGt (-2.731179126372808e-26+2.1086344639618423e-27j)
ESFGw (1.0394428373583509e-12-1.472116699374748e-13j)
intensity 1.102112687901359e-24
data entry 24800 [1.27827643e-24 6.01559721e-25 7.65226110e-25 ... 1.35915274e-24
 6.49889672e-25 7.98914349e-26]
finishing 24800
disp entry 25600 (-0.3084683147303033-0.2043776679908563j)
starting: 25600
some stuff:
tdelaylist (1+0j)
ESFGt (-2.6941730403591717e-27-6.239422655642037e-27j)
ESFGw (8.822179098366689e-13-3.121587190124675e-13j)
intensity 8.757515062920855e-25
data entry 25600 [1.39913480e-24 2.00415176e-25 3.90596330e-25 ... 1.02333510e-24
 1.17714057e-24 2.81111186e-25]
finishing 25600
disp entry 26400 (-0.08559127920263429-0.030426193509574158j)
starting: 26400
some stuff:
tdelaylist (1+0j)
ESFGt (3.5145719466970425e-27-2.412590785659908e-27j)
ESFGw (1.0911770619015382e-12+1.2199312740546198e-13j)
intensity 1.2055497035542387e-24
data entry 26400 [5.69921214e-25 2.26072473e-25 5.09378732e-25 ... 1.02703573e-24
 6.02366972e-25 2.49214959e-25]
finishing 26400
disp entry 27200 (-0.24769851952128205+0.20120828379483222j)
starting: 27200
some stuff:
tdelaylist (1+0j)
ESFGt (6.4836738480563385e-28+3.1121944871685193e-27j)
ESFGw (7.010112976213456e-13+5.995377805323443e-14j)
intensity 4.950112948956192e-25
data entry 27200 [1.22498191e-24 1.29441770e-25 4.98324463e-25 ... 9.62852631e-25
 8.15283873e-25 2.78094269e-25]
finishing 27200
disp entry 28000 (-0.48746166751534703+0.051385317251679545j)
starting: 28000
some stuff:
tdelaylist (1+0j)
ESFGt (-7.665434030626809e-27+9.096003102794169e-27j)
ESFGw (9.154053383364502e-13-7.889739209177016e-14j)
intensity 8.441917319337534e-25
data entry 28000 [1.61278166e-24 2.99086019e-25 1.05956536e-24 ... 1.43819988e-24
 4.62260648e-25 9.05294655e-26]
finishing 28000
disp entry 28800 (-0.3503296687365974-0.19585566509299235j)
starting: 28800
some stuff:
tdelaylist (1+0j)
ESFGt (-7.159608293326729e-27-7.549139312354808e-27j)
ESFGw (9.075192854146596e-13+2.1003880058823032e-13j)
intensity 8.677075511520769e-25
data entry 28800 [1.33573311e-24 1.97472180e-25 6.95292281e-25 ... 9.96753207e-25
 4.51886359e-25 9.28583363e-26]
finishing 28800
disp entry 29600 (-0.09628198693905932-0.07178687847399047j)
starting: 29600
some stuff:
tdelaylist (1+0j)
ESFGt (4.5412229716920765e-17-6.376126580984561e-17j)
ESFGw (1.2079894376459954e-12+1.1983036091178789e-14j)
intensity 1.459382074618251e-24
data entry 29600 [9.98125597e-25 2.93311183e-25 2.13651032e-25 ... 5.37346262e-25
 9.43299349e-25 9.09304321e-26]
finishing 29600
disp entry 30400 (-0.20695077705280712+0.18837789111361647j)
starting: 30400
some stuff:
tdelaylist (1+0j)
ESFGt (7.698353243083872e-17+1.9049516988032246e-17j)
ESFGw (1.0179938489396356e-12-1.8426427918216692e-13j)
intensity 1.0702648010614574e-24
data entry 30400 [1.25322946e-24 2.06864579e-25 4.78932315e-25 ... 9.05301086e-25
 1.08213865e-24 3.48633063e-25]
finishing 30400
disp entry 31200 (-0.472526417951415+0.0914095076006959j)
starting: 31200
some stuff:
tdelaylist (1+0j)
ESFGt (-7.797297441809516e-17-3.715922324621453e-17j)
ESFGw (1.1585589258789053e-12-4.816893411918599e-14j)
intensity 1.3445790309478613e-24
data entry 31200 [1.08502599e-24 2.86090502e-25 5.35115470e-25 ... 9.25166202e-25
 5.32615802e-25 7.02989989e-26]
finishing 31200
disp entry 32000 (-0.38952166142267697-0.17885610033604898j)
starting: 32000
some stuff:
tdelaylist (1+0j)
ESFGt (-4.522349366580736e-17-1.0144567116502099e-16j)
ESFGw (9.734778087799878e-13-3.5413685872676126e-13j)
intensity 1.0730719588959445e-24
data entry 32000 [1.11238196e-24 4.82329308e-25 8.68675964e-25 ... 1.39015316e-24
 7.46521163e-25 1.88236178e-25]
finishing 32000
disp entry 32800 (-0.11529972162196883-0.11004028695169102j)
starting: 32800
some stuff:
tdelaylist (1+0j)
ESFGt (-1.367342477113056e-17-7.508387994684958e-17j)
ESFGw (1.1144266932883173e-12+1.5992589197377782e-13j)
intensity 1.2675231456371416e-24
data entry 32800 [1.12868192e-24 3.51276506e-25 6.03628028e-25 ... 1.07858521e-24
 3.74086821e-25 3.05370604e-26]
finishing 32800
disp entry 33600 (-0.16973979154494+0.16739361008793785j)
starting: 33600
some stuff:
tdelaylist (1+0j)
ESFGt (-4.8181799477223034e-17+3.748146127945729e-18j)
ESFGw (1.0800796021448456e-12-5.614367477868587e-14j)
intensity 1.1697240591870229e-24
data entry 33600 [1.37366989e-24 3.26259426e-25 6.60137516e-25 ... 1.09103271e-24
 1.01064710e-24 2.20501056e-25]
finishing 33600
disp entry 34400 (-0.4496325523502561+0.12747706103127154j)
starting: 34400
some stuff:
tdelaylist (1+0j)
ESFGt (-7.418891874637945e-17+6.001904337024411e-17j)
ESFGw (1.1050570181136976e-12+2.7702449709177124e-14j)
intensity 1.2219184390022267e-24
data entry 34400 [1.03288604e-24 1.12132163e-25 1.97915421e-25 ... 4.23990275e-25
 6.72726654e-25 2.24468692e-25]
finishing 34400
disp entry 35200 (-0.4243478775114139-0.15411479548824286j)
starting: 35200
some stuff:
tdelaylist (1+0j)
ESFGt (6.470611956380629e-17-5.3527157793681376e-17j)
ESFGw (9.634081726828114e-13-1.264268637696242e-13j)
intensity 9.441390590746571e-25
data entry 35200 [1.24085992e-24 3.36894444e-25 5.95949264e-25 ... 8.57612076e-25
 1.13842693e-24 2.64955646e-25]
finishing 35200
disp entry 36000 (-0.14182130551934682-0.1435306300404952j)
starting: 36000
some stuff:
tdelaylist (1+0j)
ESFGt (5.813020740568762e-17-1.69085895515809e-17j)
ESFGw (1.0095422761646766e-12-1.1722133680391877e-13j)
intensity 1.032916449165854e-24
data entry 36000 [1.19939878e-24 2.90484884e-25 1.06637713e-24 ... 1.39720277e-24
 6.79853756e-25 3.24651706e-25]
finishing 36000
disp entry 36800 (-0.13767623089095254+0.13916373990015324j)
starting: 36800
some stuff:
tdelaylist (1+0j)
ESFGt (-4.845043859798344e-17-2.2685801125017056e-17j)
ESFGw (9.924326985211174e-13-9.569211742443962e-14j)
intensity 9.9407964243108e-25
data entry 36800 [1.09248985e-24 1.55461315e-25 5.74008947e-25 ... 7.00716641e-25
 8.42637323e-25 3.41395022e-25]
finishing 36800
disp entry 37600 (-0.4197710257691817+0.15802680281216688j)
starting: 37600
some stuff:
tdelaylist (1+0j)
ESFGt (-1.275696575662752e-17-7.459070734761934e-17j)
ESFGw (9.969672656873207e-13+2.3016961600563768e-14j)
intensity 9.944735093733748e-25
data entry 37600 [1.21974974e-24 1.02195835e-25 5.71392872e-25 ... 9.73728410e-25
 5.28603681e-25 2.06967001e-25]
finishing 37600
disp entry 38400 (-0.45330087323767376-0.12270267153734568j)
starting: 38400
some stuff:
tdelaylist (1+0j)
ESFGt (-7.152859794147369e-17+4.7645263633309024e-17j)
ESFGw (9.122676572492772e-13-1.2895847584237785e-13j)
intensity 8.488625669546738e-25
data entry 38400 [1.18084818e-24 7.52982988e-26 5.77216592e-25 ... 8.04478436e-25
 6.29168003e-25 3.39937761e-25]
finishing 38400
disp entry 39200 (-0.17469875872474322-0.17080828689291422j)
starting: 39200
some stuff:
tdelaylist (1+0j)
ESFGt (2.1876624667926927e-18+1.860345714257068e-18j)
ESFGw (1.0744222352088162e-12-9.514524584863793e-14j)
intensity 1.1634357573187065e-24
data entry 39200 [1.21795609e-24 5.51608549e-25 6.36387808e-25 ... 8.64490766e-25
 1.24514873e-24 1.47732647e-25]
finishing 39200
disp entry 40000 (-0.11214795802928271+0.10491020318740657j)
starting: 40000
some stuff:
tdelaylist (1+0j)
ESFGt (-1.7933801111160116e-17+2.7097267756800517e-17j)
ESFGw (7.089181672248479e-13-2.0096532944713363e-13j)
intensity 5.429520314612323e-25
data entry 40000 [1.06758214e-24 6.43868618e-26 4.03027619e-25 ... 7.61308077e-25
 4.14548567e-25 2.33618779e-25]
finishing 40000
disp entry 40800 (-0.3842343866707455+0.1817363952637222j)
starting: 40800
some stuff:
tdelaylist (1+0j)
ESFGt (7.818882307659278e-17+4.844947085807221e-17j)
ESFGw (9.71972502483709e-13-6.050064962903612e-14j)
intensity 9.483908741899791e-25
data entry 40800 [1.12691140e-24 2.62305570e-25 4.66961677e-25 ... 9.06761068e-25
 6.54044041e-25 8.50275933e-26]
finishing 40800
disp entry 41600 (-0.47512742566221566-0.0859793941524216j)
starting: 41600
some stuff:
tdelaylist (1+0j)
ESFGt (-5.5341792756691167e-17+7.806895644992793e-17j)
ESFGw (9.42045920437895e-13-8.863829809024892e-14j)
intensity 8.953072641020165e-25
data entry 41600 [1.01336223e-24 3.55497399e-25 5.78782725e-25 ... 8.38075769e-25
 7.98429128e-25 1.20337459e-25]
finishing 41600
disp entry 42400 (-0.21250898917091932-0.19069255117999337j)
starting: 42400
some stuff:
tdelaylist (1+0j)
ESFGt (4.6240269583458455e-17+4.364438640949918e-17j)
ESFGw (7.042656388622781e-13-3.686460858798313e-14j)
intensity 4.973490894484379e-25
data entry 42400 [6.13052445e-25 4.00992113e-25 5.51943767e-25 ... 3.82042040e-25
 8.97629095e-25 2.27852489e-25]
finishing 42400
disp entry 43200 (-0.09425995765484863+0.0661156554360073j)
starting: 43200
some stuff:
tdelaylist (1+0j)
ESFGt (2.3406617654511036e-17-1.623281538609519e-17j)
ESFGw (1.214297325885516e-12-1.6257069475333896e-13j)
intensity 1.5009472264452982e-24
data entry 43200 [1.43744398e-24 2.60318135e-25 9.24281514e-25 ... 1.28222197e-24
 8.08116743e-25 2.80557281e-25]
finishing 43200
disp entry 44000 (-0.3445608292964949+0.1975795748026719j)
starting: 44000
some stuff:
tdelaylist (1+0j)
ESFGt (2.128831047347107e-17+6.082809938630712e-17j)
ESFGw (8.229823073024889e-13+2.5006038906205674e-15j)
intensity 6.773061311527461e-25
data entry 44000 [1.21742925e-24 2.19331197e-25 3.36878778e-25 ... 9.39782314e-25
 5.83347941e-25 4.89425556e-26]
finishing 44000
disp entry 44800 (-0.4888827781028081-0.045534520906651124j)
starting: 44800
some stuff:
tdelaylist (1+0j)
ESFGt (-3.6595607545153734e-17+5.307250818374274e-19j)
ESFGw (1.0890433520260867e-12+1.1776647365624449e-13j)
intensity 1.199884364909642e-24
data entry 44800 [1.09624392e-24 3.05261364e-25 4.32532586e-25 ... 7.53729620e-25
 7.78252968e-25 1.28851478e-25]
finishing 44800
disp entry 45600 (-0.25361539080227835-0.20232273765968942j)
starting: 45600
some stuff:
tdelaylist (1+0j)
ESFGt (8.603939805045073e-18-2.331606242700447e-17j)
ESFGw (8.956594146902752e-13-2.5710488425756406e-13j)
intensity 8.68308708632422e-25
data entry 45600 [1.05501188e-24 2.36953328e-25 8.94670352e-25 ... 9.17833184e-25
 7.61504217e-25 3.32759745e-25]
finishing 45600
disp entry 46400 (-0.08478650724202158+0.024459308621781518j)
starting: 46400
some stuff:
tdelaylist (1+0j)
ESFGt (1.892330247735366e-17+1.8218233538486926e-17j)
ESFGw (9.229162573065608e-13-1.1322887072395815e-13j)
intensity 8.645951951661726e-25
data entry 46400 [9.69454895e-25 5.86105139e-25 6.05723783e-25 ... 6.61200998e-25
 1.15616900e-24 1.36375639e-25]
finishing 46400
disp entry 47200 (-0.3024676133266657+0.20487057349617535j)
starting: 47200
some stuff:
tdelaylist (1+0j)
ESFGt (-8.346356315793015e-17+3.057441059162132e-17j)
ESFGw (9.405280373964153e-13-3.291538049066123e-13j)
intensity 9.929352164132528e-25
data entry 47200 [1.23135760e-24 1.84704271e-25 6.78631344e-25 ... 1.09228603e-24
 5.79527852e-25 2.12503275e-25]
finishing 47200
disp entry 48000 (-0.4939715336831175-0.0031186976884791016j)
starting: 48000
some stuff:
tdelaylist (1+0j)
ESFGt (-1.2688306537341977e-17+9.195927964709362e-17j)
ESFGw (1.0404919113804478e-12-2.6927375260110686e-13j)
intensity 1.1551317714880202e-24
data entry 48000 [1.55629905e-24 1.15120134e-25 3.86713624e-25 ... 1.30334084e-24
 4.48664894e-25 5.40664789e-26]
finishing 48000
disp entry 48800 (-0.2962386836451342-0.2051954367151953j)
starting: 48800
some stuff:
tdelaylist (1+0j)
ESFGt (5.924730588623191e-17+4.5872293565127384e-17j)
ESFGw (1.0900980638994806e-12+2.0065546446623728e-14j)
intensity 1.1887164150715977e-24
data entry 48800 [1.29461134e-24 4.59867824e-25 5.33115375e-25 ... 9.21419958e-25
 1.05066169e-24 7.99610446e-26]
finishing 48800
disp entry 49600 (-0.08413766264420536-0.01825575304643144j)
starting: 49600
some stuff:
tdelaylist (1+0j)
ESFGt (-1.3093051724775738e-18+4.634070024100867e-19j)
ESFGw (8.16019127269918e-13-9.907634608563587e-14j)
intensity 6.757033384240394e-25
data entry 49600 [1.04970066e-24 2.43560544e-25 6.67037973e-25 ... 9.41227797e-25
 6.27666941e-25 1.93106919e-25]
finishing 49600
disp entry 50400 (-0.25977673273862095+0.20329380234960573j)
starting: 50400
some stuff:
tdelaylist (1+0j)
ESFGt (-1.87896805056129e-17+8.2689182911214e-17j)
ESFGw (9.925090263540604e-13-5.044337343662608e-14j)
intensity 9.876187013179516e-25
data entry 50400 [9.52803172e-25 1.93621177e-25 5.16745052e-25 ... 7.43114021e-25
 6.04207251e-25 2.03859459e-25]
finishing 50400
disp entry 51200 (-0.49017342693266497+0.03943211755333818j)
starting: 51200
some stuff:
tdelaylist (1+0j)
ESFGt (-3.636883726004638e-17-4.000849853833867e-17j)
ESFGw (1.0192237678841032e-12-3.464394569829832e-14j)
intensity 1.040017291993415e-24
data entry 51200 [1.15775969e-24 3.14975901e-25 5.18705822e-25 ... 8.03755301e-25
 9.02842298e-25 1.39810174e-25]
finishing 51200
disp entry 52000 (-0.3385339294816315-0.19918630431012985j)
starting: 52000
some stuff:
tdelaylist (1+0j)
ESFGt (-8.345077473104501e-17+8.498775819830333e-18j)
ESFGw (1.1201564849294687e-12-1.6994608845188885e-13j)
intensity 1.2836322237096403e-24
data entry 52000 [1.47666240e-24 1.66063085e-25 4.58630511e-25 ... 1.16501164e-24
 5.77134612e-25 6.03395759e-26]
finishing 52000
disp entry 52800 (-0.09234150893217033-0.06018061916088426j)
starting: 52800
some stuff:
tdelaylist (1+0j)
ESFGt (4.2249596241444065e-17-6.74088477461725e-17j)
ESFGw (1.2827295649275872e-12+8.315635506572772e-14j)
intensity 1.6523101161271346e-24
data entry 52800 [1.79885875e-24 2.77191292e-25 4.62130099e-25 ... 1.25968315e-24
 8.59700557e-25 6.15343215e-26]
finishing 52800
disp entry 53600 (-0.21833605126830066+0.19291751149464198j)
starting: 53600
some stuff:
tdelaylist (1+0j)
ESFGt (3.007740323089444e-18+8.801460049234815e-18j)
ESFGw (1.1899561197514785e-12-1.178549445535193e-14j)
intensity 1.4161344648135524e-24
data entry 53600 [1.28991853e-24 4.98611048e-25 7.22872133e-25 ... 1.00344321e-24
 1.20865452e-24 1.82587823e-25]
finishing 53600
disp entry 54400 (-0.4776528579208011+0.08027612377519103j)
starting: 54400
some stuff:
tdelaylist (1+0j)
ESFGt (-6.799877244220339e-17-2.7301187701167503e-17j)
ESFGw (1.1005146446918523e-12-1.2744514645002258e-13j)
intensity 1.2273747485349015e-24
data entry 54400 [1.32839446e-24 3.35161670e-25 6.30105610e-25 ... 1.10403446e-24
 8.20674650e-25 1.19505881e-25]
finishing 54400
disp entry 55200 (-0.378670389523831-0.18455544418802738j)
starting: 55200
some stuff:
tdelaylist (1+0j)
ESFGt (-7.124565313502299e-17+3.5151404357076946e-17j)
ESFGw (9.838050513133467e-13-1.1647280362403478e-13j)
intensity 9.814382929736996e-25
data entry 55200 [9.49236041e-25 3.78884998e-25 5.18424638e-25 ... 7.30301154e-25
 8.92209291e-25 1.88286952e-25]
finishing 55200
disp entry 56000 (-0.10904294473902171-0.09950058272420632j)
starting: 56000
some stuff:
tdelaylist (1+0j)
ESFGt (2.876067416930754e-18-9.600347996099649e-18j)
ESFGw (8.375435761598382e-13+2.0307280163001096e-13j)
intensity 7.427178047284726e-25
data entry 56000 [1.58148637e-24 3.12008417e-25 7.37411786e-25 ... 1.23884945e-24
 8.08655289e-25 2.57438497e-25]
finishing 56000
disp entry 56800 (-0.17993931810585606+0.17419083599995314j)
starting: 56800
some stuff:
tdelaylist (1+0j)
ESFGt (3.700446960508355e-17+6.728471963616353e-17j)
ESFGw (1.0455330178016364e-12-8.011538481234037e-14j)
intensity 1.0995577661970262e-24
data entry 56800 [6.82499010e-25 1.47685510e-25 1.82470472e-25 ... 3.67314598e-25
 4.61386353e-25 4.30947803e-26]
finishing 56800
disp entry 57600 (-0.45695177624218736+0.11764539872088291j)
starting: 57600
some stuff:
tdelaylist (1+0j)
ESFGt (1.6097771641114423e-17+4.8082417697311365e-18j)
ESFGw (1.0244912557189068e-12-1.168980277160836e-13j)
intensity 1.0632474819284128e-24
data entry 57600 [9.78902895e-25 1.56987096e-25 6.97623420e-25 ... 1.03181625e-24
 6.11460592e-25 4.59431205e-25]
finishing 57600
disp entry 58400 (-0.4149107674691098-0.16193614934900882j)
starting: 58400
some stuff:
tdelaylist (1+0j)
ESFGt (4.580661355935901e-17-2.289062963043154e-17j)
ESFGw (1.2578618702185906e-12-3.1078546854079736e-13j)
intensity 1.6788040920059328e-24
data entry 58400 [2.18461931e-24 1.58332304e-25 7.14312641e-25 ... 1.41250572e-24
 1.24523520e-24 2.13403986e-25]
finishing 58400
disp entry 59200 (-0.13351905273111578-0.1345136892729075j)
starting: 59200
some stuff:
tdelaylist (1+0j)
ESFGt (3.154710053004309e-17-8.050253355951714e-17j)
ESFGw (5.495131259747321e-13+1.4636816064728109e-13j)
intensity 3.233883140697901e-25
data entry 59200 [1.35119779e-24 1.23652011e-25 6.01152733e-25 ... 9.13862025e-25
 3.79245719e-25 6.10963902e-26]
finishing 59200
disp entry 60000 (-0.1462485259254141+0.14792435517579497j)
starting: 60000
some stuff:
tdelaylist (1+0j)
ESFGt (2.2456302274609808e-17+6.321539700241825e-17j)
ESFGw (9.2985862065742e-13+1.338907283654489e-13j)
intensity 8.825637815531499e-25
data entry 60000 [1.54261569e-24 3.02380769e-25 5.65244761e-25 ... 8.15978402e-25
 1.01854814e-24 7.40479598e-26]
finishing 60000
disp entry 60800 (-0.4289662228686123+0.14992242297972885j)
starting: 60800
some stuff:
tdelaylist (1+0j)
ESFGt (-1.2992726855189233e-17-7.66929282732046e-18j)
ESFGw (1.0831548331868834e-12-5.175046589173116e-13j)
intensity 1.4410354646572284e-24
data entry 60800 [1.52957981e-24 9.49802151e-25 1.14668613e-24 ... 1.36083747e-24
 1.18549244e-24 3.94476249e-25]
finishing 60800
disp entry 61600 (-0.44568640792176867-0.1323074901258889j)
starting: 61600
some stuff:
tdelaylist (1+0j)
ESFGt (-2.1529328538022116e-17+2.9430346797698934e-18j)
ESFGw (1.05730268290527e-12+2.9520049599218723e-13j)
intensity 1.2050322961127154e-24
data entry 61600 [4.02281200e-25 2.86818156e-25 2.98956925e-25 ... 5.63876670e-25
 2.85373804e-25 1.61456045e-25]
finishing 61600
disp entry 62400 (-0.1647103908980596-0.16370440553658375j)
starting: 62400
some stuff:
tdelaylist (1+0j)
ESFGt (3.612889038651882e-17-3.649159984412643e-17j)
ESFGw (8.831642014928143e-13-2.745967515871417e-13j)
intensity 8.553823827806507e-25
data entry 62400 [1.78447752e-24 1.80712428e-25 4.88884594e-25 ... 1.05945824e-24
 1.23056938e-24 7.42552316e-26]
finishing 62400
disp entry 63200 (-0.11872197196160783+0.1152550068580099j)
starting: 63200
some stuff:
tdelaylist (1+0j)
ESFGt (-1.1880878606133416e-17+8.023110895976759e-17j)
ESFGw (5.967088802238951e-13+1.0983575160494752e-13j)
intensity 3.681253800686786e-25
data entry 63200 [4.47520540e-25 5.32226551e-25 1.97305736e-25 ... 5.54020533e-25
 1.46539824e-25 3.99196643e-26]
finishing 63200
disp entry 64000 (-0.3949075452470487+0.17571009389630268j)
starting: 64000
some stuff:
tdelaylist (1+0j)
ESFGt (-3.9089702620655575e-17-7.775763919197183e-17j)
ESFGw (1.0529472259379613e-12+2.2029600366124669e-13j)
intensity 1.1572281898395641e-24
data entry 64000 [2.51958872e-24 1.50400420e-25 1.28368311e-24 ... 1.97288670e-24
 1.44642077e-24 7.01290963e-25]
finishing 64000
Top-level running in PID 76478 (name=__main__)
Running interfere() with b=69166.66666666667, sigma_s=12.0
MID-level running in PID 76478 (name=__main__)
E1_shared element:  0j
E1 element:  (-4.87120123456478e-10+6.374907979771681e-10j)
this thing psm_4a9e4ff0
ill try to just make an array with this now
testfreq element:  0.0
did it
disp entry 0 (-0.08332452033614668+0j)
starting: 0
some stuff:
tdelaylist (1+0j)
ESFGt (1.3976573663027945e-28-6.5575666748798985e-28j)
ESFGw (2.704145501269961e-13-2.6900790622841342e-14j)
intensity 7.384768145651965e-26
data entry 0 [1.03864617e-25 4.07296164e-26 2.91474912e-26 ... 6.81478897e-26
 8.46946776e-26 1.91289925e-27]
finishing 0
disp entry 800 (-0.27796535717647075+0.2050566582042932j)
starting: 800
some stuff:
tdelaylist (1+0j)
ESFGt (4.341944509770266e-27-2.2388981968995494e-27j)
ESFGw (1.2698548809697563e-12-1.4441898198158665e-13j)
intensity 1.633388261079312e-24
data entry 800 [2.77352214e-24 1.00263913e-24 8.59107779e-25 ... 1.94858247e-24
 2.20008347e-24 1.10333158e-25]
finishing 800
disp entry 1600 (-0.4928812110671021+0.021359994690023542j)
starting: 1600
some stuff:
tdelaylist (1+0j)
ESFGt (9.124296977190655e-27-2.7799402728022823e-27j)
ESFGw (1.3833973029619973e-12-5.190223251183568e-13j)
intensity 2.1831722718137933e-24
data entry 1600 [1.44782819e-24 3.88649616e-25 5.43149557e-25 ... 1.16887676e-24
 8.89461592e-25 1.34142449e-25]
finishing 1600
disp entry 2400 (-0.32062736491562593-0.20283166645248532j)
starting: 2400
some stuff:
tdelaylist (1+0j)
ESFGt (2.427634202788217e-27-2.218964644936876e-27j)
ESFGw (1.2079881366033884e-12-5.569440308245133e-13j)
intensity 1.769421991645583e-24
data entry 2400 [2.76991644e-24 4.32911711e-25 1.41163880e-24 ... 2.40225824e-24
 1.59122834e-24 4.46901216e-25]
finishing 2400
disp entry 3200 (-0.08776846410639105-0.04248822020746742j)
starting: 3200
some stuff:
tdelaylist (1+0j)
ESFGt (-8.390870435620883e-28-2.029287924838135e-27j)
ESFGw (1.0650482232255065e-12+2.002955093449721e-13j)
intensity 1.1744460088595703e-24
data entry 3200 [1.35926133e-24 1.07261995e-24 1.44593865e-25 ... 8.15977341e-25
 1.47695767e-24 3.11092635e-26]
finishing 3200
disp entry 4000 (-0.23576625864575806+0.19840582548751706j)
starting: 4000
some stuff:
tdelaylist (1+0j)
ESFGt (2.7027788029395183e-27-1.132067795782974e-27j)
ESFGw (1.2670437615769359e-12-1.1114026365888208e-13j)
intensity 1.617752051957197e-24
data entry 4000 [1.37045944e-24 3.56029769e-25 4.54715840e-25 ... 1.27108279e-24
 8.54998651e-25 1.26087450e-25]
finishing 4000
disp entry 4800 (-0.4840415430690601+0.06315542221883048j)
starting: 4800
some stuff:
tdelaylist (1+0j)
ESFGt (-1.7314813346995837e-27-6.67216402452764e-27j)
ESFGw (1.374814324883733e-12+2.968402433578543e-13j)
intensity 1.9782285579822647e-24
data entry 4800 [3.54166668e-24 7.17871499e-25 1.43176073e-24 ... 2.86730841e-24
 2.45096320e-24 2.85736120e-25]
finishing 4800
disp entry 5600 (-0.3619056678810876-0.1918271584251852j)
starting: 5600
some stuff:
tdelaylist (1+0j)
ESFGt (-1.0845441741615302e-27-6.5772827861692e-27j)
ESFGw (1.1679654639273895e-12+2.6801824648536865e-13j)
intensity 1.4359771053762145e-24
data entry 5600 [3.90345275e-24 1.09089695e-24 1.37959128e-24 ... 2.54405912e-24
 3.11916680e-24 1.19327095e-25]
finishing 5600
disp entry 6400 (-0.10090794045923898-0.08313734878120543j)
starting: 6400
some stuff:
tdelaylist (1+0j)
ESFGt (-1.0227206850093936e-27+1.888651721384434e-27j)
ESFGw (1.2482276497138844e-12+3.0459987830633306e-13j)
intensity 1.6508533513744805e-24
data entry 6400 [3.25194442e-24 1.62435774e-24 8.96703018e-25 ... 1.59660226e-24
 2.79141067e-24 1.97088285e-26]
finishing 6400
disp entry 7200 (-0.19585664640014067+0.18316704787788468j)
starting: 7200
some stuff:
tdelaylist (1+0j)
ESFGt (-2.1559553045499214e-27-7.269177577734177e-27j)
ESFGw (1.701670922227283e-12+6.071293641440878e-14j)
intensity 2.899369988201912e-24
data entry 7200 [2.05139594e-24 4.81840405e-25 7.19690738e-25 ... 2.16198814e-24
 1.24731060e-24 2.86632388e-25]
finishing 7200
disp entry 8000 (-0.46674482981831067+0.10221718361476176j)
starting: 8000
some stuff:
tdelaylist (1+0j)
ESFGt (-9.955933184357835e-28-2.245482760244028e-27j)
ESFGw (1.30667178466215e-12-8.600260260893666e-14j)
intensity 1.714787600487679e-24
data entry 8000 [3.60510598e-24 1.19540889e-24 1.11857886e-24 ... 2.07440441e-24
 3.15189675e-24 4.70108098e-26]
finishing 8000
disp entry 8800 (-0.4000135453943324-0.17251946140905j)
starting: 8800
some stuff:
tdelaylist (1+0j)
ESFGt (-1.620188280070635e-29+6.530456400628916e-28j)
ESFGw (1.356336050417628e-12-5.2909282857727113e-14j)
intensity 1.8424468738750095e-24
data entry 8800 [1.85009624e-24 4.43497859e-25 5.10677865e-25 ... 1.69240322e-24
 1.61671210e-24 1.98352169e-25]
finishing 8800
disp entry 9600 (-0.12217421055568767-0.12018789869367334j)
starting: 9600
some stuff:
tdelaylist (1+0j)
ESFGt (4.024712209957679e-27+2.646384716164935e-28j)
ESFGw (1.4008186971503633e-12-4.120564566639784e-13j)
intensity 2.1320835457645144e-24
data entry 9600 [1.40562492e-24 5.80176242e-25 2.95693182e-25 ... 1.40024441e-24
 1.20647133e-24 7.06082363e-26]
finishing 9600
disp entry 10400 (-0.1599639976939711+0.15999993192688947j)
starting: 10400
some stuff:
tdelaylist (1+0j)
ESFGt (4.5104076970188695e-27-8.480505695643294e-28j)
ESFGw (1.3191383749222574e-12-3.1884868009757206e-13j)
intensity 1.841790532992498e-24
data entry 10400 [2.21853664e-24 7.35005153e-25 6.62002037e-25 ... 1.33994753e-24
 2.01169651e-24 1.80114737e-25]
finishing 10400
disp entry 11200 (-0.44173975507885027+0.13685450062843046j)
starting: 11200
some stuff:
tdelaylist (1+0j)
ESFGt (8.662279561834755e-27-7.6566158987760415e-28j)
ESFGw (1.305631817938302e-12-1.1716907825920497e-13j)
intensity 1.718403036912987e-24
data entry 11200 [3.14504703e-24 7.05548187e-25 1.28284067e-24 ... 1.79837947e-24
 2.23504771e-24 1.51966293e-25]
finishing 11200
disp entry 12000 (-0.43330150782337373-0.14574430408077105j)
starting: 12000
some stuff:
tdelaylist (1+0j)
ESFGt (-1.2605402383123197e-27-5.546964561024555e-27j)
ESFGw (1.3232236487081828e-12-1.2137708373105571e-13j)
intensity 1.765653220955652e-24
data entry 12000 [2.30235565e-24 9.32312384e-25 9.38288900e-25 ... 1.29937995e-24
 1.48206976e-24 3.60748191e-26]
finishing 12000
disp entry 12800 (-0.15064676938931237-0.1520361464648941j)
starting: 12800
some stuff:
tdelaylist (1+0j)
ESFGt (-3.155416472454102e-27-6.214970523616245e-28j)
ESFGw (1.517382140076018e-12-2.6273688086275726e-14j)
intensity 2.3031388657073306e-24
data entry 12800 [2.20383414e-24 7.26566391e-25 5.90682166e-25 ... 1.23799297e-24
 2.03851824e-24 1.51365805e-25]
finishing 12800
disp entry 13600 (-0.12964191655268456+0.12990726026263566j)
starting: 13600
some stuff:
tdelaylist (1+0j)
ESFGt (-1.4166981987403606e-28-1.0455136979550278e-26j)
ESFGw (1.5555031221414772e-12-1.7137007958523132e-13j)
intensity 2.4489576671689323e-24
data entry 13600 [1.96849805e-24 1.40053247e-24 5.11917690e-25 ... 8.62308855e-25
 1.75063865e-24 2.68775834e-26]
finishing 13600
disp entry 14400 (-0.41010865705005745+0.16556810594236218j)
starting: 14400
some stuff:
tdelaylist (1+0j)
ESFGt (7.804604001831937e-27-2.5506261027085674e-28j)
ESFGw (1.5126814731369898e-12+6.638916846823939e-14j)
intensity 2.2926127608617977e-24
data entry 14400 [1.73725921e-24 9.74359280e-25 6.17619054e-25 ... 1.28694691e-24
 1.22305626e-24 1.73747088e-26]
finishing 14400
disp entry 15200 (-0.4603286943152921-0.11266064220723578j)
starting: 15200
some stuff:
tdelaylist (1+0j)
ESFGt (-1.0254627658596094e-27-8.555444318560317e-27j)
ESFGw (1.386258295654752e-12-1.7205789744345612e-13j)
intensity 1.9513159823442803e-24
data entry 15200 [1.95532848e-24 1.17431915e-24 2.64382146e-25 ... 1.76387333e-24
 2.10251771e-24 3.92983748e-26]
finishing 15200
disp entry 16000 (-0.18509318960763632-0.17730354891892558j)
starting: 16000
some stuff:
tdelaylist (1+0j)
ESFGt (-5.3378681966968334e-27-2.8798210284451297e-27j)
ESFGw (1.5646906513511194e-12-1.3700412332395828e-13j)
intensity 2.4670269642333563e-24
data entry 16000 [2.40731788e-24 8.54279110e-25 8.50075800e-25 ... 1.05051988e-24
 1.77354754e-24 8.17419660e-26]
finishing 16000
disp entry 16800 (-0.10620288642397324+0.09419158640287606j)
starting: 16800
some stuff:
tdelaylist (1+0j)
ESFGt (7.322561775941017e-27-3.940825938599304e-27j)
ESFGw (1.3235328631677756e-12+2.4184560604156857e-13j)
intensity 1.810228537046704e-24
data entry 16800 [2.51485506e-24 4.51882349e-25 8.26281784e-25 ... 1.48938322e-24
 1.90096236e-24 2.23914333e-25]
finishing 16800
disp entry 17600 (-0.37322067963738087+0.18711513856946j)
starting: 17600
some stuff:
tdelaylist (1+0j)
ESFGt (-3.738460048808725e-27-5.854170986975766e-27j)
ESFGw (1.4458477817780313e-12+2.4257137097583037e-13j)
intensity 2.1493166780895476e-24
data entry 17600 [2.23584159e-24 8.91844107e-25 1.06684939e-24 ... 1.26720087e-24
 1.24988375e-24 3.64099024e-26]
finishing 17600
disp entry 18400 (-0.47992524008597015-0.074700493544606j)
starting: 18400
some stuff:
tdelaylist (1+0j)
ESFGt (2.6357266386606056e-27+2.6585316428405695e-27j)
ESFGw (1.2237029965722623e-12+7.192228583530191e-14j)
intensity 1.5026218390197093e-24
data entry 18400 [2.49956926e-24 8.06461518e-25 1.12367264e-24 ... 1.16971167e-24
 1.43494897e-24 6.14419312e-26]
finishing 18400
disp entry 19200 (-0.22402246681164956-0.19489641306904357j)
starting: 19200
some stuff:
tdelaylist (1+0j)
ESFGt (2.2127020310839075e-27+2.8019157978924126e-27j)
ESFGw (1.2939770782649518e-12-1.1183328568753481e-13j)
intensity 1.6868833628627706e-24
data entry 19200 [3.18133585e-24 5.57235302e-25 9.48384194e-25 ... 1.56130232e-24
 2.49139924e-24 1.46815840e-25]
finishing 19200
disp entry 20000 (-0.09066145967086797+0.05439885406254672j)
starting: 20000
some stuff:
tdelaylist (1+0j)
ESFGt (-1.8695217596150295e-27+2.9083856820648642e-27j)
ESFGw (1.2301266776038045e-12-2.26181486734367e-13j)
intensity 1.5643697078939425e-24
data entry 20000 [2.01056702e-24 1.19464321e-24 3.97222571e-25 ... 1.74393999e-24
 2.06121785e-24 4.08195607e-26]
finishing 20000
disp entry 20800 (-0.33267250941214777+0.2005629407697033j)
starting: 20800
some stuff:
tdelaylist (1+0j)
ESFGt (-7.58674394738714e-27-1.5112640169176996e-26j)
ESFGw (1.204805786386709e-12-5.81234279456444e-14j)
intensity 1.4549353157870488e-24
data entry 20800 [3.61252471e-24 9.73916712e-25 1.22355202e-24 ... 1.53396207e-24
 2.55732968e-24 2.00581574e-26]
finishing 20800
disp entry 21600 (-0.49124291371500883-0.03350695331973686j)
starting: 21600
some stuff:
tdelaylist (1+0j)
ESFGt (1.5733201258811894e-26+2.1365702958593812e-27j)
ESFGw (1.4531800242301163e-12-4.252258267722908e-13j)
intensity 2.29254918657562e-24
data entry 21600 [2.46725652e-24 9.58233146e-25 4.35364416e-25 ... 1.63836622e-24
 2.55113066e-24 6.54988220e-26]
finishing 21600
disp entry 22400 (-0.26574955729597927-0.20405323633608952j)
starting: 22400
some stuff:
tdelaylist (1+0j)
ESFGt (2.9615964654264567e-27-6.473060694701733e-27j)
ESFGw (1.1502665139828672e-12+1.479686598943042e-13j)
intensity 1.345007777501214e-24
data entry 22400 [2.47784627e-24 9.40677127e-25 1.05075738e-24 ... 2.22158990e-24
 1.61989997e-24 1.49560633e-25]
finishing 22400
disp entry 23200 (-0.08369034293483901+0.012251481379495556j)
starting: 23200
some stuff:
tdelaylist (1+0j)
ESFGt (-5.970105065773231e-27+3.631690487726997e-27j)
ESFGw (1.140481372535751e-12-3.8083989087334125e-13j)
intensity 1.4457367835814489e-24
data entry 23200 [2.35438704e-24 1.36948155e-24 8.55664488e-25 ... 2.13149397e-24
 1.82156111e-24 8.55632777e-26]
finishing 23200
disp entry 24000 (-0.29021926344586946+0.20532942789944855j)
starting: 24000
some stuff:
tdelaylist (1+0j)
ESFGt (-1.2846495212323663e-26-7.552488578466692e-27j)
ESFGw (1.036508118917867e-12-2.5724908314650463e-13j)
intensity 1.140526171362373e-24
data entry 24000 [2.34396499e-24 8.88131673e-25 8.14241267e-25 ... 2.08748955e-24
 1.87891831e-24 1.66865623e-25]
finishing 24000
disp entry 24800 (-0.4937918326235938+0.009136926722173132j)
starting: 24800
some stuff:
tdelaylist (1+0j)
ESFGt (1.1543928199890183e-26+5.010825976654158e-26j)
ESFGw (1.3958664953073185e-12+1.0842477089767488e-13j)
intensity 1.96019920366575e-24
data entry 24800 [2.57723638e-24 9.89910800e-25 7.56207233e-25 ... 1.15869293e-24
 1.63889919e-24 2.23189340e-26]
finishing 24800
disp entry 25600 (-0.3084683147303033-0.2043776679908563j)
starting: 25600
some stuff:
tdelaylist (1+0j)
ESFGt (2.4141436259968355e-26+3.12797071600922e-27j)
ESFGw (1.082806153768212e-12-5.2915788070762027e-14j)
intensity 1.1752692472654584e-24
data entry 25600 [2.71253739e-24 5.01652906e-25 7.79455699e-25 ... 1.24282426e-24
 1.70244119e-24 1.14661613e-25]
finishing 25600
disp entry 26400 (-0.08559127920263429-0.030426193509574158j)
starting: 26400
some stuff:
tdelaylist (1+0j)
ESFGt (-2.0095488586032964e-26-8.334559651687574e-28j)
ESFGw (1.0704423458740564e-12+1.7038670821478696e-14j)
intensity 1.146137132143716e-24
data entry 26400 [2.31054350e-24 1.05191272e-24 9.67867381e-25 ... 2.05834053e-24
 1.65098943e-24 8.89887373e-26]
finishing 26400
disp entry 27200 (-0.24769851952128205+0.20120828379483222j)
starting: 27200
some stuff:
tdelaylist (1+0j)
ESFGt (5.137183305878302e-27-1.0477472989317031e-26j)
ESFGw (1.0395239356808528e-12-2.4656817386448093e-13j)
intensity 1.1414058772162748e-24
data entry 27200 [2.35907357e-24 9.48460459e-25 9.30979799e-25 ... 1.91450712e-24
 1.64990925e-24 7.31120939e-26]
finishing 27200
disp entry 28000 (-0.48746166751534703+0.051385317251679545j)
starting: 28000
some stuff:
tdelaylist (1+0j)
ESFGt (2.560516307170387e-26+3.1692991666023343e-27j)
ESFGw (1.0716184883907687e-12+3.750905835930851e-15j)
intensity 1.1483802539555062e-24
data entry 28000 [2.34640483e-24 5.55165896e-25 4.34832873e-25 ... 1.08487332e-24
 1.96596196e-24 1.24729590e-25]
finishing 28000
disp entry 28800 (-0.3503296687365974-0.19585566509299235j)
starting: 28800
some stuff:
tdelaylist (1+0j)
ESFGt (-6.466949522516067e-27+1.2626447290388886e-26j)
ESFGw (1.1957305805221363e-12-7.114057606893986e-14j)
intensity 1.4348326027592258e-24
data entry 28800 [2.09206573e-24 7.87513594e-25 2.47594403e-25 ... 8.86285131e-25
 2.26488707e-24 7.84129938e-26]
finishing 28800
disp entry 29600 (-0.09628198693905932-0.07178687847399047j)
starting: 29600
some stuff:
tdelaylist (1+0j)
ESFGt (-1.6877962728609866e-16-3.915867161213935e-17j)
ESFGw (1.4554113123010914e-12-1.7776101771116437e-13j)
intensity 2.1498210673916944e-24
data entry 29600 [1.88197902e-24 1.39863521e-24 5.12883285e-25 ... 1.52085329e-24
 2.49127914e-24 6.76151791e-26]
finishing 29600
disp entry 30400 (-0.20695077705280712+0.18837789111361647j)
starting: 30400
some stuff:
tdelaylist (1+0j)
ESFGt (-1.313786321860242e-16-2.1441319285537162e-16j)
ESFGw (1.3713435768891724e-12-3.4403859969223127e-13j)
intensity 1.9989457639533812e-24
data entry 30400 [3.05782299e-24 6.23077803e-25 5.49286378e-25 ... 1.35394435e-24
 2.32907932e-24 7.12091894e-26]
finishing 30400
disp entry 31200 (-0.472526417951415+0.0914095076006959j)
starting: 31200
some stuff:
tdelaylist (1+0j)
ESFGt (1.7411347553751192e-16-1.4141240290718665e-16j)
ESFGw (1.2764082325811277e-12-8.584539329392626e-14j)
intensity 1.6365874077506668e-24
data entry 31200 [2.65696136e-24 6.30776989e-25 8.10608939e-25 ... 1.68897521e-24
 1.69240455e-24 8.55960209e-26]
finishing 31200
disp entry 32000 (-0.38952166142267697-0.17885610033604898j)
starting: 32000
some stuff:
tdelaylist (1+0j)
ESFGt (-1.5271780661983288e-16-1.3260872208404497e-16j)
ESFGw (1.0510078050918192e-12-2.728689670050688e-13j)
intensity 1.1790748795183366e-24
data entry 32000 [2.34935857e-24 6.05273829e-25 6.90559400e-25 ... 1.47871549e-24
 1.74605682e-24 1.28609802e-25]
finishing 32000
disp entry 32800 (-0.11529972162196883-0.11004028695169102j)
starting: 32800
some stuff:
tdelaylist (1+0j)
ESFGt (4.580462570611993e-18+3.007207771098586e-17j)
ESFGw (1.274513914545361e-12-1.1875830180363423e-13j)
intensity 1.6384892526170232e-24
data entry 32800 [2.22906163e-24 1.14075190e-24 1.09664292e-24 ... 2.11954930e-24
 1.61348666e-24 8.70249731e-26]
finishing 32800
disp entry 33600 (-0.16973979154494+0.16739361008793785j)
starting: 33600
some stuff:
tdelaylist (1+0j)
ESFGt (2.0326577765459795e-16+6.898463262540171e-17j)
ESFGw (1.5412072659759524e-12-1.8852497687960046e-13j)
intensity 2.410861503604524e-24
data entry 33600 [2.72854171e-24 1.19310948e-24 7.10450622e-25 ... 1.61408356e-24
 2.80337029e-24 1.22727382e-25]
finishing 33600
disp entry 34400 (-0.4496325523502561+0.12747706103127154j)
starting: 34400
some stuff:
tdelaylist (1+0j)
ESFGt (1.631938816074874e-16+3.5943187025928815e-18j)
ESFGw (1.4520199279055568e-12-1.2294549059377324e-13j)
intensity 2.1234774646922015e-24
data entry 34400 [2.42166450e-24 6.27747172e-25 2.81607682e-25 ... 1.11171507e-24
 1.62606524e-24 8.04040365e-26]
finishing 34400
disp entry 35200 (-0.4243478775114139-0.15411479548824286j)
starting: 35200
some stuff:
tdelaylist (1+0j)
ESFGt (-1.9978963017828084e-16-5.194543505596805e-17j)
ESFGw (1.381242342723965e-12-1.1987958369041873e-13j)
intensity 1.9222015239193762e-24
data entry 35200 [3.05116488e-24 8.93594589e-25 9.50472144e-25 ... 2.14366324e-24
 1.97289290e-24 7.46913726e-26]
finishing 35200
disp entry 36000 (-0.14182130551934682-0.1435306300404952j)
starting: 36000
some stuff:
tdelaylist (1+0j)
ESFGt (1.310174069870293e-16+1.562094308073076e-16j)
ESFGw (1.2180994060639883e-12-6.446666117598809e-14j)
intensity 1.4879221134566206e-24
data entry 36000 [3.19283603e-24 5.35097668e-25 7.25560845e-25 ... 2.03299089e-24
 1.61690801e-24 4.01313171e-26]
finishing 36000
disp entry 36800 (-0.13767623089095254+0.13916373990015324j)
starting: 36800
some stuff:
tdelaylist (1+0j)
ESFGt (1.625491636519494e-17-7.643337764644811e-17j)
ESFGw (1.284613040941629e-12-3.274320918567053e-13j)
intensity 1.7574424397349576e-24
data entry 36800 [2.76945410e-24 5.88303076e-25 7.03000250e-25 ... 1.55521462e-24
 2.06209882e-24 1.84087993e-25]
finishing 36800
disp entry 37600 (-0.4197710257691817+0.15802680281216688j)
starting: 37600
some stuff:
tdelaylist (1+0j)
ESFGt (-9.232633161076666e-17+2.2331255395476882e-17j)
ESFGw (1.3550037827880779e-12-9.01063078317943e-14j)
intensity 1.8441543980810782e-24
data entry 37600 [2.07541682e-24 1.36950920e-24 6.98099517e-25 ... 1.23259076e-24
 2.64577412e-24 7.48519248e-26]
finishing 37600
disp entry 38400 (-0.45330087323767376-0.12270267153734568j)
starting: 38400
some stuff:
tdelaylist (1+0j)
ESFGt (-6.219865489264817e-17-1.1246498914413226e-16j)
ESFGw (1.2982713862297324e-12-1.6902451660527618e-13j)
intensity 1.714077879516518e-24
data entry 38400 [2.26809088e-24 6.64744391e-25 8.76507612e-25 ... 1.75400365e-24
 1.48496401e-24 1.09137410e-25]
finishing 38400
disp entry 39200 (-0.17469875872474322-0.17080828689291422j)
starting: 39200
some stuff:
tdelaylist (1+0j)
ESFGt (-6.030206955369489e-17+4.416663178621479e-17j)
ESFGw (1.1007952362140916e-12-1.6809231957737314e-13j)
intensity 1.2400051799725394e-24
data entry 39200 [1.87936568e-24 7.86669066e-25 7.76121986e-25 ... 1.15262174e-24
 1.92915426e-24 1.89581470e-25]
finishing 39200
disp entry 40000 (-0.11214795802928271+0.10491020318740657j)
starting: 40000
some stuff:
tdelaylist (1+0j)
ESFGt (1.992914585762996e-17+2.6611784118174467e-17j)
ESFGw (1.221114355465236e-12-1.6167579428016943e-13j)
intensity 1.5172593315794025e-24
data entry 40000 [1.91275306e-24 9.22815264e-25 9.19440430e-25 ... 1.53163770e-24
 1.70855728e-24 1.08294106e-25]
finishing 40000
disp entry 40800 (-0.3842343866707455+0.1817363952637222j)
starting: 40800
some stuff:
tdelaylist (1+0j)
ESFGt (-1.415755464902642e-16+8.708495850716189e-17j)
ESFGw (1.6101824734660042e-12-5.933838490013166e-14j)
intensity 2.596208641779655e-24
data entry 40800 [2.39676789e-24 1.18320618e-24 7.04154574e-25 ... 1.37853741e-24
 2.49226873e-24 6.71801216e-26]
finishing 40800
disp entry 41600 (-0.47512742566221566-0.0859793941524216j)
starting: 41600
some stuff:
tdelaylist (1+0j)
ESFGt (6.48471327208951e-17+1.6288762087642501e-16j)
ESFGw (1.41460931510351e-12-1.407721595542144e-13j)
intensity 2.0209363152831784e-24
data entry 41600 [2.65067515e-24 1.28134442e-24 1.02404452e-24 ... 1.84425732e-24
 2.44056935e-24 1.30983333e-25]
finishing 41600
disp entry 42400 (-0.21250898917091932-0.19069255117999337j)
starting: 42400
some stuff:
tdelaylist (1+0j)
ESFGt (1.6466558363769449e-16-2.2213884384276697e-17j)
ESFGw (1.1698923080283308e-12-8.994584591026644e-14j)
intensity 1.3767382675803682e-24
data entry 42400 [1.93137360e-24 1.15103582e-24 7.37348079e-25 ... 1.09037241e-24
 2.32082127e-24 1.05542147e-25]
finishing 42400
disp entry 43200 (-0.09425995765484863+0.0661156554360073j)
starting: 43200
some stuff:
tdelaylist (1+0j)
ESFGt (2.3553153352265096e-17-1.3470357397691608e-16j)
ESFGw (1.3306972711235598e-12-1.558137299739748e-13j)
intensity 1.795033145824092e-24
data entry 43200 [2.74917076e-24 8.99195395e-25 8.90904935e-25 ... 1.91918061e-24
 2.02572550e-24 9.47858301e-26]
finishing 43200
disp entry 44000 (-0.3445608292964949+0.1975795748026719j)
starting: 44000
some stuff:
tdelaylist (1+0j)
ESFGt (-1.0212671741318239e-16-6.047172453571468e-17j)
ESFGw (1.4777749336725154e-12-1.3414833480163146e-13j)
intensity 2.2018145303208573e-24
data entry 44000 [2.09225043e-24 1.17589218e-24 1.13650622e-24 ... 1.36258092e-24
 2.42832404e-24 2.07492852e-25]
finishing 44000
disp entry 44800 (-0.4888827781028081-0.045534520906651124j)
starting: 44800
some stuff:
tdelaylist (1+0j)
ESFGt (-1.1061630589960603e-16+7.969787901974501e-17j)
ESFGw (1.468452963393485e-12-1.9275770216098387e-13j)
intensity 2.19350963744149e-24
data entry 44800 [2.60093804e-24 8.65588014e-25 7.82793905e-25 ... 1.76215323e-24
 1.95655934e-24 7.69175992e-26]
finishing 44800
disp entry 45600 (-0.25361539080227835-0.20232273765968942j)
starting: 45600
some stuff:
tdelaylist (1+0j)
ESFGt (-2.2443695429375628e-18-1.343437476976938e-17j)
ESFGw (1.2109102782986714e-12-2.5603022306419643e-13j)
intensity 1.531855177211668e-24
data entry 45600 [2.18693259e-24 9.72442141e-25 1.08974090e-24 ... 1.50975958e-24
 2.12123459e-24 1.92650328e-25]
finishing 45600
disp entry 46400 (-0.08478650724202158+0.024459308621781518j)
starting: 46400
some stuff:
tdelaylist (1+0j)
ESFGt (-1.55977054211375e-16-5.2626120530866837e-17j)
ESFGw (1.200470712420243e-12-3.76595889889364e-13j)
intensity 1.5829543956603278e-24
data entry 46400 [2.17065445e-24 9.00326785e-25 1.18411497e-24 ... 1.57260717e-24
 2.01193335e-24 2.45593368e-25]
finishing 46400
disp entry 47200 (-0.3024676133266657+0.20487057349617535j)
starting: 47200
some stuff:
tdelaylist (1+0j)
ESFGt (-1.3823585250763034e-16+1.1992071204423613e-16j)
ESFGw (1.3619973204814784e-12+9.936300914004104e-14j)
intensity 1.864909708584091e-24
data entry 47200 [2.32245255e-24 1.29226578e-24 5.33882236e-25 ... 1.34150801e-24
 2.36696641e-24 1.14241022e-26]
finishing 47200
disp entry 48000 (-0.4939715336831175-0.0031186976884791016j)
starting: 48000
some stuff:
tdelaylist (1+0j)
ESFGt (2.0140644417224113e-17+1.327071658731779e-16j)
ESFGw (1.311165585826668e-12+1.1796249740902987e-13j)
intensity 1.7330703442511644e-24
data entry 48000 [1.92413381e-24 1.44622607e-24 8.85061010e-25 ... 1.12199793e-24
 2.65293197e-24 1.00034597e-25]
finishing 48000
disp entry 48800 (-0.2962386836451342-0.2051954367151953j)
starting: 48800
some stuff:
tdelaylist (1+0j)
ESFGt (-1.1431331650897574e-16-5.45010817030735e-17j)
ESFGw (1.3736303761113788e-12-1.0473392986209973e-16j)
intensity 1.8868604211450838e-24
data entry 48800 [2.44936188e-24 1.29716381e-24 6.25982507e-25 ... 1.48937125e-24
 2.40088948e-24 1.79116504e-26]
finishing 48800
disp entry 49600 (-0.08413766264420536-0.01825575304643144j)
starting: 49600
some stuff:
tdelaylist (1+0j)
ESFGt (1.0735372459040946e-16-5.89697006796782e-17j)
ESFGw (1.4698220938968998e-12-1.5696276743637494e-13j)
intensity 2.1850142980687516e-24
data entry 49600 [2.46035335e-24 8.45149946e-25 5.60889272e-25 ... 1.44433971e-24
 2.01966835e-24 5.97869871e-26]
finishing 49600
disp entry 50400 (-0.25977673273862095+0.20329380234960573j)
starting: 50400
some stuff:
tdelaylist (1+0j)
ESFGt (-8.768911212036475e-18+5.924263869893228e-17j)
ESFGw (1.3961705055964835e-12-1.5333654485027992e-14j)
intensity 1.949527201657407e-24
data entry 50400 [2.30612579e-24 1.07201732e-24 6.60390089e-25 ... 1.32478785e-24
 2.31478865e-24 6.94037737e-26]
finishing 50400
disp entry 51200 (-0.49017342693266497+0.03943211755333818j)
starting: 51200
some stuff:
tdelaylist (1+0j)
ESFGt (-1.1355428295864404e-16-1.2259569851899073e-16j)
ESFGw (1.260077545778282e-12-2.374463473064914e-13j)
intensity 1.6441761892238132e-24
data entry 51200 [2.63601811e-24 8.45182454e-25 5.97331858e-25 ... 1.73637614e-24
 1.82167808e-24 1.82794050e-26]
finishing 51200
disp entry 52000 (-0.3385339294816315-0.19918630431012985j)
starting: 52000
some stuff:
tdelaylist (1+0j)
ESFGt (7.861226257639176e-17-3.7833824834420256e-18j)
ESFGw (1.5453896842765324e-12-1.6462785995541296e-13j)
intensity 2.4153316085418193e-24
data entry 52000 [3.34405435e-24 8.93451628e-25 4.63623619e-25 ... 2.03319353e-24
 1.98366901e-24 2.99237266e-26]
finishing 52000
disp entry 52800 (-0.09234150893217033-0.06018061916088426j)
starting: 52800
some stuff:
tdelaylist (1+0j)
ESFGt (-1.1081266099142208e-16+1.3834748903491324e-16j)
ESFGw (1.3504765881966474e-12-1.0741472815378739e-13j)
intensity 1.8353249390916092e-24
data entry 52800 [2.86145621e-24 5.79937064e-25 4.58509942e-25 ... 1.75845844e-24
 1.58844215e-24 8.74835256e-27]
finishing 52800
disp entry 53600 (-0.21833605126830066+0.19291751149464198j)
starting: 53600
some stuff:
tdelaylist (1+0j)
ESFGt (2.2971217271908397e-17+1.5145656011836604e-16j)
ESFGw (1.4132852874104707e-12+3.047518834509155e-14j)
intensity 1.9983040407155655e-24
data entry 53600 [3.09692577e-24 8.62303586e-25 4.67500772e-25 ... 1.72553274e-24
 2.11422696e-24 3.84389179e-26]
finishing 53600
disp entry 54400 (-0.4776528579208011+0.08027612377519103j)
starting: 54400
some stuff:
tdelaylist (1+0j)
ESFGt (-1.3995617813159309e-16-9.89140352238038e-17j)
ESFGw (1.3556863964758747e-12-8.100594847681997e-14j)
intensity 1.8444475692783722e-24
data entry 54400 [3.13107646e-24 8.72005694e-25 4.41184533e-25 ... 1.65144095e-24
 2.23602693e-24 2.73168493e-26]
finishing 54400
disp entry 55200 (-0.378670389523831-0.18455544418802738j)
starting: 55200
some stuff:
tdelaylist (1+0j)
ESFGt (1.5318493866502696e-16-2.60752206207485e-17j)
ESFGw (1.2924062861574548e-12-2.6911610960522747e-13j)
intensity 1.7427374889483577e-24
data entry 55200 [3.10884915e-24 6.66506622e-25 5.02344843e-25 ... 1.63019374e-24
 2.09360203e-24 6.58981522e-26]
finishing 55200
disp entry 56000 (-0.10904294473902171-0.09950058272420632j)
starting: 56000
some stuff:
tdelaylist (1+0j)
ESFGt (8.449415707675287e-17-1.1403254193760525e-16j)
ESFGw (1.2013372067964934e-12-1.1003806373033331e-13j)
intensity 1.4553194599031214e-24
data entry 56000 [3.18015411e-24 7.46529672e-25 1.22521680e-24 ... 2.29059902e-24
 2.20006935e-24 2.56438113e-25]
finishing 56000
disp entry 56800 (-0.17993931810585606+0.17419083599995314j)
starting: 56800
some stuff:
tdelaylist (1+0j)
ESFGt (-1.2339510549723456e-17-1.1504031842268828e-16j)
ESFGw (1.648494275113821e-12-1.476986935533553e-14j)
intensity 2.717751524123816e-24
data entry 56800 [2.34529864e-24 2.35027477e-24 6.56317693e-25 ... 1.49237344e-24
 3.32760670e-24 1.49541604e-26]
finishing 56800
disp entry 57600 (-0.45695177624218736+0.11764539872088291j)
starting: 57600
some stuff:
tdelaylist (1+0j)
ESFGt (-1.177587725302225e-16-1.0733224536018447e-16j)
ESFGw (1.2942173374663746e-12-3.168641564410546e-13j)
intensity 1.7754014102356524e-24
data entry 57600 [2.00017363e-24 5.35576588e-25 3.48421452e-25 ... 1.22397097e-24
 9.15842058e-25 5.93020288e-26]
finishing 57600
disp entry 58400 (-0.4149107674691098-0.16193614934900882j)
starting: 58400
some stuff:
tdelaylist (1+0j)
ESFGt (-1.6542073155308997e-16-5.526133208469298e-18j)
ESFGw (1.4794116452720996e-12-8.366115959723697e-14j)
intensity 2.1956580057918553e-24
data entry 58400 [2.60546306e-24 8.94365767e-25 1.11483216e-24 ... 2.28506945e-24
 2.33423685e-24 2.42609166e-25]
finishing 58400
disp entry 59200 (-0.13351905273111578-0.1345136892729075j)
starting: 59200
some stuff:
tdelaylist (1+0j)
ESFGt (-4.631549760745596e-17+3.541240646070147e-17j)
ESFGw (1.4361853720168405e-12-1.0726510825398439e-13j)
intensity 2.074134226243889e-24
data entry 59200 [1.72919223e-24 1.55084452e-24 3.74589925e-26 ... 3.47869516e-25
 2.64261175e-24 3.58730878e-25]
finishing 59200
disp entry 60000 (-0.1462485259254141+0.14792435517579497j)
starting: 60000
some stuff:
tdelaylist (1+0j)
ESFGt (1.7763179289077885e-17-7.03082001869972e-17j)
ESFGw (1.3656515154836235e-12+3.8469097699000976e-13j)
intensity 2.0129912095202454e-24
data entry 60000 [2.03669617e-24 1.90638770e-25 4.51446356e-25 ... 1.19962598e-24
 1.23741216e-24 2.11174854e-25]
finishing 60000
disp entry 60800 (-0.4289662228686123+0.14992242297972885j)
starting: 60800
some stuff:
tdelaylist (1+0j)
ESFGt (-5.1326767533308934e-17-1.2079021673052022e-16j)
ESFGw (1.245425637619313e-12+4.897211108856325e-14j)
intensity 1.5534832865039421e-24
data entry 60800 [2.14540237e-24 2.27167933e-24 1.10966927e-25 ... 5.25885715e-25
 3.48205727e-24 1.04153188e-25]
finishing 60800
disp entry 61600 (-0.44568640792176867-0.1323074901258889j)
starting: 61600
some stuff:
tdelaylist (1+0j)
ESFGt (-9.928478136163198e-17-5.920069690116826e-17j)
ESFGw (1.5999866362359505e-12+4.4428957041153794e-13j)
intensity 2.7573504585101003e-24
data entry 61600 [2.65140769e-24 1.72303642e-24 1.28866221e-24 ... 1.88238903e-24
 1.97553267e-24 1.31970714e-25]
finishing 61600
disp entry 62400 (-0.1647103908980596-0.16370440553658375j)
starting: 62400
some stuff:
tdelaylist (1+0j)
ESFGt (2.4226565531889364e-17-1.7236627070817863e-18j)
ESFGw (1.6832260411880906e-12-2.5878106081622665e-13j)
intensity 2.9002175431709037e-24
data entry 62400 [2.92356321e-24 1.03675428e-24 9.02746999e-25 ... 2.42678232e-24
 3.03256340e-24 3.59129775e-25]
finishing 62400
disp entry 63200 (-0.11872197196160783+0.1152550068580099j)
starting: 63200
some stuff:
tdelaylist (1+0j)
ESFGt (1.282061006813909e-16-1.0121799401116897e-16j)
ESFGw (1.924771973749184e-12-3.643212034137866e-13j)
intensity 3.837477090187199e-24
data entry 63200 [4.40649352e-24 6.82373511e-25 1.51679600e-24 ... 2.60742089e-24
 3.37518772e-24 4.27634189e-25]
finishing 63200
disp entry 64000 (-0.3949075452470487+0.17571009389630268j)
starting: 64000
some stuff:
tdelaylist (1+0j)
ESFGt (-5.575785451243652e-17+1.6400552054768019e-16j)
ESFGw (1.2002807601996235e-12-1.1624165172086087e-13j)
intensity 1.4541860249001805e-24
data entry 64000 [1.34205577e-24 1.10155952e-24 5.12816396e-25 ... 8.07906401e-25
 1.03075676e-24 2.16854728e-27]
finishing 64000
Top-level running in PID 81515 (name=__main__)
Running interfere() with b=66400.0, sigma_s=12.5
MID-level running in PID 81515 (name=__main__)
E1_shared element:  0j
E1 element:  (6.868281660932707e-10-8.988473573400088e-10j)
this thing psm_bed660a6
ill try to just make an array with this now
testfreq element:  0.0
did it
disp entry 0 (-0.08332452033614668+0j)
starting: 0
some stuff:
tdelaylist (1+0j)
ESFGt (1.9905766559375616e-28+1.1640408375672045e-29j)
ESFGw (3.565519190659727e-13-5.223436700535489e-14j)
intensity 1.2985770008607807e-25
data entry 0 [5.23590373e-26 3.47806423e-27 7.18515273e-26 ... 7.24447837e-26
 4.16646487e-27 5.07593770e-26]
finishing 0
disp entry 800 (-0.27796535717647075+0.2050566582042932j)
starting: 800
some stuff:
tdelaylist (1+0j)
ESFGt (-5.974611714606893e-28+2.983077574077903e-27j)
ESFGw (1.7725517234556953e-12-8.532107312331227e-14j)
intensity 3.14921929784467e-24
data entry 800 [2.50591468e-24 2.35039975e-26 2.83590429e-24 ... 3.12613673e-24
 3.67806312e-25 1.73802984e-24]
finishing 800
disp entry 1600 (-0.4928812110671021+0.021359994690023542j)
starting: 1600
some stuff:
tdelaylist (1+0j)
ESFGt (2.6883938869584405e-27-1.5084727378108962e-27j)
ESFGw (2.034364430386626e-12-3.3816092287475286e-13j)
intensity 4.2529914453818056e-24
data entry 1600 [1.17307727e-24 3.31606602e-25 1.80171814e-24 ... 1.91101935e-24
 1.40403730e-25 1.57679062e-24]
finishing 1600
disp entry 2400 (-0.32062736491562593-0.20283166645248532j)
starting: 2400
some stuff:
tdelaylist (1+0j)
ESFGt (6.532628912377583e-28-5.842620764248788e-28j)
ESFGw (1.5105260792180886e-12-6.063157788338547e-13j)
intensity 2.6493078596608746e-24
data entry 2400 [1.56990544e-24 2.77976617e-25 2.68630752e-24 ... 2.44335897e-24
 4.67126763e-26 2.03145380e-24]
finishing 2400
disp entry 3200 (-0.08776846410639105-0.04248822020746742j)
starting: 3200
some stuff:
tdelaylist (1+0j)
ESFGt (2.5517723720892862e-27+2.3601281835582017e-27j)
ESFGw (1.6356577550724616e-12-2.6223034160777203e-13j)
intensity 2.7441410437884135e-24
data entry 3200 [7.70528695e-25 1.63055805e-25 1.16780948e-24 ... 9.57669799e-25
 1.50236178e-25 8.68991796e-25]
finishing 3200
disp entry 4000 (-0.23576625864575806+0.19840582548751706j)
starting: 4000
some stuff:
tdelaylist (1+0j)
ESFGt (1.4930702927726033e-27+3.5641840126314563e-28j)
ESFGw (2.188443003203755e-12-3.2554948320440147e-13j)
intensity 4.895265244286124e-24
data entry 4000 [1.81358104e-24 2.85827767e-25 2.91519361e-24 ... 2.77582720e-24
 1.01805524e-25 2.18042579e-24]
finishing 4000
disp entry 4800 (-0.4840415430690601+0.06315542221883048j)
starting: 4800
some stuff:
tdelaylist (1+0j)
ESFGt (1.9590863687888017e-27+2.725492411240579e-27j)
ESFGw (1.9046873453443247e-12-4.637765865789234e-13j)
intensity 3.8429226057736085e-24
data entry 4800 [1.16912734e-24 7.69342361e-26 1.63794692e-24 ... 1.23341061e-24
 1.34316013e-25 8.73983965e-25]
finishing 4800
disp entry 5600 (-0.3619056678810876-0.1918271584251852j)
starting: 5600
some stuff:
tdelaylist (1+0j)
ESFGt (1.0095874318248748e-27+2.974808551864202e-27j)
ESFGw (1.4395702511993402e-12-5.094214980405631e-13j)
intensity 2.331872770804023e-24
data entry 5600 [7.01476333e-25 1.04177827e-25 9.67263828e-25 ... 1.46337118e-24
 3.28491486e-26 1.02492839e-24]
finishing 5600
disp entry 6400 (-0.10090794045923898-0.08313734878120543j)
starting: 6400
some stuff:
tdelaylist (1+0j)
ESFGt (4.031094932058894e-27+3.5226921858178724e-27j)
ESFGw (1.7661917935118954e-12-6.197598857726749e-13j)
intensity 3.503535767481724e-24
data entry 6400 [6.43196274e-25 2.10545441e-25 1.05574045e-24 ... 1.50143394e-24
 4.80240682e-26 1.22523388e-24]
finishing 6400
disp entry 7200 (-0.19585664640014067+0.18316704787788468j)
starting: 7200
some stuff:
tdelaylist (1+0j)
ESFGt (-2.4079748408308744e-27+1.1686467971007002e-27j)
ESFGw (1.7409194745521273e-12-1.631516102773567e-13j)
intensity 3.057419064810949e-24
data entry 7200 [1.36680864e-24 7.06099303e-26 2.01147698e-24 ... 1.31148115e-24
 2.21016580e-25 1.03384005e-24]
finishing 7200
disp entry 8000 (-0.46674482981831067+0.10221718361476176j)
starting: 8000
some stuff:
tdelaylist (1+0j)
ESFGt (5.491475213977704e-28-7.423297460038231e-28j)
ESFGw (2.0252675404786036e-12-2.497956268915358e-13j)
intensity 4.164106465730386e-24
data entry 8000 [1.83211716e-24 2.18563594e-25 2.74912520e-24 ... 2.33333886e-24
 1.96268362e-25 1.80284179e-24]
finishing 8000
disp entry 8800 (-0.4000135453943324-0.17251946140905j)
starting: 8800
some stuff:
tdelaylist (1+0j)
ESFGt (2.2339983721948876e-27-4.095194883265204e-28j)
ESFGw (1.3586454010450222e-12-3.326020014959852e-13j)
intensity 1.9565414171799245e-24
data entry 8800 [8.46567122e-25 1.18464196e-25 1.00086601e-24 ... 1.80097231e-24
 4.42160118e-26 1.11501899e-24]
finishing 8800
disp entry 9600 (-0.12217421055568767-0.12018789869367334j)
starting: 9600
some stuff:
tdelaylist (1+0j)
ESFGt (-1.3758925858587912e-27+6.094629728057143e-28j)
ESFGw (1.9967222320005362e-12-4.782697675398406e-13j)
intensity 4.215641642307818e-24
data entry 9600 [5.93870338e-25 8.30540244e-26 1.04441421e-24 ... 1.12832343e-24
 8.56066790e-27 8.99737441e-25]
finishing 9600
disp entry 10400 (-0.1599639976939711+0.15999993192688947j)
starting: 10400
some stuff:
tdelaylist (1+0j)
ESFGt (1.9129021608317336e-27+2.420617633188668e-27j)
ESFGw (1.3617700717061254e-12-1.2393081352812807e-13j)
intensity 1.8697765747362492e-24
data entry 10400 [2.09113189e-24 4.80308963e-26 2.51486355e-24 ... 1.98207023e-24
 4.31761787e-25 1.24148555e-24]
finishing 10400
disp entry 11200 (-0.44173975507885027+0.13685450062843046j)
starting: 11200
some stuff:
tdelaylist (1+0j)
ESFGt (2.8712696334012717e-27+4.694810585542856e-27j)
ESFGw (1.7459332590785692e-12-2.2200297156160786e-13j)
intensity 3.0975682645388977e-24
data entry 11200 [1.29187010e-24 1.90541442e-25 1.51758966e-24 ... 2.41546684e-24
 1.36638154e-25 1.55821249e-24]
finishing 11200
disp entry 12000 (-0.43330150782337373-0.14574430408077105j)
starting: 12000
some stuff:
tdelaylist (1+0j)
ESFGt (-2.3275907005314292e-29-1.1392560035474049e-27j)
ESFGw (1.6492762017206175e-12+2.221660355683497e-14j)
intensity 2.720605567035589e-24
data entry 12000 [1.49104274e-24 2.98735247e-25 1.86475833e-24 ... 2.69093563e-24
 1.61972106e-25 1.90122608e-24]
finishing 12000
disp entry 12800 (-0.15064676938931237-0.1520361464648941j)
starting: 12800
some stuff:
tdelaylist (1+0j)
ESFGt (-2.7850022780645186e-28+4.166827683949418e-27j)
ESFGw (1.5513441226078228e-12-3.531020961733411e-13j)
intensity 2.5313496770718435e-24
data entry 12800 [1.27765616e-24 1.89402656e-25 1.75732540e-24 ... 2.00239188e-24
 1.59393933e-25 1.30049302e-24]
finishing 12800
disp entry 13600 (-0.12964191655268456+0.12990726026263566j)
starting: 13600
some stuff:
tdelaylist (1+0j)
ESFGt (3.325188981322957e-27+1.0357575729508446e-27j)
ESFGw (1.5579477811999976e-12-3.7888919432460533e-13j)
intensity 2.5707583105219443e-24
data entry 13600 [1.48824385e-24 4.79876159e-26 1.54849196e-24 ... 1.60447034e-24
 3.11796166e-25 1.01752942e-24]
finishing 13600
disp entry 14400 (-0.41010865705005745+0.16556810594236218j)
starting: 14400
some stuff:
tdelaylist (1+0j)
ESFGt (7.77489290709176e-27+9.853340572534046e-28j)
ESFGw (1.7276436357904768e-12-1.685218804781119e-13j)
intensity 3.0131521564872176e-24
data entry 14400 [1.10409850e-24 2.17720689e-25 1.48058075e-24 ... 2.31866552e-24
 7.92224490e-26 1.42580142e-24]
finishing 14400
disp entry 15200 (-0.4603286943152921-0.11266064220723578j)
starting: 15200
some stuff:
tdelaylist (1+0j)
ESFGt (-2.0486505918949643e-27-9.180342931862267e-29j)
ESFGw (1.713188185065162e-12-2.2162306712036894e-13j)
intensity 2.9841305413267037e-24
data entry 15200 [9.21736701e-25 6.91509754e-27 1.54789027e-24 ... 1.12081826e-24
 3.94394580e-26 6.89417253e-25]
finishing 15200
disp entry 16000 (-0.18509318960763632-0.17730354891892558j)
starting: 16000
some stuff:
tdelaylist (1+0j)
ESFGt (4.891953201897074e-27+5.8763425384559896e-27j)
ESFGw (1.6531641507111505e-12-2.364428097756388e-14j)
intensity 2.733510761219466e-24
data entry 16000 [6.91470080e-25 2.61705857e-25 1.37343219e-24 ... 2.02353179e-24
 4.87636874e-27 1.61750145e-24]
finishing 16000
disp entry 16800 (-0.10620288642397324+0.09419158640287606j)
starting: 16800
some stuff:
tdelaylist (1+0j)
ESFGt (2.31840082211282e-27+2.254411252870582e-27j)
ESFGw (1.6427666518770145e-12-2.75697433632649e-13j)
intensity 2.774691347430845e-24
data entry 16800 [1.32318364e-24 1.11934057e-25 2.11681071e-24 ... 1.95990163e-24
 1.38161124e-25 1.25754744e-24]
finishing 16800
disp entry 17600 (-0.37322067963738087+0.18711513856946j)
starting: 17600
some stuff:
tdelaylist (1+0j)
ESFGt (5.7282447950847945e-27-6.4369521603771944e-27j)
ESFGw (1.4495440438244689e-12-3.513448212921766e-13j)
intensity 2.224621118435825e-24
data entry 17600 [1.85106406e-24 9.10892819e-26 1.97414129e-24 ... 1.76246130e-24
 3.87517385e-25 1.21341406e-24]
finishing 17600
disp entry 18400 (-0.47992524008597015-0.074700493544606j)
starting: 18400
some stuff:
tdelaylist (1+0j)
ESFGt (3.167653512174022e-27+2.380985968633057e-27j)
ESFGw (1.6439692489267355e-12-5.250357440478304e-14j)
intensity 2.705391516742013e-24
data entry 18400 [9.91770035e-25 5.45395707e-26 1.80445663e-24 ... 1.16162515e-24
 3.90996300e-26 8.21493347e-25]
finishing 18400
disp entry 19200 (-0.22402246681164956-0.19489641306904357j)
starting: 19200
some stuff:
tdelaylist (1+0j)
ESFGt (-5.641844488562797e-27+2.7819989406031994e-27j)
ESFGw (1.7320520018238028e-12-2.010358025883452e-13j)
intensity 3.0404195309441827e-24
data entry 19200 [7.61032132e-25 2.67719392e-26 1.14245787e-24 ... 1.64567958e-24
 4.70684573e-26 9.62353725e-25]
finishing 19200
disp entry 20000 (-0.09066145967086797+0.05439885406254672j)
starting: 20000
some stuff:
tdelaylist (1+0j)
ESFGt (-5.720905139619837e-28+5.541786788447202e-27j)
ESFGw (1.7562140977589458e-12-3.4029203066499036e-14j)
intensity 3.085445943828609e-24
data entry 20000 [8.92122609e-25 1.22970322e-25 1.05306594e-24 ... 1.33659200e-24
 1.08183024e-25 1.13716644e-24]
finishing 20000
disp entry 20800 (-0.33267250941214777+0.2005629407697033j)
starting: 20800
some stuff:
tdelaylist (1+0j)
ESFGt (2.6049849757303296e-27-6.1371549835675526e-27j)
ESFGw (1.7622240472414674e-12-2.1903485969421155e-13j)
intensity 3.1534098624373605e-24
data entry 20800 [1.71634623e-24 2.14899487e-26 2.26148666e-24 ... 1.60805212e-24
 2.29228330e-25 8.79460252e-25]
finishing 20800
disp entry 21600 (-0.49124291371500883-0.03350695331973686j)
starting: 21600
some stuff:
tdelaylist (1+0j)
ESFGt (5.414369337351143e-27+2.458344539634522e-27j)
ESFGw (1.7659476311826516e-12-5.09359915357166e-13j)
intensity 3.3780185594522786e-24
data entry 21600 [1.10486087e-24 5.57046432e-26 1.12624844e-24 ... 1.61721943e-24
 2.14241425e-25 1.08330928e-24]
finishing 21600
disp entry 22400 (-0.26574955729597927-0.20405323633608952j)
starting: 22400
some stuff:
tdelaylist (1+0j)
ESFGt (-7.33532126366084e-27+2.6652468362744124e-27j)
ESFGw (1.8112048319474106e-12-2.938560852983052e-13j)
intensity 3.366814342136491e-24
data entry 22400 [1.25851943e-24 1.33869098e-25 1.51326840e-24 ... 2.03881538e-24
 1.87256042e-25 1.39130770e-24]
finishing 22400
disp entry 23200 (-0.08369034293483901+0.012251481379495556j)
starting: 23200
some stuff:
tdelaylist (1+0j)
ESFGt (8.281699664722163e-28+1.0188055064450293e-26j)
ESFGw (1.949015168006829e-12-3.068465620481575e-14j)
intensity 3.7996016732470966e-24
data entry 23200 [9.97169013e-25 2.48750336e-25 1.39914892e-24 ... 1.42421335e-24
 6.59699587e-26 1.43291042e-24]
finishing 23200
disp entry 24000 (-0.29021926344586946+0.20532942789944855j)
starting: 24000
some stuff:
tdelaylist (1+0j)
ESFGt (4.3723188462471294e-27+1.122815634055383e-26j)
ESFGw (1.4824157526516224e-12-3.2014148276804377e-13j)
intensity 2.3000470326985974e-24
data entry 24000 [9.78050002e-25 1.47987661e-25 1.91166366e-24 ... 2.37487431e-24
 3.32364728e-26 1.61804883e-24]
finishing 24000
disp entry 24800 (-0.4937918326235938+0.009136926722173132j)
starting: 24800
some stuff:
tdelaylist (1+0j)
ESFGt (4.4180673512109994e-26-1.2418602588078958e-26j)
ESFGw (1.5865021969763138e-12-4.3562852977685473e-13j)
intensity 2.706761436966214e-24
data entry 24800 [1.39901023e-24 2.69752524e-25 1.57837599e-24 ... 2.04175795e-24
 2.79107327e-25 1.71814557e-24]
finishing 24800
disp entry 25600 (-0.3084683147303033-0.2043776679908563j)
starting: 25600
some stuff:
tdelaylist (1+0j)
ESFGt (-5.088835881579286e-27-1.767129412202872e-27j)
ESFGw (1.6046508739819831e-12-8.99410754207075e-14j)
intensity 2.5829938244189754e-24
data entry 25600 [1.48077053e-24 1.21557778e-25 2.22848634e-24 ... 2.34676675e-24
 1.45957198e-25 1.44773883e-24]
finishing 25600
disp entry 26400 (-0.08559127920263429-0.030426193509574158j)
starting: 26400
some stuff:
tdelaylist (1+0j)
ESFGt (-9.614855999988284e-27+4.422235084915901e-27j)
ESFGw (1.671376578804562e-12-5.2977153913724706e-14j)
intensity 2.796306247013241e-24
data entry 26400 [1.31786599e-24 2.29988506e-25 1.92054319e-24 ... 2.14077094e-24
 1.61045100e-25 1.70626918e-24]
finishing 26400
disp entry 27200 (-0.24769851952128205+0.20120828379483222j)
starting: 27200
some stuff:
tdelaylist (1+0j)
ESFGt (-1.4891018612966527e-26-1.8832555535259136e-26j)
ESFGw (1.457762729972778e-12-1.4288353486491268e-13j)
intensity 2.145487881433179e-24
data entry 27200 [1.06051855e-24 2.38727414e-25 1.72783835e-24 ... 1.96187255e-24
 1.10007226e-25 1.76243258e-24]
finishing 27200
disp entry 28000 (-0.48746166751534703+0.051385317251679545j)
starting: 28000
some stuff:
tdelaylist (1+0j)
ESFGt (3.351376841048496e-27-1.3891268339385523e-26j)
ESFGw (1.8093378358063905e-12-6.099070901099957e-14j)
intensity 3.277423270666217e-24
data entry 28000 [1.40285658e-24 1.51994470e-25 1.92659427e-24 ... 1.65098487e-24
 1.01876358e-25 1.09884628e-24]
finishing 28000
disp entry 28800 (-0.3503296687365974-0.19585566509299235j)
starting: 28800
some stuff:
tdelaylist (1+0j)
ESFGt (1.8068679827622504e-26-3.521103870370056e-27j)
ESFGw (1.830771645394691e-12-1.801306499793487e-13j)
intensity 3.3841718686431674e-24
data entry 28800 [9.85128528e-25 1.24360077e-25 1.90389042e-24 ... 1.89917026e-24
 3.55846883e-26 1.47166192e-24]
finishing 28800
disp entry 29600 (-0.09628198693905932-0.07178687847399047j)
starting: 29600
some stuff:
tdelaylist (1+0j)
ESFGt (-1.706115441603862e-16+3.9028016239913306e-17j)
ESFGw (1.736607385671718e-12-2.4300526868525907e-13j)
intensity 3.074856772578353e-24
data entry 29600 [8.69731709e-25 2.97504915e-25 1.69167643e-24 ... 1.73725945e-24
 9.73731499e-26 1.95766171e-24]
finishing 29600
disp entry 30400 (-0.20695077705280712+0.18837789111361647j)
starting: 30400
some stuff:
tdelaylist (1+0j)
ESFGt (-2.2340192944314386e-16-2.2782496753514666e-17j)
ESFGw (1.6018037590770362e-12-1.917532972683933e-13j)
intensity 2.602544609606625e-24
data entry 30400 [1.08138302e-24 1.08304650e-25 1.94582818e-24 ... 2.03908384e-24
 1.21635600e-25 1.55133495e-24]
finishing 30400
disp entry 31200 (-0.472526417951415+0.0914095076006959j)
starting: 31200
some stuff:
tdelaylist (1+0j)
ESFGt (-1.504444655961731e-16+8.257323701228137e-17j)
ESFGw (1.8203498604318913e-12-2.939246068756063e-13j)
intensity 3.4000652889013865e-24
data entry 31200 [1.14847692e-24 9.43979239e-27 1.91653419e-24 ... 1.97175931e-24
 3.31623141e-26 9.55517468e-25]
finishing 31200
disp entry 32000 (-0.38952166142267697-0.17885610033604898j)
starting: 32000
some stuff:
tdelaylist (1+0j)
ESFGt (-3.419648972220619e-18-4.6066342918135595e-17j)
ESFGw (1.6406064874685544e-12-2.3065924170673213e-13j)
intensity 2.744793332508633e-24
data entry 32000 [1.94097538e-24 1.44147426e-25 1.89347540e-24 ... 2.02026864e-24
 2.33801417e-25 1.00698292e-24]
finishing 32000
disp entry 32800 (-0.11529972162196883-0.11004028695169102j)
starting: 32800
some stuff:
tdelaylist (1+0j)
ESFGt (7.54764690857035e-17-4.01041721665949e-17j)
ESFGw (1.7390091103242078e-12-1.9821817798248986e-13j)
intensity 3.06344313187329e-24
data entry 32800 [1.09260914e-24 8.92416886e-26 1.99874004e-24 ... 1.91804207e-24
 7.65871709e-26 1.45250349e-24]
finishing 32800
disp entry 33600 (-0.16973979154494+0.16739361008793785j)
starting: 33600
some stuff:
tdelaylist (1+0j)
ESFGt (3.8728454018759176e-17-1.2496933335485066e-16j)
ESFGw (1.705632163284676e-12-3.1990556037531093e-13j)
intensity 3.0115206439902055e-24
data entry 33600 [1.78267027e-24 1.61179945e-25 2.10757847e-24 ... 2.25982419e-24
 1.68398491e-25 1.23756474e-24]
finishing 33600
disp entry 34400 (-0.4496325523502561+0.12747706103127154j)
starting: 34400
some stuff:
tdelaylist (1+0j)
ESFGt (3.7921166863383174e-17-1.4968903909045388e-16j)
ESFGw (1.693445730865939e-12-2.1233535762998912e-13j)
intensity 2.9128447474879303e-24
data entry 34400 [7.94009183e-25 7.87921908e-27 1.78474867e-24 ... 1.60562182e-24
 1.36377841e-25 1.22212661e-24]
finishing 34400
disp entry 35200 (-0.4243478775114139-0.15411479548824286j)
starting: 35200
some stuff:
tdelaylist (1+0j)
ESFGt (-1.1940351055911154e-16+1.421814112883235e-16j)
ESFGw (1.6593948437559902e-12-2.3124210879466034e-13j)
intensity 2.8070641603637684e-24
data entry 35200 [1.40693391e-24 3.23156195e-25 1.73358511e-24 ... 1.63140498e-24
 2.90786780e-25 1.63982787e-24]
finishing 35200
disp entry 36000 (-0.14182130551934682-0.1435306300404952j)
starting: 36000
some stuff:
tdelaylist (1+0j)
ESFGt (1.3501895215765681e-16-9.385262989157313e-18j)
ESFGw (1.7214480708960256e-12-2.4808670742726413e-13j)
intensity 3.0249304751937485e-24
data entry 36000 [1.44775479e-24 1.39918095e-25 1.90854033e-24 ... 2.02006765e-24
 1.02438563e-25 1.26574739e-24]
finishing 36000
disp entry 36800 (-0.13767623089095254+0.13916373990015324j)
starting: 36800
some stuff:
tdelaylist (1+0j)
ESFGt (8.394821350822326e-17+1.3098141493303232e-16j)
ESFGw (1.8194282885852786e-12-6.892967099880742e-14j)
intensity 3.315070596848358e-24
data entry 36800 [1.21901219e-24 6.54857406e-26 1.27590083e-24 ... 1.33876610e-24
 2.16008181e-25 9.93560411e-25]
finishing 36800
disp entry 37600 (-0.4197710257691817+0.15802680281216688j)
starting: 37600
some stuff:
tdelaylist (1+0j)
ESFGt (1.126746946598807e-16-1.3320496353188377e-16j)
ESFGw (1.7076431414742022e-12-3.8469054330914076e-13j)
intensity 3.0640319127353635e-24
data entry 37600 [1.79786273e-24 7.16603588e-26 1.55281200e-24 ... 2.21393586e-24
 9.39860380e-26 7.70088695e-25]
finishing 37600
disp entry 38400 (-0.45330087323767376-0.12270267153734568j)
starting: 38400
some stuff:
tdelaylist (1+0j)
ESFGt (1.4336336755417454e-16+9.102211085525818e-17j)
ESFGw (1.77242899176977e-12-2.1129365618266505e-13j)
intensity 3.1861495400090416e-24
data entry 38400 [1.34147649e-24 5.10011987e-26 1.75115723e-24 ... 1.75347579e-24
 2.19919032e-25 1.15772602e-24]
finishing 38400
disp entry 39200 (-0.17469875872474322-0.17080828689291422j)
starting: 39200
some stuff:
tdelaylist (1+0j)
ESFGt (-7.371464627067902e-17+1.1735989716660395e-16j)
ESFGw (1.6870545758995714e-12-1.7191109646930158e-13j)
intensity 2.87570656715296e-24
data entry 39200 [1.42146829e-24 2.07005149e-25 1.48999429e-24 ... 2.03194587e-24
 2.02555257e-26 9.14648694e-25]
finishing 39200
disp entry 40000 (-0.11214795802928271+0.10491020318740657j)
starting: 40000
some stuff:
tdelaylist (1+0j)
ESFGt (-1.3412596155244889e-16-1.0473971592838464e-16j)
ESFGw (1.5105590389641321e-12-2.905943714825998e-13j)
intensity 2.3662336989336093e-24
data entry 40000 [1.14815517e-24 2.07110650e-25 1.33363876e-24 ... 1.44572614e-24
 9.77012930e-26 1.12813114e-24]
finishing 40000
disp entry 40800 (-0.3842343866707455+0.1817363952637222j)
starting: 40800
some stuff:
tdelaylist (1+0j)
ESFGt (-1.0633970903988694e-16+9.236327647526829e-17j)
ESFGw (1.902275212350979e-12-2.410224797522176e-13j)
intensity 3.67674281927087e-24
data entry 40800 [1.33361894e-24 1.36661128e-25 2.12249503e-24 ... 1.78490280e-24
 2.84603157e-25 1.55628195e-24]
finishing 40800
disp entry 41600 (-0.47512742566221566-0.0859793941524216j)
starting: 41600
some stuff:
tdelaylist (1+0j)
ESFGt (6.828422134196976e-17+1.4319443848816556e-16j)
ESFGw (1.7255736770027674e-12-3.508421851650123e-13j)
intensity 3.100694753656211e-24
data entry 41600 [1.47323744e-24 8.04771609e-26 2.40788975e-24 ... 2.17158311e-24
 1.51058499e-25 1.65436849e-24]
finishing 41600
disp entry 42400 (-0.21250898917091932-0.19069255117999337j)
starting: 42400
some stuff:
tdelaylist (1+0j)
ESFGt (1.3438327134954607e-16-1.4671885929856652e-17j)
ESFGw (1.9229422741628976e-12-1.7930231951956976e-13j)
intensity 3.729856311547876e-24
data entry 42400 [1.51685757e-24 1.33142995e-25 1.28763430e-24 ... 2.02963094e-24
 2.49560806e-26 7.95232927e-25]
finishing 42400
disp entry 43200 (-0.09425995765484863+0.0661156554360073j)
starting: 43200
some stuff:
tdelaylist (1+0j)
ESFGt (-4.42528184320787e-17+1.5061487523998259e-16j)
ESFGw (1.840652630313855e-12-3.4285768668596006e-13j)
intensity 3.50555349880096e-24
data entry 43200 [1.46908710e-24 1.40695477e-25 2.14854915e-24 ... 2.10397740e-24
 1.16716373e-25 1.55113390e-24]
finishing 43200
disp entry 44000 (-0.3445608292964949+0.1975795748026719j)
starting: 44000
some stuff:
tdelaylist (1+0j)
ESFGt (1.8628961931703746e-17+1.6766725711697395e-17j)
ESFGw (1.6769675925676353e-12-2.1447080222891657e-13j)
intensity 2.8582180315308054e-24
data entry 44000 [1.23799227e-24 5.93396457e-26 1.40972712e-24 ... 1.63912913e-24
 8.88535229e-26 9.40037531e-25]
finishing 44000
disp entry 44800 (-0.4888827781028081-0.045534520906651124j)
starting: 44800
some stuff:
tdelaylist (1+0j)
ESFGt (-1.523375433335205e-17+5.5056549315409045e-18j)
ESFGw (1.6955551546127268e-12-4.0693576980332935e-13j)
intensity 3.040504003079217e-24
data entry 44800 [1.33313651e-24 1.97040485e-25 1.99496744e-24 ... 1.94307595e-24
 1.03471998e-25 1.51516048e-24]
finishing 44800
disp entry 45600 (-0.25361539080227835-0.20232273765968942j)
starting: 45600
some stuff:
tdelaylist (1+0j)
ESFGt (-2.651993828516643e-17+1.4561404581376635e-16j)
ESFGw (1.800029743315168e-12-1.3322242614632884e-13j)
intensity 3.257855291647584e-24
data entry 45600 [1.44015836e-24 1.46015049e-25 1.39407925e-24 ... 1.91337281e-24
 9.49367292e-26 9.26655414e-25]
finishing 45600
disp entry 46400 (-0.08478650724202158+0.024459308621781518j)
starting: 46400
some stuff:
tdelaylist (1+0j)
ESFGt (-5.76100883819547e-17-5.345458620813922e-17j)
ESFGw (1.6855297539641878e-12-2.6749522735736164e-13j)
intensity 2.912564248157542e-24
data entry 46400 [1.42316499e-24 3.00169292e-25 1.58814583e-24 ... 2.06900131e-24
 3.33775116e-26 1.23215979e-24]
finishing 46400
disp entry 47200 (-0.3024676133266657+0.20487057349617535j)
starting: 47200
some stuff:
tdelaylist (1+0j)
ESFGt (-7.949142932241051e-17+1.8063440461391155e-17j)
ESFGw (1.690000570042649e-12-4.56398807635594e-13j)
intensity 3.0644017983556706e-24
data entry 47200 [1.13411194e-24 1.91686669e-25 1.84253282e-24 ... 1.74650755e-24
 1.68839696e-25 1.27466880e-24]
finishing 47200
disp entry 48000 (-0.4939715336831175-0.0031186976884791016j)
starting: 48000
some stuff:
tdelaylist (1+0j)
ESFGt (2.1748913147386416e-17-5.040692494749235e-17j)
ESFGw (1.5473950246147616e-12-1.676094159297481e-13j)
intensity 2.4225242785108297e-24
data entry 48000 [8.57971857e-25 6.76242807e-26 2.00265922e-24 ... 1.25380346e-24
 9.97852552e-26 1.67741120e-24]
finishing 48000
disp entry 48800 (-0.2962386836451342-0.2051954367151953j)
starting: 48800
some stuff:
tdelaylist (1+0j)
ESFGt (-7.702404514160923e-17-1.3992061567516948e-16j)
ESFGw (1.6653319348525208e-12-3.317992582074769e-13j)
intensity 2.8834212009866727e-24
data entry 48800 [1.22926377e-24 2.48637579e-25 1.41469937e-24 ... 1.79310804e-24
 1.41791977e-26 1.07840401e-24]
finishing 48800
disp entry 49600 (-0.08413766264420536-0.01825575304643144j)
starting: 49600
some stuff:
tdelaylist (1+0j)
ESFGt (-1.4357487290229223e-17-2.601703140276946e-18j)
ESFGw (1.847163047519196e-12-2.318119654565187e-13j)
intensity 3.465748111449218e-24
data entry 49600 [1.33155031e-24 1.31094181e-25 1.43040523e-24 ... 1.65285098e-24
 5.57192880e-26 1.15248244e-24]
finishing 49600
disp entry 50400 (-0.25977673273862095+0.20329380234960573j)
starting: 50400
some stuff:
tdelaylist (1+0j)
ESFGt (-1.1262337774890053e-16+9.060004985784288e-17j)
ESFGw (1.6070916299126825e-12-2.5773957620933707e-13j)
intensity 2.649173196079971e-24
data entry 50400 [8.96825145e-25 1.36655525e-25 1.60272881e-24 ... 1.42501258e-24
 3.32932579e-26 1.24370584e-24]
finishing 50400
disp entry 51200 (-0.49017342693266497+0.03943211755333818j)
starting: 51200
some stuff:
tdelaylist (1+0j)
ESFGt (-3.5140719290658996e-18+6.315398732909668e-17j)
ESFGw (1.816333108223267e-12-2.1388186360882244e-13j)
intensity 3.344811411608776e-24
data entry 51200 [1.50261530e-24 1.36421439e-25 1.77999007e-24 ... 2.05956481e-24
 1.51133578e-25 1.11236778e-24]
finishing 51200
disp entry 52000 (-0.3385339294816315-0.19918630431012985j)
starting: 52000
some stuff:
tdelaylist (1+0j)
ESFGt (9.761525097944625e-17+1.0299747220383578e-16j)
ESFGw (1.5848836999732274e-12-1.9930238015497537e-13j)
intensity 2.5515777811762655e-24
data entry 52000 [1.09737574e-24 1.22820663e-25 1.58837671e-24 ... 1.62924525e-24
 5.09465474e-26 1.12074639e-24]
finishing 52000
disp entry 52800 (-0.09234150893217033-0.06018061916088426j)
starting: 52800
some stuff:
tdelaylist (1+0j)
ESFGt (-8.111015782400075e-17-1.4815550120739723e-18j)
ESFGw (1.7350708543528715e-12-2.737883704473365e-13j)
intensity 3.085430941417011e-24
data entry 52800 [1.35991835e-24 9.93065092e-26 2.23409452e-24 ... 2.00888000e-24
 3.30094460e-25 1.45201400e-24]
finishing 52800
disp entry 53600 (-0.21833605126830066+0.19291751149464198j)
starting: 53600
some stuff:
tdelaylist (1+0j)
ESFGt (1.1355775134813528e-16-1.0674825547265178e-16j)
ESFGw (1.7925691313258607e-12-3.667010271823923e-13j)
intensity 3.347773733918973e-24
data entry 53600 [1.09602978e-24 7.81626178e-26 2.36019150e-24 ... 1.92612212e-24
 3.23105758e-25 1.53726907e-24]
finishing 53600
disp entry 54400 (-0.4776528579208011+0.08027612377519103j)
starting: 54400
some stuff:
tdelaylist (1+0j)
ESFGt (2.7533072577368667e-18-4.4686827389535835e-17j)
ESFGw (1.6764506449717942e-12-1.7636456531300304e-13j)
intensity 2.841591224924389e-24
data entry 54400 [1.25892128e-24 6.67844638e-26 1.53408516e-24 ... 1.56123996e-24
 1.56759933e-25 1.13508406e-24]
finishing 54400
disp entry 55200 (-0.378670389523831-0.18455544418802738j)
starting: 55200
some stuff:
tdelaylist (1+0j)
ESFGt (1.0237648375237485e-17+1.2956914982942775e-17j)
ESFGw (1.8488093000978978e-12-2.8821953504398756e-13j)
intensity 3.50116632850945e-24
data entry 55200 [1.75609479e-24 1.93599190e-25 1.44617912e-24 ... 1.76197144e-24
 1.17949686e-25 1.25238527e-24]
finishing 55200
disp entry 56000 (-0.10904294473902171-0.09950058272420632j)
starting: 56000
some stuff:
tdelaylist (1+0j)
ESFGt (1.0736618945307121e-17+2.0400598310240997e-18j)
ESFGw (1.1362655608082584e-12-3.823096353383626e-13j)
intensity 1.4372600819514578e-24
data entry 56000 [4.63889339e-25 4.23162744e-25 1.81796747e-24 ... 1.39833072e-24
 9.25081627e-26 1.56819172e-24]
finishing 56000
disp entry 56800 (-0.17993931810585606+0.17419083599995314j)
starting: 56800
some stuff:
tdelaylist (1+0j)
ESFGt (-1.3194570176953935e-17+7.539276794740967e-18j)
ESFGw (1.6144204029178155e-12-5.054390066205894e-13j)
intensity 2.8618218267709296e-24
data entry 56800 [3.12765854e-25 2.61690637e-25 1.35927833e-24 ... 1.06685246e-24
 5.81735905e-26 1.40928270e-24]
finishing 56800
disp entry 57600 (-0.45695177624218736+0.11764539872088291j)
starting: 57600
some stuff:
tdelaylist (1+0j)
ESFGt (-6.752298919752936e-18+1.7303668107328524e-17j)
ESFGw (1.484692143532973e-12-2.99703838135823e-13j)
intensity 2.2941331516618772e-24
data entry 57600 [2.58110876e-24 2.08289721e-25 2.31649729e-24 ... 2.72909101e-24
 2.22175599e-25 1.57254390e-24]
finishing 57600
disp entry 58400 (-0.4149107674691098-0.16193614934900882j)
starting: 58400
some stuff:
tdelaylist (1+0j)
ESFGt (-1.135492765720436e-17-3.8608503135958965e-17j)
ESFGw (1.7739377675130008e-12+1.071972371979868e-13j)
intensity 3.1583464506718915e-24
data entry 58400 [1.42862710e-24 1.78307902e-25 1.39602896e-24 ... 1.46522041e-24
 3.03216819e-25 5.79286683e-25]
finishing 58400
disp entry 59200 (-0.13351905273111578-0.1345136892729075j)
starting: 59200
some stuff:
tdelaylist (1+0j)
ESFGt (-1.1924938851201681e-16-8.843626665380705e-17j)
ESFGw (2.08453913852491e-12-5.086356683059456e-13j)
intensity 4.604013663115209e-24
data entry 59200 [7.44721209e-25 3.31146889e-25 2.09060826e-24 ... 1.68197031e-24
 8.88057909e-26 2.09740040e-24]
finishing 59200
disp entry 60000 (-0.1462485259254141+0.14792435517579497j)
starting: 60000
some stuff:
tdelaylist (1+0j)
ESFGt (8.652816761187308e-18+1.4978837257765418e-19j)
ESFGw (1.8586391106745204e-12-1.1366276843338685e-13j)
intensity 3.467458568656913e-24
data entry 60000 [2.14104997e-24 3.58176907e-26 1.57476575e-24 ... 2.14433085e-24
 6.99160224e-25 1.46137550e-24]
finishing 60000
disp entry 60800 (-0.4289662228686123+0.14992242297972885j)
starting: 60800
some stuff:
tdelaylist (1+0j)
ESFGt (1.2323222591012254e-17-8.527183153221042e-18j)
ESFGw (1.8167997488383048e-12-5.051358636931624e-13j)
intensity 3.555923568167964e-24
data entry 60800 [2.32231304e-24 9.84113817e-26 1.18501006e-24 ... 1.28083047e-24
 6.14954281e-25 4.65607340e-25]
finishing 60800
disp entry 61600 (-0.44568640792176867-0.1323074901258889j)
starting: 61600
some stuff:
tdelaylist (1+0j)
ESFGt (4.831016167308918e-17-1.2222216578093236e-16j)
ESFGw (1.6764254914813925e-12-3.852192002884447e-13j)
intensity 2.958796260759498e-24
data entry 61600 [1.39962910e-24 7.28016622e-25 2.46508785e-24 ... 2.49572849e-24
 1.04957078e-25 2.64976137e-24]
finishing 61600
disp entry 62400 (-0.1647103908980596-0.16370440553658375j)
starting: 62400
some stuff:
tdelaylist (1+0j)
ESFGt (-1.392645176842846e-17-6.888906332438211e-17j)
ESFGw (1.2866591472815436e-12-3.377220378353307e-13j)
intensity 1.769547936122918e-24
data entry 62400 [1.04936777e-24 2.79424666e-25 9.45429075e-25 ... 5.72988764e-25
 4.12240265e-25 9.62426642e-25]
finishing 62400
disp entry 63200 (-0.11872197196160783+0.1152550068580099j)
starting: 63200
some stuff:
tdelaylist (1+0j)
ESFGt (-1.0527596599675231e-16-1.1085860535553013e-16j)
ESFGw (1.4931632319470367e-12-2.307130181344874e-13j)
intensity 2.2827649339752445e-24
data entry 63200 [4.53861974e-25 5.27657529e-25 1.38666744e-24 ... 1.73195157e-24
 1.06286471e-25 1.63351150e-24]
finishing 63200
disp entry 64000 (-0.3949075452470487+0.17571009389630268j)
starting: 64000
some stuff:
tdelaylist (1+0j)
ESFGt (1.414522053676566e-16+3.907385079955254e-17j)
ESFGw (1.4852307751722638e-12+1.9029743059117976e-13j)
intensity 2.2421235676084084e-24
data entry 64000 [1.06905045e-24 4.45502017e-25 1.22637910e-24 ... 1.91654168e-24
 1.09349067e-25 2.09289871e-24]
finishing 64000
Top-level running in PID 86109 (name=__main__)
Running interfere() with b=63846.153846153844, sigma_s=13.0
MID-level running in PID 86109 (name=__main__)
E1_shared element:  0j
E1 element:  (-5.65893224225274e-10+7.405806200767109e-10j)
this thing psm_682e7982
ill try to just make an array with this now
testfreq element:  0.0
did it
disp entry 0 (-0.08332452033614668+0j)
starting: 0
some stuff:
tdelaylist (1+0j)
ESFGt (3.4829331909971287e-28+1.7595959734202635e-28j)
ESFGw (-5.320163797353783e-13+4.0669616112321005e-14j)
intensity 2.8469544598146175e-25
data entry 0 [7.61649410e-26 6.81532513e-26 2.18207808e-25 ... 1.65159316e-25
 8.38386333e-27 2.14743511e-25]
finishing 0
disp entry 800 (-0.27796535717647075+0.2050566582042932j)
starting: 800
some stuff:
tdelaylist (1+0j)
ESFGt (1.514832714560743e-27+1.613938404418118e-27j)
ESFGw (-2.6281858633847577e-12+2.2236552876808702e-13j)
intensity 6.956807360879797e-24
data entry 800 [8.57426774e-25 9.51124817e-25 2.65347983e-24 ... 1.97520500e-24
 1.83815569e-25 2.75189420e-24]
finishing 800
disp entry 1600 (-0.4928812110671021+0.021359994690023542j)
starting: 1600
some stuff:
tdelaylist (1+0j)
ESFGt (2.1572266718673485e-27+1.3450494568422397e-27j)
ESFGw (-2.3203487742318174e-12+3.2720375887917985e-13j)
intensity 5.491080733903763e-24
data entry 1600 [2.14795544e-24 2.53419047e-24 6.92105243e-24 ... 5.02760413e-24
 3.28455596e-25 6.97976129e-24]
finishing 1600
disp entry 2400 (-0.32062736491562593-0.20283166645248532j)
starting: 2400
some stuff:
tdelaylist (1+0j)
ESFGt (1.348932963178338e-27+2.030533096886966e-28j)
ESFGw (-2.5350871575569034e-12+2.0091805823241327e-13j)
intensity 6.4670349625338226e-24
data entry 2400 [1.66572320e-24 1.58510810e-24 5.22713040e-24 ... 3.44417277e-24
 1.76217048e-25 4.86820892e-24]
finishing 2400
disp entry 3200 (-0.08776846410639105-0.04248822020746742j)
starting: 3200
some stuff:
tdelaylist (1+0j)
ESFGt (1.6931129892718188e-27+3.6781250298837795e-28j)
ESFGw (-2.4396552486538603e-12+3.588986746683176e-13j)
intensity 6.080725990963004e-24
data entry 3200 [1.65174169e-24 1.54176763e-24 5.21905598e-24 ... 3.30208393e-24
 1.90565700e-25 4.75999734e-24]
finishing 3200
disp entry 4000 (-0.23576625864575806+0.19840582548751706j)
starting: 4000
some stuff:
tdelaylist (1+0j)
ESFGt (3.655836645855458e-27+8.121921143689857e-28j)
ESFGw (-2.611102306593338e-12+5.334367930015516e-13j)
intensity 7.102410067624834e-24
data entry 4000 [1.82032578e-24 2.05485388e-24 5.05757097e-24 ... 3.71983463e-24
 4.61310933e-25 5.02097973e-24]
finishing 4000
disp entry 4800 (-0.4840415430690601+0.06315542221883048j)
starting: 4800
some stuff:
tdelaylist (1+0j)
ESFGt (1.225965242121778e-27+1.817218124098896e-27j)
ESFGw (-2.2951324001041495e-12-7.857473352523847e-14j)
intensity 5.273806722756395e-24
data entry 4800 [2.34893087e-24 1.55594756e-24 5.28664110e-24 ... 4.91156416e-24
 2.88020239e-25 5.35160772e-24]
finishing 4800
disp entry 5600 (-0.3619056678810876-0.1918271584251852j)
starting: 5600
some stuff:
tdelaylist (1+0j)
ESFGt (1.4815987481042104e-27+1.9805584392111214e-28j)
ESFGw (-2.6596867069850205e-12+5.458290069926264e-13j)
intensity 7.37186268418738e-24
data entry 5600 [1.14913775e-24 1.04493654e-24 3.68886336e-24 ... 2.29243477e-24
 1.93601024e-25 3.33317196e-24]
finishing 5600
disp entry 6400 (-0.10090794045923898-0.08313734878120543j)
starting: 6400
some stuff:
tdelaylist (1+0j)
ESFGt (8.34909639387836e-28+2.058822084879801e-27j)
ESFGw (-2.223450590310705e-12+5.088505571765323e-13j)
intensity 5.202661417091889e-24
data entry 6400 [2.16664832e-24 1.67297009e-24 4.87168255e-24 ... 4.41597213e-24
 3.94069017e-25 5.02696671e-24]
finishing 6400
disp entry 7200 (-0.19585664640014067+0.18316704787788468j)
starting: 7200
some stuff:
tdelaylist (1+0j)
ESFGt (1.5762514564165497e-27-7.681801523754344e-28j)
ESFGw (-2.5062126852992694e-12+4.303786060172454e-13j)
intensity 6.4663277684723216e-24
data entry 7200 [1.69398189e-24 1.94966792e-24 5.51036113e-24 ... 3.25004094e-24
 1.91550724e-25 4.94753891e-24]
finishing 7200
disp entry 8000 (-0.46674482981831067+0.10221718361476176j)
starting: 8000
some stuff:
tdelaylist (1+0j)
ESFGt (2.115713261390566e-27+2.782438045119111e-27j)
ESFGw (-2.6348359258299148e-12+1.1113679421193012e-13j)
intensity 6.954711743071686e-24
data entry 8000 [2.73378402e-24 1.75807738e-24 6.53221439e-24 ... 5.13235502e-24
 5.38031199e-26 6.00014717e-24]
finishing 8000
disp entry 8800 (-0.4000135453943324-0.17251946140905j)
starting: 8800
some stuff:
tdelaylist (1+0j)
ESFGt (1.313067127359594e-27+9.801556423976932e-28j)
ESFGw (-2.34453255421041e-12-7.869811573246732e-14j)
intensity 5.503026291172232e-24
data entry 8800 [2.33772851e-24 1.80402140e-24 5.66817632e-24 ... 5.32570103e-24
 1.31337112e-25 6.10374838e-24]
finishing 8800
disp entry 9600 (-0.12217421055568767-0.12018789869367334j)
starting: 9600
some stuff:
tdelaylist (1+0j)
ESFGt (1.851040515268151e-27-1.523021217612526e-29j)
ESFGw (-2.536018270382634e-12+2.453883450603822e-13j)
intensity 6.491604107605999e-24
data entry 9600 [2.23249105e-24 7.33573341e-25 5.25493145e-24 ... 3.42869827e-24
 2.05818284e-26 3.82942392e-24]
finishing 9600
disp entry 10400 (-0.1599639976939711+0.15999993192688947j)
starting: 10400
some stuff:
tdelaylist (1+0j)
ESFGt (3.3926407168086596e-27+2.142243243798081e-27j)
ESFGw (-2.8284475456219482e-12+2.5941011491670274e-13j)
intensity 8.06740912605592e-24
data entry 10400 [1.08582160e-24 2.30417732e-24 4.40535701e-24 ... 4.07058633e-24
 5.69617926e-25 5.88866708e-24]
finishing 10400
disp entry 11200 (-0.44173975507885027+0.13685450062843046j)
starting: 11200
some stuff:
tdelaylist (1+0j)
ESFGt (1.114266903427575e-27+9.112394485490457e-28j)
ESFGw (-2.249311847890567e-12+4.715693981138802e-14j)
intensity 5.061627566033253e-24
data entry 11200 [2.07690398e-24 1.00073846e-24 5.54351945e-24 ... 3.92167134e-24
 1.08672241e-25 4.57232184e-24]
finishing 11200
disp entry 12000 (-0.43330150782337373-0.14574430408077105j)
starting: 12000
some stuff:
tdelaylist (1+0j)
ESFGt (2.9993612351154655e-27+1.748962557946106e-27j)
ESFGw (-2.550750843183236e-12+2.2508297309320469e-13j)
intensity 6.556992208776466e-24
data entry 12000 [1.37555843e-24 1.44894005e-24 3.80716732e-24 ... 3.86159614e-24
 3.83681405e-25 4.66399688e-24]
finishing 12000
disp entry 12800 (-0.15064676938931237-0.1520361464648941j)
starting: 12800
some stuff:
tdelaylist (1+0j)
ESFGt (4.697095353787049e-28+2.169024369515704e-27j)
ESFGw (-2.238477632421354e-12+6.069710706269049e-14j)
intensity 5.0144662496564894e-24
data entry 12800 [2.06480814e-24 1.87561593e-24 5.27273364e-24 ... 5.27131163e-24
 1.30597985e-25 6.27448779e-24]
finishing 12800
disp entry 13600 (-0.12964191655268456+0.12990726026263566j)
starting: 13600
some stuff:
tdelaylist (1+0j)
ESFGt (3.375713388954089e-27-4.479103308159734e-27j)
ESFGw (-2.198016074705933e-12+1.7353609868542286e-13j)
intensity 4.8613894422126336e-24
data entry 13600 [2.73057311e-24 1.72227757e-24 6.01595774e-24 ... 4.62657253e-24
 2.59749250e-26 5.68927198e-24]
finishing 13600
disp entry 14400 (-0.41010865705005745+0.16556810594236218j)
starting: 14400
some stuff:
tdelaylist (1+0j)
ESFGt (2.6184390601909085e-27+3.755214344412072e-27j)
ESFGw (-2.5519647159355507e-12-5.625794968766584e-14j)
intensity 6.515688868283077e-24
data entry 14400 [1.64372628e-24 1.48342887e-24 5.56326749e-24 ... 3.94892468e-24
 2.98690806e-25 5.11628223e-24]
finishing 14400
disp entry 15200 (-0.4603286943152921-0.11266064220723578j)
starting: 15200
some stuff:
tdelaylist (1+0j)
ESFGt (2.1981616308604966e-27-6.0899331504928655e-28j)
ESFGw (-2.4875882603803134e-12+3.972148131248243e-13j)
intensity 6.345874960947743e-24
data entry 15200 [1.49283965e-24 1.15853254e-24 4.66560161e-24 ... 2.74187147e-24
 2.20103173e-25 3.50871578e-24]
finishing 15200
disp entry 16000 (-0.18509318960763632-0.17730354891892558j)
starting: 16000
some stuff:
tdelaylist (1+0j)
ESFGt (3.585637236535051e-27-1.6026173491931346e-27j)
ESFGw (-2.3310953861654937e-12+2.6801044022972675e-14j)
intensity 5.434723995362773e-24
data entry 16000 [1.74567165e-24 1.89384308e-24 5.01645761e-24 ... 5.26057690e-24
 1.90044140e-25 6.42999817e-24]
finishing 16000
disp entry 16800 (-0.10620288642397324+0.09419158640287606j)
starting: 16800
some stuff:
tdelaylist (1+0j)
ESFGt (4.372425594305598e-27+1.4069812193566824e-27j)
ESFGw (-2.5140579722193745e-12-4.3168593699682845e-15j)
intensity 6.320506122954611e-24
data entry 16800 [1.72282690e-24 2.33031901e-24 4.60135026e-24 ... 3.48546029e-24
 1.99284147e-25 5.53640311e-24]
finishing 16800
disp entry 17600 (-0.37322067963738087+0.18711513856946j)
starting: 17600
some stuff:
tdelaylist (1+0j)
ESFGt (1.257029330407187e-28+1.6448492686488345e-27j)
ESFGw (-2.484704282601502e-12+1.6864244375969228e-13j)
intensity 6.202195645815484e-24
data entry 17600 [1.74108970e-24 1.84017477e-24 4.49751746e-24 ... 3.07122073e-24
 1.84057493e-25 4.61524349e-24]
finishing 17600
disp entry 18400 (-0.47992524008597015-0.074700493544606j)
starting: 18400
some stuff:
tdelaylist (1+0j)
ESFGt (1.5741579733529224e-27+1.0211724678661809e-27j)
ESFGw (-2.5345424543854467e-12+1.8110708245588913e-13j)
intensity 6.456705228397887e-24
data entry 18400 [1.92394005e-24 2.53388789e-24 5.34702474e-24 ... 3.46858094e-24
 1.27704211e-25 5.83337510e-24]
finishing 18400
disp entry 19200 (-0.22402246681164956-0.19489641306904357j)
starting: 19200
some stuff:
tdelaylist (1+0j)
ESFGt (1.2418896413700617e-27-1.280415327419042e-27j)
ESFGw (-2.7053940684917954e-12+4.4148495623175243e-13j)
intensity 7.514066032409543e-24
data entry 19200 [2.03709322e-24 1.43235437e-24 5.00884849e-24 ... 2.99094723e-24
 9.50904201e-26 3.93135157e-24]
finishing 19200
disp entry 20000 (-0.09066145967086797+0.05439885406254672j)
starting: 20000
some stuff:
tdelaylist (1+0j)
ESFGt (-2.5526849564962007e-28+2.8187864627580235e-27j)
ESFGw (-2.6543936319789463e-12+2.8772817461941713e-13j)
intensity 7.128593055960204e-24
data entry 20000 [1.18328194e-24 1.50637123e-24 4.95684792e-24 ... 3.54523820e-24
 4.73501486e-25 4.57338547e-24]
finishing 20000
disp entry 20800 (-0.33267250941214777+0.2005629407697033j)
starting: 20800
some stuff:
tdelaylist (1+0j)
ESFGt (5.760006872572962e-27-2.2491915940911054e-27j)
ESFGw (-2.6254948735926487e-12+1.500089115424874e-13j)
intensity 6.915726004803439e-24
data entry 20800 [1.90270642e-24 1.76372717e-24 4.20885629e-24 ... 3.30905288e-24
 1.38911680e-25 4.92014842e-24]
finishing 20800
disp entry 21600 (-0.49124291371500883-0.03350695331973686j)
starting: 21600
some stuff:
tdelaylist (1+0j)
ESFGt (1.406463425991148e-27+1.2255578207873889e-27j)
ESFGw (-2.2817498758487265e-12+3.4938176483867434e-13j)
intensity 5.328450113537465e-24
data entry 21600 [1.84945263e-24 1.87585684e-24 5.02056492e-24 ... 4.12424937e-24
 1.17388799e-25 5.78970705e-24]
finishing 21600
disp entry 22400 (-0.26574955729597927-0.20405323633608952j)
starting: 22400
some stuff:
tdelaylist (1+0j)
ESFGt (1.304586664589478e-28-3.7615366625723303e-29j)
ESFGw (-2.3712212748883132e-12+4.0167803978807815e-13j)
intensity 5.784035582130951e-24
data entry 22400 [2.36621293e-24 1.30988530e-24 5.79197081e-24 ... 4.05512574e-24
 6.33272721e-26 4.64225316e-24]
finishing 22400
disp entry 23200 (-0.08369034293483901+0.012251481379495556j)
starting: 23200
some stuff:
tdelaylist (1+0j)
ESFGt (-5.928261346755877e-29+2.2442037141508134e-27j)
ESFGw (-2.819336344245249e-12+3.7787958526158683e-13j)
intensity 8.091450402939634e-24
data entry 23200 [2.18192302e-24 1.51916573e-24 5.01637522e-24 ... 3.51027718e-24
 6.53737036e-26 4.56061122e-24]
finishing 23200
disp entry 24000 (-0.29021926344586946+0.20532942789944855j)
starting: 24000
some stuff:
tdelaylist (1+0j)
ESFGt (-1.010355516657965e-27-8.181980976636618e-27j)
ESFGw (-2.707222467035475e-12+4.960871123615984e-13j)
intensity 7.57515590907291e-24
data entry 24000 [1.60847232e-24 1.02109037e-24 5.26155315e-24 ... 4.39551578e-24
 2.41805624e-25 4.58608292e-24]
finishing 24000
disp entry 24800 (-0.4937918326235938+0.009136926722173132j)
starting: 24800
some stuff:
tdelaylist (1+0j)
ESFGt (2.403365721793083e-26-1.2979065921256346e-26j)
ESFGw (-2.669436720281748e-12+4.343882024915313e-13j)
intensity 7.314585514052401e-24
data entry 24800 [1.84378299e-24 1.10266938e-24 5.84373028e-24 ... 4.46715631e-24
 2.25479574e-25 4.47566556e-24]
finishing 24800
disp entry 25600 (-0.3084683147303033-0.2043776679908563j)
starting: 25600
some stuff:
tdelaylist (1+0j)
ESFGt (1.3503347190092854e-27-7.083562999031441e-27j)
ESFGw (-2.42665956773358e-12+4.218307560893697e-13j)
intensity 6.0666178444558534e-24
data entry 25600 [2.44801285e-24 1.78008030e-24 5.62214850e-24 ... 3.62357015e-24
 1.05757959e-25 4.55713847e-24]
finishing 25600
disp entry 26400 (-0.08559127920263429-0.030426193509574158j)
starting: 26400
some stuff:
tdelaylist (1+0j)
ESFGt (2.6707751916488685e-27+1.135280617404889e-26j)
ESFGw (-2.4432842901656038e-12+2.676940700357955e-13j)
intensity 6.041298237702368e-24
data entry 26400 [1.59875674e-24 1.12214410e-24 5.78317828e-24 ... 4.75953563e-24
 2.59260086e-25 5.10598767e-24]
finishing 26400
disp entry 27200 (-0.24769851952128205+0.20120828379483222j)
starting: 27200
some stuff:
tdelaylist (1+0j)
ESFGt (-5.891148395361207e-27+2.6251863573981524e-27j)
ESFGw (-2.4313537294595733e-12+3.137906601224927e-13j)
intensity 6.009945536137085e-24
data entry 27200 [1.80680993e-24 1.27342008e-24 4.56432508e-24 ... 4.04498076e-24
 1.00524819e-25 5.57101993e-24]
finishing 27200
disp entry 28000 (-0.48746166751534703+0.051385317251679545j)
starting: 28000
some stuff:
tdelaylist (1+0j)
ESFGt (-4.095600659636309e-27+4.438366792572899e-28j)
ESFGw (-2.522861260179088e-12+2.709297629993612e-13j)
intensity 6.4382318745913045e-24
data entry 28000 [1.63554310e-24 1.07489419e-24 4.74996218e-24 ... 4.03408327e-24
 1.75981698e-25 4.98086859e-24]
finishing 28000
disp entry 28800 (-0.3503296687365974-0.19585566509299235j)
starting: 28800
some stuff:
tdelaylist (1+0j)
ESFGt (-4.271880387295359e-27+3.286948252819316e-27j)
ESFGw (-2.6099539196522414e-12+2.2301474902897134e-13j)
intensity 6.861595040992554e-24
data entry 28800 [1.22211795e-24 1.69058159e-24 5.05452484e-24 ... 3.68433339e-24
 4.04638870e-25 5.07055256e-24]
finishing 28800
disp entry 29600 (-0.09628198693905932-0.07178687847399047j)
starting: 29600
some stuff:
tdelaylist (1+0j)
ESFGt (-4.612026232953042e-19-9.017344243371439e-17j)
ESFGw (-2.562722169890952e-12+1.605549460742539e-13j)
intensity 6.5933228107594956e-24
data entry 29600 [1.98333853e-24 1.43626189e-24 5.18091974e-24 ... 3.95905161e-24
 1.87395844e-25 4.21930016e-24]
finishing 29600
disp entry 30400 (-0.20695077705280712+0.18837789111361647j)
starting: 30400
some stuff:
tdelaylist (1+0j)
ESFGt (-4.80804529285619e-18-1.1352913006573963e-16j)
ESFGw (-2.739667867568407e-12+4.157221442091519e-13j)
intensity 7.678604925772678e-24
data entry 30400 [2.46537164e-24 1.81917703e-24 4.74617322e-24 ... 3.62318480e-24
 3.56694857e-26 5.02710896e-24]
finishing 30400
disp entry 31200 (-0.472526417951415+0.0914095076006959j)
starting: 31200
some stuff:
tdelaylist (1+0j)
ESFGt (-3.5696943101861515e-17+1.0260999261822763e-16j)
ESFGw (-2.59720023265686e-12+3.2626852608519386e-13j)
intensity 6.851900199626651e-24
data entry 31200 [1.51543601e-24 1.27096713e-24 4.43091266e-24 ... 3.34678734e-24
 1.56212165e-25 5.13734909e-24]
finishing 31200
disp entry 32000 (-0.38952166142267697-0.17885610033604898j)
starting: 32000
some stuff:
tdelaylist (1+0j)
ESFGt (2.5027893014068167e-17+9.831609385058838e-17j)
ESFGw (-2.5388189814345985e-12-3.2311393144413003e-15j)
intensity 6.445612260753882e-24
data entry 32000 [1.73621269e-24 1.75728834e-24 5.33675751e-24 ... 3.98975654e-24
 2.56006812e-25 5.00603484e-24]
finishing 32000
disp entry 32800 (-0.11529972162196883-0.11004028695169102j)
starting: 32800
some stuff:
tdelaylist (1+0j)
ESFGt (-9.11117718473953e-17+2.834781034226992e-17j)
ESFGw (-2.434814502794147e-12+1.9086511884869317e-13j)
intensity 5.9647511566098344e-24
data entry 32800 [1.75285006e-24 1.61904527e-24 3.96752939e-24 ... 2.94153724e-24
 1.07119874e-25 4.69388420e-24]
finishing 32800
disp entry 33600 (-0.16973979154494+0.16739361008793785j)
starting: 33600
some stuff:
tdelaylist (1+0j)
ESFGt (2.020057957494265e-17-2.0813083664640402e-17j)
ESFGw (-2.628462551779176e-12+6.269117169832583e-14j)
intensity 6.912745569114408e-24
data entry 33600 [1.18547942e-24 1.47508519e-24 5.36217387e-24 ... 3.55601045e-24
 2.08826569e-25 5.96636300e-24]
finishing 33600
disp entry 34400 (-0.4496325523502561+0.12747706103127154j)
starting: 34400
some stuff:
tdelaylist (1+0j)
ESFGt (6.637469243259502e-17-4.8201274188078587e-17j)
ESFGw (-2.4597698010386804e-12+2.670736895526993e-13j)
intensity 6.121795829753161e-24
data entry 34400 [1.74497767e-24 9.39627835e-25 5.66159197e-24 ... 4.46475557e-24
 2.35887853e-25 4.55453908e-24]
finishing 34400
disp entry 35200 (-0.4243478775114139-0.15411479548824286j)
starting: 35200
some stuff:
tdelaylist (1+0j)
ESFGt (5.152293329048717e-17+7.665791117600135e-19j)
ESFGw (-2.762635172709471e-12+2.8609731771156444e-13j)
intensity 7.71400477269324e-24
data entry 35200 [2.33556688e-24 1.33770617e-24 5.24515820e-24 ... 4.61991009e-24
 1.49493157e-25 4.18118072e-24]
finishing 35200
disp entry 36000 (-0.14182130551934682-0.1435306300404952j)
starting: 36000
some stuff:
tdelaylist (1+0j)
ESFGt (2.40411645812303e-18+3.4201900586449427e-18j)
ESFGw (-2.5183353666302644e-12+1.2624189887899817e-13j)
intensity 6.357950035853364e-24
data entry 36000 [1.34433413e-24 1.67885726e-24 4.97694515e-24 ... 3.58849901e-24
 3.67443455e-25 4.79071334e-24]
finishing 36000
disp entry 36800 (-0.13767623089095254+0.13916373990015324j)
starting: 36800
some stuff:
tdelaylist (1+0j)
ESFGt (-4.279808199903565e-17+5.949823044325661e-17j)
ESFGw (-2.5497581476741082e-12+6.911008224030901e-14j)
intensity 6.50604281509776e-24
data entry 36800 [1.73525370e-24 1.55480440e-24 4.96851287e-24 ... 4.02057514e-24
 2.91948407e-25 4.39779605e-24]
finishing 36800
disp entry 37600 (-0.4197710257691817+0.15802680281216688j)
starting: 37600
some stuff:
tdelaylist (1+0j)
ESFGt (-7.341035377272185e-17-3.5935413302012195e-17j)
ESFGw (-2.314609875292417e-12+2.8243032912378396e-14j)
intensity 5.3582165437092685e-24
data entry 37600 [1.18329270e-24 1.44390385e-24 5.12001228e-24 ... 3.28662022e-24
 2.92619977e-25 5.15293917e-24]
finishing 37600
disp entry 38400 (-0.45330087323767376-0.12270267153734568j)
starting: 38400
some stuff:
tdelaylist (1+0j)
ESFGt (-2.570071341532578e-17+5.5239594105786084e-17j)
ESFGw (-2.481939133380795e-12+9.894147133537867e-14j)
intensity 6.1698112765570204e-24
data entry 38400 [1.48709830e-24 1.69693988e-24 4.22962989e-24 ... 3.33910645e-24
 3.46010840e-25 4.17335107e-24]
finishing 38400
disp entry 39200 (-0.17469875872474322-0.17080828689291422j)
starting: 39200
some stuff:
tdelaylist (1+0j)
ESFGt (-1.3273431557062554e-17-7.976297725492536e-18j)
ESFGw (-2.5036045285531383e-12+3.8355560047498294e-13j)
intensity 6.4151505340475074e-24
data entry 39200 [1.50501507e-24 1.36504184e-24 5.88922900e-24 ... 3.79688545e-24
 1.38764980e-25 5.75908754e-24]
finishing 39200
disp entry 40000 (-0.11214795802928271+0.10491020318740657j)
starting: 40000
some stuff:
tdelaylist (1+0j)
ESFGt (4.190038939512946e-17-4.589105142021209e-17j)
ESFGw (-2.486642836085906e-12-3.6229699795775616e-14j)
intensity 6.1847051854046475e-24
data entry 40000 [1.63815527e-24 1.60092387e-24 4.82965236e-24 ... 3.84653168e-24
 3.13936129e-25 4.47386269e-24]
finishing 40000
disp entry 40800 (-0.3842343866707455+0.1817363952637222j)
starting: 40800
some stuff:
tdelaylist (1+0j)
ESFGt (3.604253262560255e-18+6.009895096910348e-18j)
ESFGw (-2.545871933407051e-12+3.1395112204402054e-13j)
intensity 6.580029208342455e-24
data entry 40800 [1.56508287e-24 1.49478654e-24 6.13958493e-24 ... 3.97302745e-24
 1.55531741e-25 5.94546435e-24]
finishing 40800
disp entry 41600 (-0.47512742566221566-0.0859793941524216j)
starting: 41600
some stuff:
tdelaylist (1+0j)
ESFGt (3.691182839282825e-17-7.106014286161741e-18j)
ESFGw (-2.4919242017085175e-12+3.5650020262234516e-13j)
intensity 6.336778621530406e-24
data entry 41600 [1.58946869e-24 1.79965446e-24 5.65545820e-24 ... 3.76611564e-24
 1.75730689e-25 5.86902910e-24]
finishing 41600
disp entry 42400 (-0.21250898917091932-0.19069255117999337j)
starting: 42400
some stuff:
tdelaylist (1+0j)
ESFGt (1.0126995301873889e-17-4.341785257676975e-17j)
ESFGw (-2.6220635905571665e-12-6.164535028274631e-14j)
intensity 6.879017622137023e-24
data entry 42400 [2.34433335e-24 1.46741770e-24 4.00804241e-24 ... 4.09433759e-24
 1.20685290e-25 3.90120185e-24]
finishing 42400
disp entry 43200 (-0.09425995765484863+0.0661156554360073j)
starting: 43200
some stuff:
tdelaylist (1+0j)
ESFGt (-5.894306863075615e-17-4.962665187749554e-17j)
ESFGw (-2.6457794288781145e-12+1.7276089413209572e-13j)
intensity 7.029995112815921e-24
data entry 43200 [1.79289555e-24 1.01633473e-24 5.08665074e-24 ... 3.51089972e-24
 6.37005353e-26 4.83319083e-24]
finishing 43200
disp entry 44000 (-0.3445608292964949+0.1975795748026719j)
starting: 44000
some stuff:
tdelaylist (1+0j)
ESFGt (-3.102203894463319e-17+1.1392571474863607e-17j)
ESFGw (-2.4361884037871206e-12+1.5420932759913075e-13j)
intensity 5.958794455465415e-24
data entry 44000 [1.43861892e-24 1.62826898e-24 5.44257261e-24 ... 3.60844658e-24
 2.75532171e-25 5.33952411e-24]
finishing 44000
disp entry 44800 (-0.4888827781028081-0.045534520906651124j)
starting: 44800
some stuff:
tdelaylist (1+0j)
ESFGt (1.5294298021756153e-17-7.270701096519355e-17j)
ESFGw (-2.5903636874380354e-12+1.775719328522829e-13j)
intensity 6.741515824534473e-24
data entry 44800 [1.86927865e-24 1.22586560e-24 5.34633635e-24 ... 3.86079849e-24
 7.78254083e-26 5.05575418e-24]
finishing 44800
disp entry 45600 (-0.25361539080227835-0.20232273765968942j)
starting: 45600
some stuff:
tdelaylist (1+0j)
ESFGt (4.438454198829476e-17+4.6110152601795526e-17j)
ESFGw (-2.3521206683752016e-12+1.614233920144148e-13j)
intensity 5.558529150087245e-24
data entry 45600 [1.42232524e-24 1.66309711e-24 4.97367866e-24 ... 3.37164721e-24
 2.09929055e-25 5.13984935e-24]
finishing 45600
disp entry 46400 (-0.08478650724202158+0.024459308621781518j)
starting: 46400
some stuff:
tdelaylist (1+0j)
ESFGt (3.0847543849029534e-17-4.162157800433417e-18j)
ESFGw (-2.6459290487779175e-12+1.843178387694877e-13j)
intensity 7.03491359685547e-24
data entry 46400 [2.36328228e-24 1.43552681e-24 5.18820935e-24 ... 4.60341192e-24
 8.80626138e-26 4.80788490e-24]
finishing 46400
disp entry 47200 (-0.3024676133266657+0.20487057349617535j)
starting: 47200
some stuff:
tdelaylist (1+0j)
ESFGt (6.269580182988872e-18-1.072024915566385e-17j)
ESFGw (-2.6839207939444165e-12+2.5531074650253505e-13j)
intensity 7.268614405446906e-24
data entry 47200 [2.04281316e-24 1.32455345e-24 5.62759498e-24 ... 4.21162337e-24
 6.35585647e-26 5.30279395e-24]
finishing 47200
disp entry 48000 (-0.4939715336831175-0.0031186976884791016j)
starting: 48000
some stuff:
tdelaylist (1+0j)
ESFGt (-2.292247752245836e-17-6.21607769747127e-17j)
ESFGw (-2.560983543287154e-12+1.6237987517098151e-13j)
intensity 6.5850039328481706e-24
data entry 48000 [1.36593972e-24 1.48134992e-24 4.73948340e-24 ... 3.28366878e-24
 2.29781976e-25 4.72410349e-24]
finishing 48000
disp entry 48800 (-0.2962386836451342-0.2051954367151953j)
starting: 48800
some stuff:
tdelaylist (1+0j)
ESFGt (-2.4957263758395297e-17-9.517195586179655e-18j)
ESFGw (-2.5539379638894744e-12+6.649498660027398e-14j)
intensity 6.527020706638886e-24
data entry 48800 [1.76067461e-24 1.78122904e-24 4.16653635e-24 ... 3.82976609e-24
 3.71271032e-25 4.04394862e-24]
finishing 48800
disp entry 49600 (-0.08413766264420536-0.01825575304643144j)
starting: 49600
some stuff:
tdelaylist (1+0j)
ESFGt (-5.836009190251935e-17+2.938462841574936e-17j)
ESFGw (-2.460542620347228e-12+2.1185917603583349e-13j)
intensity 6.099154297015786e-24
data entry 49600 [1.63883804e-24 1.57229362e-24 4.69506016e-24 ... 3.60811148e-24
 2.22417310e-25 4.64513912e-24]
finishing 49600
disp entry 50400 (-0.25977673273862095+0.20329380234960573j)
starting: 50400
some stuff:
tdelaylist (1+0j)
ESFGt (-2.053013611474167e-17+6.691153450910498e-17j)
ESFGw (-2.4889443804576583e-12+1.5709005277142474e-13j)
intensity 6.219521413691486e-24
data entry 50400 [1.40072189e-24 1.35489485e-24 4.76199415e-24 ... 3.25491236e-24
 1.84696572e-25 4.70205286e-24]
finishing 50400
disp entry 51200 (-0.49017342693266497+0.03943211755333818j)
starting: 51200
some stuff:
tdelaylist (1+0j)
ESFGt (-3.355303469458334e-17-6.324725954216784e-17j)
ESFGw (-2.567421535787373e-12+1.8296085133040485e-13j)
intensity 6.625128015544339e-24
data entry 51200 [1.54628862e-24 1.36086729e-24 4.49261614e-24 ... 3.48249843e-24
 2.45091415e-25 4.22824980e-24]
finishing 51200
disp entry 52000 (-0.3385339294816315-0.19918630431012985j)
starting: 52000
some stuff:
tdelaylist (1+0j)
ESFGt (4.42878867234647e-17+1.4610840120659398e-17j)
ESFGw (-2.6530973598615226e-12+3.6733224968721334e-13j)
intensity 7.173858582564451e-24
data entry 52000 [1.99833718e-24 1.75237514e-24 5.58478680e-24 ... 4.21949900e-24
 1.35732669e-25 5.62422533e-24]
finishing 52000
disp entry 52800 (-0.09234150893217033-0.06018061916088426j)
starting: 52800
some stuff:
tdelaylist (1+0j)
ESFGt (6.466098126647817e-17-2.9423251646088064e-17j)
ESFGw (-2.6146628265277805e-12+2.2488109464868788e-13j)
intensity 6.887033203156636e-24
data entry 52800 [1.97344886e-24 1.78686082e-24 5.39165351e-24 ... 4.23237209e-24
 1.83077148e-25 5.31295936e-24]
finishing 52800
disp entry 53600 (-0.21833605126830066+0.19291751149464198j)
starting: 53600
some stuff:
tdelaylist (1+0j)
ESFGt (2.535377096865345e-17-5.721187009890923e-17j)
ESFGw (-2.4669996948056827e-12+2.090684396438558e-13j)
intensity 6.129797106626447e-24
data entry 53600 [2.26954176e-24 1.86759581e-24 4.73569642e-24 ... 4.42065189e-24
 3.18786149e-25 4.27652347e-24]
finishing 53600
disp entry 54400 (-0.4776528579208011+0.08027612377519103j)
starting: 54400
some stuff:
tdelaylist (1+0j)
ESFGt (-1.773155562817888e-17-5.915570332184017e-17j)
ESFGw (-2.738406723601372e-12+3.2943417958841703e-13j)
intensity 7.607398262546295e-24
data entry 54400 [1.59245156e-24 1.34637696e-24 6.23425893e-24 ... 4.09512861e-24
 7.44438911e-26 6.21924604e-24]
finishing 54400
disp entry 55200 (-0.378670389523831-0.18455544418802738j)
starting: 55200
some stuff:
tdelaylist (1+0j)
ESFGt (-5.061761620426281e-17-3.380153937386065e-17j)
ESFGw (-2.631831818450392e-12+5.338724254344562e-13j)
intensity 7.211558487247167e-24
data entry 55200 [2.36085422e-24 1.94774421e-24 4.72350152e-24 ... 4.19694236e-24
 2.49047679e-25 4.49597604e-24]
finishing 55200
disp entry 56000 (-0.10904294473902171-0.09950058272420632j)
starting: 56000
some stuff:
tdelaylist (1+0j)
ESFGt (-4.532635167279231e-17+3.867116502025978e-18j)
ESFGw (-2.7651405470896506e-12-9.850995887072944e-14j)
intensity 7.655706457155965e-24
data entry 56000 [2.61605443e-24 1.12493864e-24 6.34498213e-24 ... 4.93566520e-24
 8.27699188e-26 5.83518782e-24]
finishing 56000
disp entry 56800 (-0.17993931810585606+0.17419083599995314j)
starting: 56800
some stuff:
tdelaylist (1+0j)
ESFGt (1.1990572992698642e-17-1.0949561531744341e-17j)
ESFGw (-2.242742883767912e-12+3.9239640182986424e-13j)
intensity 5.1838705788606335e-24
data entry 56800 [1.63282836e-24 2.15917032e-24 7.22001024e-24 ... 5.06229385e-24
 2.83810344e-25 7.72620876e-24]
finishing 56800
disp entry 57600 (-0.45695177624218736+0.11764539872088291j)
starting: 57600
some stuff:
tdelaylist (1+0j)
ESFGt (1.1900753530914482e-17-6.236967676376508e-17j)
ESFGw (-2.540440947884637e-12-4.25733667069883e-14j)
intensity 6.455652701241761e-24
data entry 57600 [1.90355461e-24 9.92356791e-25 5.41509779e-24 ... 3.86332931e-24
 6.38409508e-26 4.83527784e-24]
finishing 57600
disp entry 58400 (-0.4149107674691098-0.16193614934900882j)
starting: 58400
some stuff:
tdelaylist (1+0j)
ESFGt (2.900946278028983e-17+6.233053860727912e-17j)
ESFGw (-2.717534530738419e-12-1.4086518410061366e-13j)
intensity 7.404836925847378e-24
data entry 58400 [7.99322335e-25 1.19270627e-24 3.67302739e-24 ... 2.75583814e-24
 1.97581503e-25 4.41719877e-24]
finishing 58400
disp entry 59200 (-0.13351905273111578-0.1345136892729075j)
starting: 59200
some stuff:
tdelaylist (1+0j)
ESFGt (-1.4484266365540484e-17-8.399143373899216e-18j)
ESFGw (-2.5851846705005066e-12+6.991620823959543e-13j)
intensity 7.172007398051059e-24
data entry 59200 [2.15809976e-24 3.54560479e-24 7.56367670e-24 ... 5.80140426e-24
 6.41864541e-25 9.36820319e-24]
finishing 59200
disp entry 60000 (-0.1462485259254141+0.14792435517579497j)
starting: 60000
some stuff:
tdelaylist (1+0j)
ESFGt (-4.531773728791457e-17+2.9768944138286923e-18j)
ESFGw (-2.8249234548805013e-12+6.052578143539433e-13j)
intensity 8.3465295477705e-24
data entry 60000 [3.44810032e-24 1.81425946e-24 6.27190044e-24 ... 4.66144196e-24
 2.04893857e-25 6.05586626e-24]
finishing 60000
disp entry 60800 (-0.4289662228686123+0.14992242297972885j)
starting: 60800
some stuff:
tdelaylist (1+0j)
ESFGt (3.1514984263417346e-17-2.350521394033917e-17j)
ESFGw (-2.4727897680876243e-12+5.247044118639188e-13j)
intensity 6.390003956988308e-24
data entry 60800 [1.68370077e-24 9.51106048e-25 2.91134313e-24 ... 1.90059726e-24
 4.17585294e-26 2.58968963e-24]
finishing 60800
disp entry 61600 (-0.44568640792176867-0.1323074901258889j)
starting: 61600
some stuff:
tdelaylist (1+0j)
ESFGt (-1.6495557263616094e-17+4.260712338281547e-17j)
ESFGw (-2.2352232911804215e-12+2.187915647267058e-13j)
intensity 5.044092910230997e-24
data entry 61600 [2.01135358e-24 1.64819340e-24 4.90890907e-24 ... 3.33116158e-24
 2.10225612e-25 3.70487550e-24]
finishing 61600
disp entry 62400 (-0.1647103908980596-0.16370440553658375j)
starting: 62400
some stuff:
tdelaylist (1+0j)
ESFGt (-2.1910228200221195e-18-1.2169928247930275e-17j)
ESFGw (-2.4333686107769203e-12+9.999531584703458e-14j)
intensity 5.931281859105746e-24
data entry 62400 [3.19351117e-24 1.63297241e-24 8.57371809e-24 ... 6.11257743e-24
 2.44515776e-25 6.18878925e-24]
finishing 62400
disp entry 63200 (-0.11872197196160783+0.1152550068580099j)
starting: 63200
some stuff:
tdelaylist (1+0j)
ESFGt (4.2311375824090456e-17+4.9819101855622344e-17j)
ESFGw (-2.353596484372389e-12+5.95934543032306e-13j)
intensity 5.894554390829191e-24
data entry 63200 [1.90883446e-24 3.84353768e-25 5.18492979e-24 ... 3.95883226e-24
 1.35186154e-25 3.88721248e-24]
finishing 63200
disp entry 64000 (-0.3949075452470487+0.17571009389630268j)
starting: 64000
some stuff:
tdelaylist (1+0j)
ESFGt (-6.079616242069608e-17-2.2458364618265713e-17j)
ESFGw (-2.3581219442403434e-12+6.835313565156653e-13j)
intensity 6.0279542192480034e-24
data entry 64000 [8.91128486e-25 9.30498183e-25 4.13757251e-24 ... 2.58919934e-24
 5.06683859e-25 3.29929113e-24]
finishing 64000
Top-level running in PID 90869 (name=__main__)
Running interfere() with b=830.0, sigma_s=10.0
MID-level running in PID 90869 (name=__main__)
E1_shared element:  0j
E1 element:  (-6.697632926213961e-10+8.765146732994227e-10j)
this thing psm_ef2dce60
ill try to just make an array with this now
testfreq element:  0.0
did it
disp entry 0 (-0.08332452033614668+0j)
starting: 0
some stuff:
tdelaylist (1+0j)
ESFGt (4.946912810181288e-32-1.4433565995328638e-32j)
ESFGw (8.698163717069107e-13-8.466903393677949e-14j)
intensity 7.637493657971622e-25
data entry 0 [2.75249600e-26 2.13761521e-26 1.59907213e-26 ... 5.04579375e-26
 4.20779780e-26 3.44299232e-26]
finishing 0
disp entry 800 (-0.27796535717647075+0.2050566582042932j)
starting: 800
some stuff:
tdelaylist (1+0j)
ESFGt (9.897985929969007e-31+1.2504807341335583e-30j)
ESFGw (2.28291691106719e-12+2.6865211444349058e-12j)
intensity 1.2429105482332397e-23
data entry 800 [4.32673110e-24 4.01595673e-24 3.73304090e-24 ... 5.42355237e-24
 5.03079276e-24 4.66514037e-24]
finishing 800
disp entry 1600 (-0.4928812110671021+0.021359994690023542j)
starting: 1600
some stuff:
tdelaylist (1+0j)
ESFGt (-3.669031961006899e-31+5.2527933673838995e-31j)
ESFGw (4.14847670104912e-12-4.656691698912141e-13j)
intensity 1.7426706714934554e-23
data entry 1600 [6.47642577e-25 5.05112814e-25 3.80123966e-25 ... 1.17817030e-24
 9.84443697e-25 8.07499396e-25]
finishing 1600
disp entry 2400 (-0.32062736491562593-0.20283166645248532j)
starting: 2400
some stuff:
tdelaylist (1+0j)
ESFGt (-2.3950518722862783e-30+3.1790182071095622e-31j)
ESFGw (4.148473231602168e-12-4.6567957823207e-13j)
intensity 1.742668762290213e-23
data entry 2400 [6.47652326e-25 5.05110829e-25 3.80123466e-25 ... 1.17821536e-24
 9.84464792e-25 8.07493831e-25]
finishing 2400
disp entry 3200 (-0.08776846410639105-0.04248822020746742j)
starting: 3200
some stuff:
tdelaylist (1+0j)
ESFGt (-1.5928760955337284e-29+1.537030521835767e-30j)
ESFGw (4.148480170496072e-12-4.65674374061642e-13j)
intensity 1.742674034765682e-23
data entry 3200 [6.47649765e-25 5.05130594e-25 3.80125744e-25 ... 1.17820598e-24
 9.84426120e-25 8.07511417e-25]
finishing 3200
disp entry 4000 (-0.23576625864575806+0.19840582548751706j)
starting: 4000
some stuff:
tdelaylist (1+0j)
ESFGt (4.25670390477959e-31-2.998003361828698e-30j)
ESFGw (4.1484871093899756e-12-4.656622309973102e-13j)
intensity 1.7426786610152193e-23
data entry 4000 [6.47651178e-25 5.05127995e-25 3.80132304e-25 ... 1.17820816e-24
 9.84442740e-25 8.07492719e-25]
finishing 4000
disp entry 4800 (-0.4840415430690601+0.06315542221883048j)
starting: 4800
some stuff:
tdelaylist (1+0j)
ESFGt (-3.931960518867752e-30+6.440934156630073e-30j)
ESFGw (4.14847670104912e-12-4.65672639338166e-13j)
intensity 1.7426709946175558e-23
data entry 4800 [6.47663362e-25 5.05133995e-25 3.80127300e-25 ... 1.17821693e-24
 9.84449135e-25 8.07528577e-25]
finishing 4800
disp entry 5600 (-0.3619056678810876-0.1918271584251852j)
starting: 5600
some stuff:
tdelaylist (1+0j)
ESFGt (5.965379171326947e-30-1.0505428748327048e-30j)
ESFGw (4.148469762155216e-12-4.656622309973102e-13j)
intensity 1.7426642680893545e-23
data entry 5600 [6.47648807e-25 5.05104478e-25 3.80128829e-25 ... 1.17819347e-24
 9.84467991e-25 8.07493626e-25]
finishing 5600
disp entry 6400 (-0.10090794045923898-0.08313734878120543j)
starting: 6400
some stuff:
tdelaylist (1+0j)
ESFGt (9.713397581861643e-31+5.7236787248882715e-30j)
ESFGw (4.148481905219548e-12-4.656674351677381e-13j)
intensity 1.7426748278109707e-23
data entry 6400 [6.47643396e-25 5.05124178e-25 3.80132387e-25 ... 1.17823335e-24
 9.84446899e-25 8.07515072e-25]
finishing 6400
disp entry 7200 (-0.19585664640014067+0.18316704787788468j)
starting: 7200
some stuff:
tdelaylist (1+0j)
ESFGt (-5.344202817369379e-30-3.329872688534769e-30j)
ESFGw (4.148473231602168e-12-4.656709046146901e-13j)
intensity 1.74266795447244e-23
data entry 7200 [6.47642438e-25 5.05113725e-25 3.80120491e-25 ... 1.17821316e-24
 9.84451052e-25 8.07507666e-25]
finishing 7200
disp entry 8000 (-0.46674482981831067+0.10221718361476176j)
starting: 8000
some stuff:
tdelaylist (1+0j)
ESFGt (8.542415624713744e-30-1.1273992157493542e-29j)
ESFGw (4.148481905219548e-12-4.656587615503582e-13j)
intensity 1.7426740200142618e-23
data entry 8000 [6.47652741e-25 5.05131724e-25 3.80122993e-25 ... 1.17822731e-24
 9.84429956e-25 8.07503998e-25]
finishing 8000
disp entry 8800 (-0.4000135453943324-0.17251946140905j)
starting: 8800
some stuff:
tdelaylist (1+0j)
ESFGt (-3.574939750794199e-30-9.186706147269497e-30j)
ESFGw (4.148481905219548e-12-4.656622309973102e-13j)
intensity 1.74267434313114e-23
data entry 8800 [6.47642236e-25 5.05107659e-25 3.80128023e-25 ... 1.17822619e-24
 9.84467030e-25 8.07486935e-25]
finishing 8800
disp entry 9600 (-0.12217421055568767-0.12018789869367334j)
starting: 9600
some stuff:
tdelaylist (1+0j)
ESFGt (2.966826618537545e-30-2.2301185420410473e-30j)
ESFGw (4.148483639943024e-12-4.656657004442621e-13j)
intensity 1.7426761055445167e-23
data entry 9600 [6.47666350e-25 5.05126361e-25 3.80136751e-25 ... 1.17822456e-24
 9.84464473e-25 8.07530762e-25]
finishing 9600
disp entry 10400 (-0.1599639976939711+0.15999993192688947j)
starting: 10400
some stuff:
tdelaylist (1+0j)
ESFGt (6.075480674202366e-30+1.2578628386567223e-29j)
ESFGw (4.148474966325644e-12-4.656657004442621e-13j)
intensity 1.7426689090800793e-23
data entry 10400 [6.47659854e-25 5.05130452e-25 3.80138223e-25 ... 1.17822593e-24
 9.84482693e-25 8.07509768e-25]
finishing 10400
disp entry 11200 (-0.44173975507885027+0.13685450062843046j)
starting: 11200
some stuff:
tdelaylist (1+0j)
ESFGt (1.2886480012697293e-30-1.524673048135177e-29j)
ESFGw (4.148473231602168e-12-4.656691698912141e-13j)
intensity 1.7426677929106905e-23
data entry 11200 [6.47644469e-25 5.05124178e-25 3.80133443e-25 ... 1.17824164e-24
 9.84478540e-25 8.07494738e-25]
finishing 11200
disp entry 12000 (-0.43330150782337373-0.14574430408077105j)
starting: 12000
some stuff:
tdelaylist (1+0j)
ESFGt (-1.8682348008579167e-30-6.530502688422617e-30j)
ESFGw (4.148480170496072e-12-4.656691698912141e-13j)
intensity 1.7426735500786285e-23
data entry 12000 [6.47649753e-25 5.05108284e-25 3.80151035e-25 ... 1.17820267e-24
 9.84446258e-25 8.07514549e-25]
finishing 12000
disp entry 12800 (-0.15064676938931237-0.1520361464648941j)
starting: 12800
some stuff:
tdelaylist (1+0j)
ESFGt (1.4823264377880474e-29-1.2949020073742961e-31j)
ESFGw (4.148480170496072e-12-4.656639657207862e-13j)
intensity 1.7426730653969925e-23
data entry 12800 [6.47650976e-25 5.05124737e-25 3.80137334e-25 ... 1.17821266e-24
 9.84458720e-25 8.07513629e-25]
finishing 12800
disp entry 13600 (-0.12964191655268456+0.12990726026263566j)
starting: 13600
some stuff:
tdelaylist (1+0j)
ESFGt (1.6236943600676546e-29+2.380062720640977e-30j)
ESFGw (4.148483639943024e-12-4.65676108785118e-13j)
intensity 1.7426770749168164e-23
data entry 13600 [6.47649211e-25 5.05125242e-25 3.80132387e-25 ... 1.17822903e-24
 9.84450093e-25 8.07499987e-25]
finishing 13600
disp entry 14400 (-0.41010865705005745+0.16556810594236218j)
starting: 14400
some stuff:
tdelaylist (1+0j)
ESFGt (2.085514305138485e-30+7.055663159172252e-30j)
ESFGw (4.148480170496072e-12-4.656622309973102e-13j)
intensity 1.7426729038376514e-23
data entry 14400 [6.47637431e-25 5.05112672e-25 3.80122437e-25 ... 1.17821949e-24
 9.84467670e-25 8.07502487e-25]
finishing 14400
disp entry 15200 (-0.4603286943152921-0.11266064220723578j)
starting: 15200
some stuff:
tdelaylist (1+0j)
ESFGt (-1.2266073278401095e-29+2.232139263849885e-30j)
ESFGw (4.148473231602168e-12-4.656691698912141e-13j)
intensity 1.7426677929106905e-23
data entry 15200 [6.47648605e-25 5.05110763e-25 3.80132637e-25 ... 1.17819534e-24
 9.84483335e-25 8.07500729e-25]
finishing 15200
disp entry 16000 (-0.18509318960763632-0.17730354891892558j)
starting: 16000
some stuff:
tdelaylist (1+0j)
ESFGt (-3.2037694161604763e-31+1.416703835588421e-29j)
ESFGw (4.1484871093899756e-12-4.656847824024979e-13j)
intensity 1.742680761333605e-23
data entry 16000 [6.47651859e-25 5.05109348e-25 3.80129802e-25 ... 1.17821418e-24
 9.84433790e-25 8.07507282e-25]
finishing 16000
disp entry 16800 (-0.10620288642397324+0.09419158640287606j)
starting: 16800
some stuff:
tdelaylist (1+0j)
ESFGt (4.727536600137045e-30+1.0451481645025439e-29j)
ESFGw (4.1484853746664996e-12-4.656674351677381e-13j)
intensity 1.742677706399754e-23
data entry 16800 [6.47642854e-25 5.05102569e-25 3.80135861e-25 ... 1.17820693e-24
 9.84459361e-25 8.07525513e-25]
finishing 16800
disp entry 17600 (-0.37322067963738087+0.18711513856946j)
starting: 17600
some stuff:
tdelaylist (1+0j)
ESFGt (-9.129055390406865e-30-2.685006042091745e-29j)
ESFGw (4.148473231602168e-12-4.656639657207862e-13j)
intensity 1.7426673082290545e-23
data entry 17600 [6.47645755e-25 5.05107165e-25 3.80130608e-25 ... 1.17820167e-24
 9.84442101e-25 8.07514948e-25]
finishing 17600
disp entry 18400 (-0.47992524008597015-0.074700493544606j)
starting: 18400
some stuff:
tdelaylist (1+0j)
ESFGt (1.6066829819807467e-30+7.97266084795493e-30j)
ESFGw (4.1484871093899756e-12-4.65676108785118e-13j)
intensity 1.7426799535068047e-23
data entry 18400 [6.47659577e-25 5.05150229e-25 3.80141141e-25 ... 1.17822413e-24
 9.84465114e-25 8.07522353e-25]
finishing 18400
disp entry 19200 (-0.22402246681164956-0.19489641306904357j)
starting: 19200
some stuff:
tdelaylist (1+0j)
ESFGt (-3.966486574702816e-30+2.5196067270779387e-29j)
ESFGw (4.148480170496072e-12-4.656691698912141e-13j)
intensity 1.7426735500786285e-23
data entry 19200 [6.47653751e-25 5.05105816e-25 3.80130441e-25 ... 1.17818087e-24
 9.84436027e-25 8.07495989e-25]
finishing 19200
disp entry 20000 (-0.09066145967086797+0.05439885406254672j)
starting: 20000
some stuff:
tdelaylist (1+0j)
ESFGt (2.292927932352376e-30-1.879126687009811e-29j)
ESFGw (4.148483639943024e-12-4.65672639338166e-13j)
intensity 1.742676751790309e-23
data entry 20000 [6.47650976e-25 5.05114229e-25 3.80122187e-25 ... 1.17822652e-24
 9.84469909e-25 8.07499272e-25]
finishing 20000
disp entry 20800 (-0.33267250941214777+0.2005629407697033j)
starting: 20800
some stuff:
tdelaylist (1+0j)
ESFGt (1.2020235091847525e-29+1.5384753454522497e-29j)
ESFGw (4.148471496878692e-12-4.656639657207862e-13j)
intensity 1.742665868938575e-23
data entry 20800 [6.47638377e-25 5.05112737e-25 3.80117573e-25 ... 1.17819241e-24
 9.84439864e-25 8.07493763e-25]
finishing 20800
disp entry 21600 (-0.49124291371500883-0.03350695331973686j)
starting: 21600
some stuff:
tdelaylist (1+0j)
ESFGt (-2.9690873292730464e-30-1.552376497142249e-29j)
ESFGw (4.148474966325644e-12-4.6567957823207e-13j)
intensity 1.742670201581295e-23
data entry 21600 [6.47652666e-25 5.05126010e-25 3.80139279e-25 ... 1.17821418e-24
 9.84470869e-25 8.07518946e-25]
finishing 21600
disp entry 22400 (-0.26574955729597927-0.20405323633608952j)
starting: 22400
some stuff:
tdelaylist (1+0j)
ESFGt (1.9183010048583088e-29+9.005425734304895e-30j)
ESFGw (4.148480170496072e-12-4.65676108785118e-13j)
intensity 1.7426741963292365e-23
data entry 22400 [6.47643863e-25 5.05123180e-25 3.80127607e-25 ... 1.17820546e-24
 9.84441782e-25 8.07468855e-25]
finishing 22400
disp entry 23200 (-0.08369034293483901+0.012251481379495556j)
starting: 23200
some stuff:
tdelaylist (1+0j)
ESFGt (1.5634473593620223e-30+1.2589084831995754e-29j)
ESFGw (4.1484871093899756e-12-4.656639657207862e-13j)
intensity 1.742678822574561e-23
data entry 23200 [6.47641227e-25 5.05120580e-25 3.80122270e-25 ... 1.17822958e-24
 9.84456166e-25 8.07522944e-25]
finishing 23200
disp entry 24000 (-0.29021926344586946+0.20532942789944855j)
starting: 24000
some stuff:
tdelaylist (1+0j)
ESFGt (1.0061163353772754e-30+4.40849170991144e-29j)
ESFGw (4.148471496878692e-12-4.65677843508594e-13j)
intensity 1.7426671614349745e-23
data entry 24000 [6.47652943e-25 5.05132503e-25 3.80128579e-25 ... 1.17824180e-24
 9.84464154e-25 8.07495013e-25]
finishing 24000
disp entry 24800 (-0.4937918326235938+0.009136926722173132j)
starting: 24800
some stuff:
tdelaylist (1+0j)
ESFGt (2.7899141545015023e-30-1.031043473614711e-28j)
ESFGw (4.148483639943024e-12-4.656691698912141e-13j)
intensity 1.7426764286662088e-23
data entry 24800 [6.47651455e-25 5.05127841e-25 3.80130608e-25 ... 1.17824327e-24
 9.84457443e-25 8.07469885e-25]
finishing 24800
disp entry 25600 (-0.3084683147303033-0.2043776679908563j)
starting: 25600
some stuff:
tdelaylist (1+0j)
ESFGt (8.994256092943834e-30-3.3518732031889394e-29j)
ESFGw (4.148471496878692e-12-4.6567957823207e-13j)
intensity 1.7426673229997338e-23
data entry 25600 [6.47649147e-25 5.05133074e-25 3.80136527e-25 ... 1.17819878e-24
 9.84443061e-25 8.07502226e-25]
finishing 25600
disp entry 26400 (-0.08559127920263429-0.030426193509574158j)
starting: 26400
some stuff:
tdelaylist (1+0j)
ESFGt (1.434332865427025e-29+4.618522194437267e-30j)
ESFGw (4.14847670104912e-12-4.656604962738342e-13j)
intensity 1.7426698636937378e-23
data entry 26400 [6.47641429e-25 5.05117257e-25 3.80134332e-25 ... 1.17822870e-24
 9.84447216e-25 8.07508587e-25]
finishing 26400
disp entry 27200 (-0.24769851952128205+0.20120828379483222j)
starting: 27200
some stuff:
tdelaylist (1+0j)
ESFGt (9.092375452762903e-30+1.4723376322241384e-29j)
ESFGw (4.148480170496072e-12-4.65676108785118e-13j)
intensity 1.7426741963292365e-23
data entry 27200 [6.47659716e-25 5.05110050e-25 3.80137167e-25 ... 1.17824178e-24
 9.84473419e-25 8.07527272e-25]
finishing 27200
disp entry 28000 (-0.48746166751534703+0.051385317251679545j)
starting: 28000
some stuff:
tdelaylist (1+0j)
ESFGt (8.886633472555429e-30-9.610753791306033e-30j)
ESFGw (4.148480170496072e-12-4.65677843508594e-13j)
intensity 1.742674357893393e-23
data entry 28000 [6.47635262e-25 5.05125736e-25 3.80130941e-25 ... 1.17824235e-24
 9.84439545e-25 8.07512585e-25]
finishing 28000
disp entry 28800 (-0.3503296687365974-0.19585566509299235j)
starting: 28800
some stuff:
tdelaylist (1+0j)
ESFGt (9.561976606198888e-30-6.478903564557114e-30j)
ESFGw (4.14847670104912e-12-4.656691698912141e-13j)
intensity 1.7426706714934554e-23
data entry 28800 [6.47655856e-25 5.05114854e-25 3.80129802e-25 ... 1.17820447e-24
 9.84471827e-25 8.07500124e-25]
finishing 28800
disp entry 29600 (-0.09628198693905932-0.07178687847399047j)
starting: 29600
some stuff:
tdelaylist (1+0j)
ESFGt (2.1553671823683025e-29-1.2825160208827326e-29j)
ESFGw (4.1484871093899756e-12-4.656691698912141e-13j)
intensity 1.7426793072561965e-23
data entry 29600 [6.47650913e-25 5.05120569e-25 3.80121521e-25 ... 1.17819295e-24
 9.84465113e-25 8.07492719e-25]
finishing 29600
disp entry 30400 (-0.20695077705280712+0.18837789111361647j)
starting: 30400
some stuff:
tdelaylist (1+0j)
ESFGt (-1.1703048724018253e-30+3.450983589381345e-29j)
ESFGw (4.148474966325644e-12-4.65676108785118e-13j)
intensity 1.7426698784523806e-23
data entry 30400 [6.47641769e-25 5.05122905e-25 3.80128662e-25 ... 1.17820944e-24
 9.84441783e-25 8.07504259e-25]
finishing 30400
disp entry 31200 (-0.472526417951415+0.0914095076006959j)
starting: 31200
some stuff:
tdelaylist (1+0j)
ESFGt (7.526460495659634e-30+4.513227466637502e-29j)
ESFGw (4.14846802743174e-12-4.656709046146901e-13j)
intensity 1.7426636366028057e-23
data entry 31200 [6.47657547e-25 5.05132503e-25 3.80133999e-25 ... 1.17823200e-24
 9.84430596e-25 8.07511403e-25]
finishing 31200
disp entry 32000 (-0.38952166142267697-0.17885610033604898j)
starting: 32000
some stuff:
tdelaylist (1+0j)
ESFGt (1.2608283946128864e-29+5.305800225668128e-29j)
ESFGw (4.1484888441134515e-12-4.656691698912141e-13j)
intensity 1.7426807465520934e-23
data entry 32000 [6.47653751e-25 5.05124321e-25 3.80139752e-25 ... 1.17822557e-24
 9.84466395e-25 8.07527601e-25]
finishing 32000
disp entry 32800 (-0.11529972162196883-0.11004028695169102j)
starting: 32800
some stuff:
tdelaylist (1+0j)
ESFGt (2.4463603011008002e-29-1.0914648236424572e-29j)
ESFGw (4.14847670104912e-12-4.65677843508594e-13j)
intensity 1.7426714793082202e-23
data entry 32800 [6.47639739e-25 5.05116906e-25 3.80117490e-25 ... 1.17820215e-24
 9.84459998e-25 8.07506031e-25]
finishing 32800
disp entry 33600 (-0.16973979154494+0.16739361008793785j)
starting: 33600
some stuff:
tdelaylist (1+0j)
ESFGt (1.487929840683276e-29-1.9928251649829267e-29j)
ESFGw (4.148483639943024e-12-4.656709046146901e-13j)
intensity 1.742676590227958e-23
data entry 33600 [6.47644682e-25 5.05117037e-25 3.80126717e-25 ... 1.17822899e-24
 9.84422283e-25 8.07480711e-25]
finishing 33600
disp entry 34400 (-0.4496325523502561+0.12747706103127154j)
starting: 34400
some stuff:
tdelaylist (1+0j)
ESFGt (-3.6672020266331773e-29-2.896332241126642e-29j)
ESFGw (4.14847670104912e-12-4.65674374061642e-13j)
intensity 1.7426711561805092e-23
data entry 34400 [6.47649828e-25 5.05117958e-25 3.80141614e-25 ... 1.17820916e-24
 9.84450729e-25 8.07507351e-25]
finishing 34400
disp entry 35200 (-0.4243478775114139-0.15411479548824286j)
starting: 35200
some stuff:
tdelaylist (1+0j)
ESFGt (1.031254084586559e-29-2.9614648596650263e-30j)
ESFGw (4.148483639943024e-12-4.65672639338166e-13j)
intensity 1.742676751790309e-23
data entry 35200 [6.47638112e-25 5.05115984e-25 3.80129635e-25 ... 1.17821712e-24
 9.84444337e-25 8.07484393e-25]
finishing 35200
disp entry 36000 (-0.14182130551934682-0.1435306300404952j)
starting: 36000
some stuff:
tdelaylist (1+0j)
ESFGt (-1.498795922383181e-29+1.1560727767342728e-29j)
ESFGw (4.148473231602168e-12-4.656709046146901e-13j)
intensity 1.74266795447244e-23
data entry 36000 [6.47640079e-25 5.05117958e-25 3.80144616e-25 ... 1.17822799e-24
 9.84450409e-25 8.07477304e-25]
finishing 36000
disp entry 36800 (-0.13767623089095254+0.13916373990015324j)
starting: 36800
some stuff:
tdelaylist (1+0j)
ESFGt (-5.6026310186179956e-30-1.3282322563161555e-29j)
ESFGw (4.148480170496072e-12-4.656622309973102e-13j)
intensity 1.7426729038376514e-23
data entry 36800 [6.47658089e-25 5.05130244e-25 3.80138530e-25 ... 1.17826725e-24
 9.84461597e-25 8.07509823e-25]
finishing 36800
disp entry 37600 (-0.4197710257691817+0.15802680281216688j)
starting: 37600
some stuff:
tdelaylist (1+0j)
ESFGt (-8.566390443255827e-29-2.3833650886424935e-29j)
ESFGw (4.1484853746664996e-12-4.656674351677381e-13j)
intensity 1.742677706399754e-23
data entry 37600 [6.47667031e-25 5.05125297e-25 3.80139029e-25 ... 1.17825604e-24
 9.84469590e-25 8.07525444e-25]
finishing 37600
disp entry 38400 (-0.45330087323767376-0.12270267153734568j)
starting: 38400
some stuff:
tdelaylist (1+0j)
ESFGt (-4.2462745427409026e-29+5.75287687608812e-30j)
ESFGw (4.14847670104912e-12-4.656691698912141e-13j)
intensity 1.7426706714934554e-23
data entry 38400 [6.47645086e-25 5.05117893e-25 3.80123076e-25 ... 1.17820013e-24
 9.84457119e-25 8.07494491e-25]
finishing 38400
disp entry 39200 (-0.17469875872474322-0.17080828689291422j)
starting: 39200
some stuff:
tdelaylist (1+0j)
ESFGt (-1.5587668982073306e-29+1.539640382605327e-29j)
ESFGw (4.1484905788369275e-12-4.65676108785118e-13j)
intensity 1.7426828320991998e-23
data entry 39200 [6.47640962e-25 5.05115425e-25 3.80148840e-25 ... 1.17822960e-24
 9.84466712e-25 8.07496648e-25]
finishing 39200
disp entry 40000 (-0.11214795802928271+0.10491020318740657j)
starting: 40000
some stuff:
tdelaylist (1+0j)
ESFGt (4.1475119524130637e-29+4.605397433256099e-29j)
ESFGw (4.148471496878692e-12-4.65674374061642e-13j)
intensity 1.742666838307263e-23
data entry 40000 [6.47658354e-25 5.05109699e-25 3.80139029e-25 ... 1.17818800e-24
 9.84446896e-25 8.07507790e-25]
finishing 40000
disp entry 40800 (-0.3842343866707455+0.1817363952637222j)
starting: 40800
some stuff:
tdelaylist (1+0j)
ESFGt (9.429573436420573e-30-5.5658359765672006e-30j)
ESFGw (4.148483639943024e-12-4.656691698912141e-13j)
intensity 1.7426764286662088e-23
data entry 40800 [6.47650976e-25 5.05116412e-25 3.80149563e-25 ... 1.17821828e-24
 9.84442740e-25 8.07500192e-25]
finishing 40800
disp entry 41600 (-0.47512742566221566-0.0859793941524216j)
starting: 41600
some stuff:
tdelaylist (1+0j)
ESFGt (-1.8159515204723256e-29+4.7960637454340506e-29j)
ESFGw (4.148480170496072e-12-4.656691698912141e-13j)
intensity 1.7426735500786285e-23
data entry 41600 [6.47638314e-25 5.05101659e-25 3.80131414e-25 ... 1.17820774e-24
 9.84449447e-25 8.07492059e-25]
finishing 41600
disp entry 42400 (-0.21250898917091932-0.19069255117999337j)
starting: 42400
some stuff:
tdelaylist (1+0j)
ESFGt (-5.30793545003069e-29+1.571937550687955e-29j)
ESFGw (4.1484888441134515e-12-4.656587615503582e-13j)
intensity 1.7426797771942375e-23
data entry 42400 [6.47656601e-25 5.05134620e-25 3.80138556e-25 ... 1.17822456e-24
 9.84464795e-25 8.07510868e-25]
finishing 42400
disp entry 43200 (-0.09425995765484863+0.0661156554360073j)
starting: 43200
some stuff:
tdelaylist (1+0j)
ESFGt (2.2199502337877904e-31+3.370334520643745e-30j)
ESFGw (4.148478435772596e-12-4.656691698912141e-13j)
intensity 1.7426721107857418e-23
data entry 43200 [6.47644204e-25 5.05120361e-25 3.80131414e-25 ... 1.17820949e-24
 9.84455842e-25 8.07498874e-25]
finishing 43200
disp entry 44000 (-0.3445608292964949+0.1975795748026719j)
starting: 44000
some stuff:
tdelaylist (1+0j)
ESFGt (5.416601232317879e-30-1.7411413296583108e-29j)
ESFGw (4.14847670104912e-12-4.656570268268823e-13j)
intensity 1.7426695405780642e-23
data entry 44000 [6.47643927e-25 5.05109425e-25 3.80125438e-25 ... 1.17822344e-24
 9.84456805e-25 8.07474213e-25]
finishing 44000
disp entry 44800 (-0.4888827781028081-0.045534520906651124j)
starting: 44800
some stuff:
tdelaylist (1+0j)
ESFGt (-1.8410826492974255e-29-6.729840199248618e-30j)
ESFGw (4.14847670104912e-12-4.656691698912141e-13j)
intensity 1.7426706714934554e-23
data entry 44800 [6.47642311e-25 5.05119867e-25 3.80121854e-25 ... 1.17822458e-24
 9.84432835e-25 8.07518877e-25]
finishing 44800
disp entry 45600 (-0.25361539080227835-0.20232273765968942j)
starting: 45600
some stuff:
tdelaylist (1+0j)
ESFGt (-1.7438783318968558e-29+1.1713732143299996e-28j)
ESFGw (4.148483639943024e-12-4.656674351677381e-13j)
intensity 1.742676267105062e-23
data entry 45600 [6.47635337e-25 5.05134192e-25 3.80109042e-25 ... 1.17821987e-24
 9.84459999e-25 8.07496126e-25]
finishing 45600
disp entry 46400 (-0.08478650724202158+0.024459308621781518j)
starting: 46400
some stuff:
tdelaylist (1+0j)
ESFGt (-1.1872902203418286e-29-5.791731835631387e-29j)
ESFGw (4.148481905219548e-12-4.656674351677381e-13j)
intensity 1.7426748278109707e-23
data entry 46400 [6.47642173e-25 5.05118244e-25 3.80141474e-25 ... 1.17820067e-24
 9.84469909e-25 8.07500783e-25]
finishing 46400
disp entry 47200 (-0.3024676133266657+0.20487057349617535j)
starting: 47200
some stuff:
tdelaylist (1+0j)
ESFGt (2.4668777744661543e-30+1.3849918944213162e-29j)
ESFGw (4.148478435772596e-12-4.656674351677381e-13j)
intensity 1.7426719492245945e-23
data entry 47200 [6.47648542e-25 5.05128335e-25 3.80133693e-25 ... 1.17824273e-24
 9.84439224e-25 8.07512983e-25]
finishing 47200
disp entry 48000 (-0.4939715336831175-0.0031186976884791016j)
starting: 48000
some stuff:
tdelaylist (1+0j)
ESFGt (-2.1053071473622635e-29+1.2385864616309212e-29j)
ESFGw (4.148473231602168e-12-4.656674351677381e-13j)
intensity 1.7426676313495432e-23
data entry 48000 [6.47648882e-25 5.05124452e-25 3.80140168e-25 ... 1.17821174e-24
 9.84461276e-25 8.07518561e-25]
finishing 48000
disp entry 48800 (-0.2962386836451342-0.2051954367151953j)
starting: 48800
some stuff:
tdelaylist (1+0j)
ESFGt (2.0341402743352325e-29+2.697487798459059e-29j)
ESFGw (4.14847670104912e-12-4.656604962738342e-13j)
intensity 1.7426698636937378e-23
data entry 48800 [6.47654633e-25 5.05108427e-25 3.80130108e-25 ... 1.17824496e-24
 9.84465752e-25 8.07502418e-25]
finishing 48800
disp entry 49600 (-0.08413766264420536-0.01825575304643144j)
starting: 49600
some stuff:
tdelaylist (1+0j)
ESFGt (-3.934230257399868e-29+5.086379328030644e-29j)
ESFGw (4.148478435772596e-12-4.65676108785118e-13j)
intensity 1.742672757036349e-23
data entry 49600 [6.47642917e-25 5.05114503e-25 3.80121687e-25 ... 1.17818513e-24
 9.84426441e-25 8.07499272e-25]
finishing 49600
disp entry 50400 (-0.25977673273862095+0.20329380234960573j)
starting: 50400
some stuff:
tdelaylist (1+0j)
ESFGt (-3.2226940852765114e-29-5.740979142930114e-29j)
ESFGw (4.14847670104912e-12-4.656709046146901e-13j)
intensity 1.7426708330552054e-23
data entry 50400 [6.47639058e-25 5.05125165e-25 3.80118463e-25 ... 1.17822112e-24
 9.84463835e-25 8.07475202e-25]
finishing 50400
disp entry 51200 (-0.49017342693266497+0.03943211755333818j)
starting: 51200
some stuff:
tdelaylist (1+0j)
ESFGt (2.677260568754855e-29-5.799375294866535e-30j)
ESFGw (4.148462823261312e-12-4.656691698912141e-13j)
intensity 1.742659157176839e-23
data entry 51200 [6.47641025e-25 5.05100804e-25 3.80122660e-25 ... 1.17818879e-24
 9.84445295e-25 8.07483404e-25]
finishing 51200
disp entry 52000 (-0.3385339294816315-0.19918630431012985j)
starting: 52000
some stuff:
tdelaylist (1+0j)
ESFGt (-2.3530523054873306e-30+4.877354163889459e-29j)
ESFGw (4.148481905219548e-12-4.656657004442621e-13j)
intensity 1.7426746662504256e-23
data entry 52000 [6.47652603e-25 5.05124035e-25 3.80122826e-25 ... 1.17821363e-24
 9.84437948e-25 8.07507529e-25]
finishing 52000
disp entry 52800 (-0.09234150893217033-0.06018061916088426j)
starting: 52800
some stuff:
tdelaylist (1+0j)
ESFGt (1.5540021023859335e-29+2.900131815026692e-29j)
ESFGw (4.148483639943024e-12-4.656674351677381e-13j)
intensity 1.742676267105062e-23
data entry 52800 [6.47650976e-25 5.05123904e-25 3.80129635e-25 ... 1.17820323e-24
 9.84407585e-25 8.07471919e-25]
finishing 52800
disp entry 53600 (-0.21833605126830066+0.19291751149464198j)
starting: 53600
some stuff:
tdelaylist (1+0j)
ESFGt (-2.6244901635102833e-29+1.3969830652742804e-30j)
ESFGw (4.148478435772596e-12-4.65672639338166e-13j)
intensity 1.742672433909842e-23
data entry 53600 [6.47664521e-25 5.05114931e-25 3.80144392e-25 ... 1.17819971e-24
 9.84432833e-25 8.07505303e-25]
finishing 53600
disp entry 54400 (-0.4776528579208011+0.08027612377519103j)
starting: 54400
some stuff:
tdelaylist (1+0j)
ESFGt (7.18668733301773e-30-8.769664825722054e-30j)
ESFGw (4.14847670104912e-12-4.65672639338166e-13j)
intensity 1.7426709946175558e-23
data entry 54400 [6.47633295e-25 5.05113100e-25 3.80126467e-25 ... 1.17820435e-24
 9.84444976e-25 8.07491592e-25]
finishing 54400
disp entry 55200 (-0.378670389523831-0.18455544418802738j)
starting: 55200
some stuff:
tdelaylist (1+0j)
ESFGt (5.885475949052966e-29-1.0298304010604816e-29j)
ESFGw (4.148478435772596e-12-4.656674351677381e-13j)
intensity 1.7426719492245945e-23
data entry 55200 [6.47659035e-25 5.05122917e-25 3.80131581e-25 ... 1.17822266e-24
 9.84426441e-25 8.07508188e-25]
finishing 55200
disp entry 56000 (-0.10904294473902171-0.09950058272420632j)
starting: 56000
some stuff:
tdelaylist (1+0j)
ESFGt (3.813792679717443e-32+7.122779636016632e-29j)
ESFGw (4.148471496878692e-12-4.656691698912141e-13j)
intensity 1.742666353620211e-23
data entry 56000 [6.47660939e-25 5.05113088e-25 3.80131914e-25 ... 1.17821323e-24
 9.84438905e-25 8.07496511e-25]
finishing 56000
disp entry 56800 (-0.17993931810585606+0.17419083599995314j)
starting: 56800
some stuff:
tdelaylist (1+0j)
ESFGt (5.260453302347869e-29-2.8075308463514e-29j)
ESFGw (4.148480170496072e-12-4.656691698912141e-13j)
intensity 1.7426735500786285e-23
data entry 56800 [6.47646713e-25 5.05123542e-25 3.80142197e-25 ... 1.17821316e-24
 9.84439543e-25 8.07485369e-25]
finishing 56800
disp entry 57600 (-0.45695177624218736+0.11764539872088291j)
starting: 57600
some stuff:
tdelaylist (1+0j)
ESFGt (1.0827173476361803e-28+1.6107527879261184e-29j)
ESFGw (4.148474966325644e-12-4.656813129555459e-13j)
intensity 1.7426703631466558e-23
data entry 57600 [6.47639058e-25 5.05115063e-25 3.80114822e-25 ... 1.17821908e-24
 9.84428680e-25 8.07496318e-25]
finishing 57600
disp entry 58400 (-0.4149107674691098-0.16193614934900882j)
starting: 58400
some stuff:
tdelaylist (1+0j)
ESFGt (-3.404357502512476e-29-4.1700209577115357e-29j)
ESFGw (4.14847670104912e-12-4.656674351677381e-13j)
intensity 1.742670509932309e-23
data entry 58400 [6.47645427e-25 5.05123607e-25 3.80124688e-25 ... 1.17821335e-24
 9.84427397e-25 8.07473444e-25]
finishing 58400
disp entry 59200 (-0.13351905273111578-0.1345136892729075j)
starting: 59200
some stuff:
tdelaylist (1+0j)
ESFGt (2.1762762364118025e-29+1.3198594263462089e-28j)
ESFGw (4.148474966325644e-12-4.656622309973102e-13j)
intensity 1.742668585960794e-23
data entry 59200 [6.47664596e-25 5.05131231e-25 3.80126551e-25 ... 1.17819632e-24
 9.84447851e-25 8.07484585e-25]
finishing 59200
disp entry 60000 (-0.1462485259254141+0.14792435517579497j)
starting: 60000
some stuff:
tdelaylist (1+0j)
ESFGt (7.045997022105666e-29-7.79841940801051e-29j)
ESFGw (4.1484923135604035e-12-4.656674351677381e-13j)
intensity 1.7426834635845452e-23
data entry 60000 [6.47642715e-25 5.05131022e-25 3.80126967e-25 ... 1.17822527e-24
 9.84443378e-25 8.07489435e-25]
finishing 60000
disp entry 60800 (-0.4289662228686123+0.14992242297972885j)
starting: 60800
some stuff:
tdelaylist (1+0j)
ESFGt (-5.800362183499757e-29-3.641034281061839e-29j)
ESFGw (4.148480170496072e-12-4.65672639338166e-13j)
intensity 1.7426738732027286e-23
data entry 60800 [6.47670953e-25 5.05146697e-25 3.80138306e-25 ... 1.17823027e-24
 9.84478858e-25 8.07540914e-25]
finishing 60800
disp entry 61600 (-0.44568640792176867-0.1323074901258889j)
starting: 61600
some stuff:
tdelaylist (1+0j)
ESFGt (5.921933802900217e-29+9.254960051255643e-30j)
ESFGw (4.148469762155216e-12-4.656709046146901e-13j)
intensity 1.7426650758920825e-23
data entry 61600 [6.47645565e-25 5.05126569e-25 3.80139112e-25 ... 1.17819577e-24
 9.84435388e-25 8.07466753e-25]
finishing 61600
disp entry 62400 (-0.1647103908980596-0.16370440553658375j)
starting: 62400
some stuff:
tdelaylist (1+0j)
ESFGt (3.7594752862913696e-29-2.888640784106161e-29j)
ESFGw (4.148478435772596e-12-4.656691698912141e-13j)
intensity 1.7426721107857418e-23
data entry 62400 [6.47648542e-25 5.05118803e-25 3.80134166e-25 ... 1.17820015e-24
 9.84445617e-25 8.07495288e-25]
finishing 62400
disp entry 63200 (-0.11872197196160783+0.1152550068580099j)
starting: 63200
some stuff:
tdelaylist (1+0j)
ESFGt (1.7233845564976143e-29-3.238079557193181e-29j)
ESFGw (4.148471496878692e-12-4.6567957823207e-13j)
intensity 1.7426673229997338e-23
data entry 63200 [6.47660939e-25 5.05124178e-25 3.80128746e-25 ... 1.17821631e-24
 9.84451367e-25 8.07493048e-25]
finishing 63200
disp entry 64000 (-0.3949075452470487+0.17571009389630268j)
starting: 64000
some stuff:
tdelaylist (1+0j)
ESFGt (-3.9527695900637485e-30-6.90243827928268e-29j)
ESFGw (4.148480170496072e-12-4.65672639338166e-13j)
intensity 1.7426738732027286e-23
data entry 64000 [6.47655176e-25 5.05103973e-25 3.80130192e-25 ... 1.17824078e-24
 9.84428039e-25 8.07495604e-25]
finishing 64000
Top-level running in PID 95154 (name=__main__)
Running interfere() with b=790.4761904761905, sigma_s=10.5
MID-level running in PID 95154 (name=__main__)
E1_shared element:  0j
E1 element:  (7.417756238806056e-10-9.70756722248015e-10j)
this thing psm_55f8ca1d
ill try to just make an array with this now
testfreq element:  0.0
did it
disp entry 0 (-0.08332452033614668+0j)
starting: 0
some stuff:
tdelaylist (1+0j)
ESFGt (1.1981766898157544e-32-1.130392983569938e-32j)
ESFGw (7.759921177852291e-13-4.4184924816170756e-14j)
intensity 6.041160744458157e-25
data entry 0 [7.34606648e-27 4.15190146e-27 1.88314833e-27 ... 2.24263744e-26
 1.64899337e-26 1.14612646e-26]
finishing 0
disp entry 800 (-0.27796535717647075+0.2050566582042932j)
starting: 800
some stuff:
tdelaylist (1+0j)
ESFGt (2.433713411287083e-31-4.103284024483149e-31j)
ESFGw (1.3773149287743536e-12-9.533346334578141e-13j)
intensity 2.805843336374848e-24
data entry 800 [5.70553733e-25 4.97858725e-25 4.46801170e-25 ... 9.18163087e-25
 7.80762901e-25 6.64867436e-25]
finishing 800
disp entry 1600 (-0.4928812110671021+0.021359994690023542j)
starting: 1600
some stuff:
tdelaylist (1+0j)
ESFGt (-1.3552874342946812e-30-3.2555889687266454e-31j)
ESFGw (3.693023317707933e-12-2.8730663681475477e-13j)
intensity 1.3720966328692314e-23
data entry 1600 [2.03662883e-25 1.28862554e-25 7.53398244e-26 ... 5.54495432e-25
 4.16664144e-25 2.99636906e-25]
finishing 1600
disp entry 2400 (-0.32062736491562593-0.20283166645248532j)
starting: 2400
some stuff:
tdelaylist (1+0j)
ESFGt (3.464567414020351e-32+1.0003400501768827e-31j)
ESFGw (3.693045869113121e-12-2.8732398404951454e-13j)
intensity 1.372114286318357e-23
data entry 2400 [2.03665559e-25 1.28858512e-25 7.53410823e-26 ... 5.54525823e-25
 4.16654819e-25 2.99646050e-25]
finishing 2400
disp entry 3200 (-0.08776846410639105-0.04248822020746742j)
starting: 3200
some stuff:
tdelaylist (1+0j)
ESFGt (2.4069128924047194e-30+1.0755716886295091e-30j)
ESFGw (3.693035460772265e-12-2.8731531043213465e-13j)
intensity 1.3721061002130126e-23
data entry 3200 [2.03669354e-25 1.28858512e-25 7.53430724e-26 ... 5.54502534e-25
 4.16652317e-25 2.99634639e-25]
finishing 3200
disp entry 4000 (-0.23576625864575806+0.19840582548751706j)
starting: 4000
some stuff:
tdelaylist (1+0j)
ESFGt (-1.3025666066998497e-30+1.2702771874759825e-30j)
ESFGw (3.693042399666169e-12-2.8731704515561063e-13j)
intensity 1.3721113250169002e-23
data entry 4000 [2.03667301e-25 1.28854676e-25 7.53386980e-26 ... 5.54502796e-25
 4.16639920e-25 2.99631669e-25]
finishing 4000
disp entry 4800 (-0.4840415430690601+0.06315542221883048j)
starting: 4800
some stuff:
tdelaylist (1+0j)
ESFGt (1.725392488927915e-30+2.735049225210771e-30j)
ESFGw (3.693030256601837e-12-2.873101062617067e-13j)
intensity 1.372101957333674e-23
data entry 4800 [2.03662012e-25 1.28859875e-25 7.53455602e-26 ... 5.54501562e-25
 4.16652953e-25 2.99632451e-25]
finishing 4800
disp entry 5600 (-0.3619056678810876-0.1918271584251852j)
starting: 5600
some stuff:
tdelaylist (1+0j)
ESFGt (-1.1006722734093972e-29-7.20806365076766e-30j)
ESFGw (3.693037195495741e-12-2.873257187729905e-13j)
intensity 1.3721079795983465e-23
data entry 5600 [2.03665807e-25 1.28861714e-25 7.53420773e-26 ... 5.54513561e-25
 4.16676563e-25 2.99643822e-25]
finishing 5600
disp entry 6400 (-0.10090794045923898-0.08313734878120543j)
starting: 6400
some stuff:
tdelaylist (1+0j)
ESFGt (6.599566084838512e-30+2.324236331010821e-30j)
ESFGw (3.693033726048789e-12-2.873187798790866e-13j)
intensity 1.3721050183005008e-23
data entry 6400 [2.03662260e-25 1.28862031e-25 7.53404533e-26 ... 5.54522383e-25
 4.16665395e-25 2.99630888e-25]
finishing 6400
disp entry 7200 (-0.19585664640014067+0.18316704787788468j)
starting: 7200
some stuff:
tdelaylist (1+0j)
ESFGt (2.2435534080359174e-30+7.270546535768104e-30j)
ESFGw (3.693035460772265e-12-2.873118409851827e-13j)
intensity 1.3721059008491712e-23
data entry 7200 [2.03667549e-25 1.28869069e-25 7.53427063e-26 ... 5.54510607e-25
 4.16661006e-25 2.99633858e-25]
finishing 7200
disp entry 8000 (-0.46674482981831067+0.10221718361476176j)
starting: 8000
some stuff:
tdelaylist (1+0j)
ESFGt (2.2709362197999043e-30-3.474871139222823e-30j)
ESFGw (3.693042399666169e-12-2.8731531043213465e-13j)
intensity 1.3721112253340765e-23
data entry 8000 [2.03662324e-25 1.28857355e-25 7.53437014e-26 ... 5.54523617e-25
 4.16643651e-25 2.99631591e-25]
finishing 8000
disp entry 8800 (-0.4000135453943324-0.17251946140905j)
starting: 8800
some stuff:
tdelaylist (1+0j)
ESFGt (1.4891756766160514e-30+4.68522331740575e-30j)
ESFGw (3.693037195495741e-12-2.8729969792085086e-13j)
intensity 1.3721064843740456e-23
data entry 8800 [2.03664065e-25 1.28859717e-25 7.53363141e-26 ... 5.54527542e-25
 4.16663530e-25 2.99659727e-25]
finishing 8800
disp entry 9600 (-0.12217421055568767-0.12018789869367334j)
starting: 9600
some stuff:
tdelaylist (1+0j)
ESFGt (4.4043174072202575e-30+1.0033387832856044e-30j)
ESFGw (3.693028521878361e-12-2.8731704515561063e-13j)
intensity 1.3721010747844017e-23
data entry 9600 [2.03667860e-25 1.28859511e-25 7.53430724e-26 ... 5.54534382e-25
 4.16657321e-25 2.99659688e-25]
finishing 9600
disp entry 10400 (-0.1599639976939711+0.15999993192688947j)
starting: 10400
some stuff:
tdelaylist (1+0j)
ESFGt (-7.995632076440055e-30-5.615790536816129e-30j)
ESFGw (3.693030256601837e-12-2.873049020912788e-13j)
intensity 1.372101658294231e-23
data entry 10400 [2.03666118e-25 1.28858195e-25 7.53373368e-26 ... 5.54507693e-25
 4.16662302e-25 2.99631630e-25]
finishing 10400
disp entry 11200 (-0.44173975507885027+0.13685450062843046j)
starting: 11200
some stuff:
tdelaylist (1+0j)
ESFGt (1.7901247999180928e-30+1.5906773004366735e-29j)
ESFGw (3.693035460772265e-12-2.8732224932603856e-13j)
intensity 1.3721064989479192e-23
data entry 11200 [2.03663442e-25 1.28855992e-25 7.53450626e-26 ... 5.54514532e-25
 4.16641786e-25 2.99640735e-25]
finishing 11200
disp entry 12000 (-0.43330150782337373-0.14574430408077105j)
starting: 12000
some stuff:
tdelaylist (1+0j)
ESFGt (2.4329911875579378e-33+1.9652264384165807e-30j)
ESFGw (3.693026787154885e-12-2.873187798790866e-13j)
intensity 1.3720998931914742e-23
data entry 12000 [2.03669665e-25 1.28870591e-25 7.53478132e-26 ... 5.54513784e-25
 4.16665395e-25 2.99660469e-25]
finishing 12000
disp entry 12800 (-0.15064676938931237-0.1520361464648941j)
starting: 12800
some stuff:
tdelaylist (1+0j)
ESFGt (1.2093166899112655e-29+3.24322690589611e-30j)
ESFGw (3.693031991325313e-12-2.8731704515561063e-13j)
intensity 1.3721036373389157e-23
data entry 12800 [2.03666741e-25 1.28861873e-25 7.53419460e-26 ... 5.54523617e-25
 4.16663530e-25 2.99635421e-25]
finishing 12800
disp entry 13600 (-0.12964191655268456+0.12990726026263566j)
starting: 13600
some stuff:
tdelaylist (1+0j)
ESFGt (-3.400686725177457e-30+4.390373975349448e-30j)
ESFGw (3.693033726048789e-12-2.873205146025626e-13j)
intensity 1.372105117984528e-23
data entry 13600 [2.03667301e-25 1.28860034e-25 7.53441989e-26 ... 5.54520177e-25
 4.16674721e-25 2.99637687e-25]
finishing 13600
disp entry 14400 (-0.41010865705005745+0.16556810594236218j)
starting: 14400
some stuff:
tdelaylist (1+0j)
ESFGt (5.103609028332341e-30-6.1316644141151716e-30j)
ESFGw (3.693040664942693e-12-2.873205146025626e-13j)
intensity 1.3721102431031848e-23
data entry 14400 [2.03665248e-25 1.28858354e-25 7.53445651e-26 ... 5.54536587e-25
 4.16666009e-25 2.99667347e-25]
finishing 14400
disp entry 15200 (-0.4603286943152921-0.11266064220723578j)
starting: 15200
some stuff:
tdelaylist (1+0j)
ESFGt (2.5556651009250056e-29-1.1589361681254182e-29j)
ESFGw (3.693028521878361e-12-2.873135757086587e-13j)
intensity 1.3721008754193564e-23
data entry 15200 [2.03671407e-25 1.28869910e-25 7.53439362e-26 ... 5.54526308e-25
 4.16667874e-25 2.99640735e-25]
finishing 15200
disp entry 16000 (-0.18509318960763632-0.17730354891892558j)
starting: 16000
some stuff:
tdelaylist (1+0j)
ESFGt (1.7060469740263759e-29+8.816207631167156e-30j)
ESFGw (3.693028521878361e-12-2.873135757086587e-13j)
intensity 1.3721008754193564e-23
data entry 16000 [2.03664625e-25 1.28873270e-25 7.53383318e-26 ... 5.54530719e-25
 4.16646107e-25 2.99634600e-25]
finishing 16000
disp entry 16800 (-0.10620288642397324+0.09419158640287606j)
starting: 16800
some stuff:
tdelaylist (1+0j)
ESFGt (5.9976016343925914e-30-3.401414967437678e-30j)
ESFGw (3.693023317707933e-12-2.873135757086587e-13j)
intensity 1.3720970315921004e-23
data entry 16800 [2.03665495e-25 1.28868071e-25 7.53384632e-26 ... 5.54524103e-25
 4.16665987e-25 2.99651325e-25]
finishing 16800
disp entry 17600 (-0.37322067963738087+0.18711513856946j)
starting: 17600
some stuff:
tdelaylist (1+0j)
ESFGt (-1.2815226623286041e-29+7.734816022986952e-30j)
ESFGw (3.693028521878361e-12-2.873187798790866e-13j)
intensity 1.3721011744678279e-23
data entry 17600 [2.03662883e-25 1.28866232e-25 7.53440675e-26 ... 5.54515766e-25
 4.16649246e-25 2.99646715e-25]
finishing 17600
disp entry 18400 (-0.47992524008597015-0.074700493544606j)
starting: 18400
some stuff:
tdelaylist (1+0j)
ESFGt (-1.468709360764845e-29-5.644810389032845e-30j)
ESFGw (3.693031991325313e-12-2.8731531043213465e-13j)
intensity 1.3721035376560923e-23
data entry 18400 [2.03659648e-25 1.28863711e-25 7.53386980e-26 ... 5.54531205e-25
 4.16661665e-25 2.99653631e-25]
finishing 18400
disp entry 19200 (-0.22402246681164956-0.19489641306904357j)
starting: 19200
some stuff:
tdelaylist (1+0j)
ESFGt (1.1417693614734672e-29-1.5667489750471542e-29j)
ESFGw (3.693030256601837e-12-2.8732398404951454e-13j)
intensity 1.3721027547986715e-23
data entry 19200 [2.03664936e-25 1.28862713e-25 7.53432038e-26 ... 5.54533896e-25
 4.16648609e-25 2.99652888e-25]
finishing 19200
disp entry 20000 (-0.09066145967086797+0.05439885406254672j)
starting: 20000
some stuff:
tdelaylist (1+0j)
ESFGt (1.7938274002361772e-29+9.622596003514861e-30j)
ESFGw (3.693028521878361e-12-2.873257187729905e-13j)
intensity 1.3721015732075484e-23
data entry 20000 [2.03671159e-25 1.28860351e-25 7.53362103e-26 ... 5.54480742e-25
 4.16658549e-25 2.99616469e-25]
finishing 20000
disp entry 20800 (-0.33267250941214777+0.2005629407697033j)
starting: 20800
some stuff:
tdelaylist (1+0j)
ESFGt (5.2302238758481116e-30+3.5917028644742134e-30j)
ESFGw (3.693033726048789e-12-2.873187798790866e-13j)
intensity 1.3721050183005008e-23
data entry 20800 [2.03674642e-25 1.28873111e-25 7.53405848e-26 ... 5.54514795e-25
 4.16648609e-25 2.99661212e-25]
finishing 20800
disp entry 21600 (-0.49124291371500883-0.03350695331973686j)
starting: 21600
some stuff:
tdelaylist (1+0j)
ESFGt (-4.077593924584346e-30-1.748741380238072e-30j)
ESFGw (3.693025052431409e-12-2.8732224932603856e-13j)
intensity 1.3720988112843782e-23
data entry 21600 [2.03666989e-25 1.28858671e-25 7.53403220e-26 ... 5.54511841e-25
 4.16652339e-25 2.99649059e-25]
finishing 21600
disp entry 22400 (-0.26574955729597927-0.20405323633608952j)
starting: 22400
some stuff:
tdelaylist (1+0j)
ESFGt (-2.3050661058268766e-29+4.6297369747814e-30j)
ESFGw (3.693040664942693e-12-2.873257187729905e-13j)
intensity 1.3721105421588785e-23
data entry 22400 [2.03669354e-25 1.28859511e-25 7.53399558e-26 ... 5.54515281e-25
 4.16667874e-25 2.99633154e-25]
finishing 22400
disp entry 23200 (-0.08369034293483901+0.012251481379495556j)
starting: 23200
some stuff:
tdelaylist (1+0j)
ESFGt (-2.1382778643039577e-29+4.3048927784740355e-29j)
ESFGw (3.693040664942693e-12-2.873135757086587e-13j)
intensity 1.3721098443706865e-23
data entry 23200 [2.03663442e-25 1.28854471e-25 7.53419460e-26 ... 5.54505973e-25
 4.16649837e-25 2.99628582e-25]
finishing 23200
disp entry 24000 (-0.29021926344586946+0.20532942789944855j)
starting: 24000
some stuff:
tdelaylist (1+0j)
ESFGt (1.344058811329073e-29+1.6851360391919145e-30j)
ESFGw (3.693038930219217e-12-2.8732224932603856e-13j)
intensity 1.3721090615072475e-23
data entry 24000 [2.03657531e-25 1.28852156e-25 7.53409509e-26 ... 5.54515504e-25
 4.16647995e-25 2.99638391e-25]
finishing 24000
disp entry 24800 (-0.4937918326235938+0.009136926722173132j)
starting: 24800
some stuff:
tdelaylist (1+0j)
ESFGt (9.44865744614685e-31+1.3674263600855663e-29j)
ESFGw (3.693035460772265e-12-2.873187798790866e-13j)
intensity 1.3721062995792625e-23
data entry 24800 [2.03660207e-25 1.28854993e-25 7.53377029e-26 ... 5.54510870e-25
 4.16646130e-25 2.99636163e-25]
finishing 24800
disp entry 25600 (-0.3084683147303033-0.2043776679908563j)
starting: 25600
some stuff:
tdelaylist (1+0j)
ESFGt (-4.401651649343327e-29+1.6182731682007583e-30j)
ESFGw (3.693030256601837e-12-2.873118409851827e-13j)
intensity 1.3721020570146924e-23
data entry 25600 [2.03666741e-25 1.28854517e-25 7.53398244e-26 ... 5.54516738e-25
 4.16652339e-25 2.99643079e-25]
finishing 25600
disp entry 26400 (-0.08559127920263429-0.030426193509574158j)
starting: 26400
some stuff:
tdelaylist (1+0j)
ESFGt (1.0023336885958773e-30+2.0158273889030941e-29j)
ESFGw (3.693035460772265e-12-2.873187798790866e-13j)
intensity 1.3721062995792625e-23
data entry 26400 [2.03668171e-25 1.28868547e-25 7.53433353e-26 ... 5.54506459e-25
 4.16656684e-25 2.99644487e-25]
finishing 26400
disp entry 27200 (-0.24769851952128205+0.20120828379483222j)
starting: 27200
some stuff:
tdelaylist (1+0j)
ESFGt (2.083765921860846e-31-1.1885479428734796e-29j)
ESFGw (3.693033726048789e-12-2.8732224932603856e-13j)
intensity 1.3721052176691572e-23
data entry 27200 [2.03660830e-25 1.28858354e-25 7.53412138e-26 ... 5.54510384e-25
 4.16643628e-25 2.99645229e-25]
finishing 27200
disp entry 28000 (-0.48746166751534703+0.051385317251679545j)
starting: 28000
some stuff:
tdelaylist (1+0j)
ESFGt (1.933996882515234e-29+3.1420174817592377e-29j)
ESFGw (3.693040664942693e-12-2.873205146025626e-13j)
intensity 1.3721102431031848e-23
data entry 28000 [2.03667549e-25 1.28861509e-25 7.53409509e-26 ... 5.54531691e-25
 4.16637441e-25 2.99636867e-25]
finishing 28000
disp entry 28800 (-0.3503296687365974-0.19585566509299235j)
starting: 28800
some stuff:
tdelaylist (1+0j)
ESFGt (1.4127517671572278e-29+3.004970112475965e-29j)
ESFGw (3.693023317707933e-12-2.873205146025626e-13j)
intensity 1.372097430324599e-23
data entry 28800 [2.03674083e-25 1.28858195e-25 7.53459266e-26 ... 5.54522868e-25
 4.16663530e-25 2.99640774e-25]
finishing 28800
disp entry 29600 (-0.09628198693905932-0.07178687847399047j)
starting: 29600
some stuff:
tdelaylist (1+0j)
ESFGt (8.802188967657894e-30+1.2107298410079596e-30j)
ESFGw (3.693033726048789e-12-2.8730837153823074e-13j)
intensity 1.3721044202089754e-23
data entry 29600 [2.03662260e-25 1.28858830e-25 7.53388293e-26 ... 5.54522120e-25
 4.16670377e-25 2.99640735e-25]
finishing 29600
disp entry 30400 (-0.20695077705280712+0.18837789111361647j)
starting: 30400
some stuff:
tdelaylist (1+0j)
ESFGt (-1.2230702371266208e-29-8.054404537032016e-30j)
ESFGw (3.693028521878361e-12-2.8731531043213465e-13j)
intensity 1.3721009751015788e-23
data entry 30400 [2.03659959e-25 1.28868071e-25 7.53409509e-26 ... 5.54524326e-25
 4.16661051e-25 2.99647652e-25]
finishing 30400
disp entry 31200 (-0.472526417951415+0.0914095076006959j)
starting: 31200
some stuff:
tdelaylist (1+0j)
ESFGt (-1.8795928222416635e-29-7.592306234898911e-30j)
ESFGw (3.693037195495741e-12-2.8731704515561063e-13j)
intensity 1.3721074811751998e-23
data entry 31200 [2.03662883e-25 1.28861714e-25 7.53409509e-26 ... 5.54497151e-25
 4.16633711e-25 2.99633936e-25]
finishing 31200
disp entry 32000 (-0.38952166142267697-0.17885610033604898j)
starting: 32000
some stuff:
tdelaylist (1+0j)
ESFGt (-3.030544205188274e-29-2.397267744965262e-29j)
ESFGw (3.693040664942693e-12-2.8731531043213465e-13j)
intensity 1.372109944052908e-23
data entry 32000 [2.03670536e-25 1.28864869e-25 7.53458230e-26 ... 5.54540027e-25
 4.16670991e-25 2.99647535e-25]
finishing 32000
disp entry 32800 (-0.11529972162196883-0.11004028695169102j)
starting: 32800
some stuff:
tdelaylist (1+0j)
ESFGt (-3.1689857671953507e-29+1.3742212816706075e-29j)
ESFGw (3.693047603836597e-12-2.873101062617067e-13j)
intensity 1.372114770136334e-23
data entry 32800 [2.03671095e-25 1.28866549e-25 7.53441989e-26 ... 5.54521149e-25
 4.16643628e-25 2.99640735e-25]
finishing 32800
disp entry 33600 (-0.16973979154494+0.16739361008793785j)
starting: 33600
some stuff:
tdelaylist (1+0j)
ESFGt (-9.221292388415323e-31+1.2380804536306888e-29j)
ESFGw (3.693038930219217e-12-2.8732918821994247e-13j)
intensity 1.3721094602517823e-23
data entry 33600 [2.03669977e-25 1.28865392e-25 7.53423122e-26 ... 5.54524588e-25
 4.16654796e-25 2.99650622e-25]
finishing 33600
disp entry 34400 (-0.4496325523502561+0.12747706103127154j)
starting: 34400
some stuff:
tdelaylist (1+0j)
ESFGt (-9.432106485687273e-31-5.777752217342481e-30j)
ESFGw (3.693028521878361e-12-2.873135757086587e-13j)
intensity 1.3721008754193564e-23
data entry 34400 [2.03671095e-25 1.28856198e-25 7.53401907e-26 ... 5.54502048e-25
 4.16641786e-25 2.99649918e-25]
finishing 34400
disp entry 35200 (-0.4243478775114139-0.15411479548824286j)
starting: 35200
some stuff:
tdelaylist (1+0j)
ESFGt (5.498107490344008e-29-9.401008735616495e-30j)
ESFGw (3.693035460772265e-12-2.873101062617067e-13j)
intensity 1.372105801168153e-23
data entry 35200 [2.03667301e-25 1.28857513e-25 7.53407163e-26 ... 5.54496666e-25
 4.16656047e-25 2.99642259e-25]
finishing 35200
disp entry 36000 (-0.14182130551934682-0.1435306300404952j)
starting: 36000
some stuff:
tdelaylist (1+0j)
ESFGt (-8.604829296606812e-31+1.5348763391003145e-29j)
ESFGw (3.693031991325313e-12-2.873187798790866e-13j)
intensity 1.3721037370223416e-23
data entry 36000 [2.03660271e-25 1.28860192e-25 7.53424435e-26 ... 5.54518943e-25
 4.16667874e-25 2.99641439e-25]
finishing 36000
disp entry 36800 (-0.13767623089095254+0.13916373990015324j)
starting: 36800
some stuff:
tdelaylist (1+0j)
ESFGt (-1.0652097341388751e-29-6.535957734526817e-30j)
ESFGw (3.693031991325313e-12-2.873101062617067e-13j)
intensity 1.3721032386112322e-23
data entry 36800 [2.03660207e-25 1.28860034e-25 7.53425749e-26 ... 5.54527279e-25
 4.16664736e-25 2.99629364e-25]
finishing 36800
disp entry 37600 (-0.4197710257691817+0.15802680281216688j)
starting: 37600
some stuff:
tdelaylist (1+0j)
ESFGt (3.414942819737676e-29+1.9516534471335117e-29j)
ESFGw (3.693033726048789e-12-2.8732398404951454e-13j)
intensity 1.3721053173543887e-23
data entry 37600 [2.03654048e-25 1.28858671e-25 7.53399558e-26 ... 5.54523840e-25
 4.16656661e-25 2.99641516e-25]
finishing 37600
disp entry 38400 (-0.45330087323767376-0.12270267153734568j)
starting: 38400
some stuff:
tdelaylist (1+0j)
ESFGt (2.0548980375538042e-29-1.3926489705830246e-29j)
ESFGw (3.693042399666169e-12-2.8730663681475477e-13j)
intensity 1.3721107269289863e-23
data entry 38400 [2.03665248e-25 1.28867389e-25 7.53463205e-26 ... 5.54525560e-25
 4.16657912e-25 2.99652888e-25]
finishing 38400
disp entry 39200 (-0.17469875872474322-0.17080828689291422j)
starting: 39200
some stuff:
tdelaylist (1+0j)
ESFGt (4.157008141208385e-29+2.0893378779312014e-29j)
ESFGw (3.693047603836597e-12-2.873187798790866e-13j)
intensity 1.3721152685474435e-23
data entry 39200 [2.03659648e-25 1.28864710e-25 7.53450626e-26 ... 5.54512104e-25
 4.16657298e-25 2.99652888e-25]
finishing 39200
disp entry 40000 (-0.11214795802928271+0.10491020318740657j)
starting: 40000
some stuff:
tdelaylist (1+0j)
ESFGt (-3.331630099609022e-30+1.4950208739972667e-29j)
ESFGw (3.693030256601837e-12-2.873205146025626e-13j)
intensity 1.372102555428811e-23
data entry 40000 [2.03667612e-25 1.28865550e-25 7.53414484e-26 ... 5.54528999e-25
 4.16655410e-25 2.99649098e-25]
finishing 40000
disp entry 40800 (-0.3842343866707455+0.1817363952637222j)
starting: 40800
some stuff:
tdelaylist (1+0j)
ESFGt (-2.1546557919950945e-29+4.3499107890709795e-29j)
ESFGw (3.693030256601837e-12-2.8732398404951454e-13j)
intensity 1.3721027547986715e-23
data entry 40800 [2.03674642e-25 1.28859194e-25 7.53375716e-26 ... 5.54524588e-25
 4.16642400e-25 2.99644526e-25]
finishing 40800
disp entry 41600 (-0.47512742566221566-0.0859793941524216j)
starting: 41600
some stuff:
tdelaylist (1+0j)
ESFGt (-5.102360935450412e-29-1.7653310097598145e-29j)
ESFGw (3.693038930219217e-12-2.8733092294341844e-13j)
intensity 1.3721095599394214e-23
data entry 41600 [2.03667612e-25 1.28853836e-25 7.53437014e-26 ... 5.54514795e-25
 4.16649223e-25 2.99643783e-25]
finishing 41600
disp entry 42400 (-0.21250898917091932-0.19069255117999337j)
starting: 42400
some stuff:
tdelaylist (1+0j)
ESFGt (-1.3824964609738426e-29+2.336940697796316e-29j)
ESFGw (3.693035460772265e-12-2.8730663681475477e-13j)
intensity 1.3721056018079217e-23
data entry 42400 [2.03674083e-25 1.28863030e-25 7.53461891e-26 ... 5.54532662e-25
 4.16679020e-25 2.99652068e-25]
finishing 42400
disp entry 43200 (-0.09425995765484863+0.0661156554360073j)
starting: 43200
some stuff:
tdelaylist (1+0j)
ESFGt (-2.384815705095137e-29-2.1607160013990073e-29j)
ESFGw (3.693023317707933e-12-2.8731704515561063e-13j)
intensity 1.3720972309571457e-23
data entry 43200 [2.03661389e-25 1.28864552e-25 7.53405848e-26 ... 5.54487844e-25
 4.16644902e-25 2.99646792e-25]
finishing 43200
disp entry 44000 (-0.3445608292964949+0.1975795748026719j)
starting: 44000
some stuff:
tdelaylist (1+0j)
ESFGt (2.9943501134654383e-30-3.9271912843796863e-29j)
ESFGw (3.693042399666169e-12-2.8731531043213465e-13j)
intensity 1.3721112253340765e-23
data entry 44000 [2.03664065e-25 1.28857196e-25 7.53445651e-26 ... 5.54505487e-25
 4.16656070e-25 2.99636867e-25]
finishing 44000
disp entry 44800 (-0.4888827781028081-0.045534520906651124j)
starting: 44800
some stuff:
tdelaylist (1+0j)
ESFGt (-3.05939192741621e-29+7.067487315787851e-30j)
ESFGw (3.693038930219217e-12-2.8732224932603856e-13j)
intensity 1.3721090615072475e-23
data entry 44800 [2.03677007e-25 1.28863030e-25 7.53456915e-26 ... 5.54530942e-25
 4.16665987e-25 2.99653592e-25]
finishing 44800
disp entry 45600 (-0.25361539080227835-0.20232273765968942j)
starting: 45600
some stuff:
tdelaylist (1+0j)
ESFGt (-2.1185339226451735e-29+4.3274365407894726e-29j)
ESFGw (3.693026787154885e-12-2.873274534964665e-13j)
intensity 1.37210039161763e-23
data entry 45600 [2.03670847e-25 1.28865233e-25 7.53360790e-26 ... 5.54559128e-25
 4.16643628e-25 2.99642298e-25]
finishing 45600
disp entry 46400 (-0.08478650724202158+0.024459308621781518j)
starting: 46400
some stuff:
tdelaylist (1+0j)
ESFGt (1.868820253468355e-29-3.611717640031427e-29j)
ESFGw (3.693026787154885e-12-2.873187798790866e-13j)
intensity 1.3720998931914742e-23
data entry 46400 [2.03672030e-25 1.28851839e-25 7.53358443e-26 ... 5.54523617e-25
 4.16641808e-25 2.99630106e-25]
finishing 46400
disp entry 47200 (-0.3024676133266657+0.20487057349617535j)
starting: 47200
some stuff:
tdelaylist (1+0j)
ESFGt (-3.3166146168902623e-29-7.071048631088921e-29j)
ESFGw (3.693026787154885e-12-2.873274534964665e-13j)
intensity 1.37210039161763e-23
data entry 47200 [2.03674642e-25 1.28853313e-25 7.53379657e-26 ... 5.54493975e-25
 4.16659141e-25 2.99648355e-25]
finishing 47200
disp entry 48000 (-0.4939715336831175-0.0031186976884791016j)
starting: 48000
some stuff:
tdelaylist (1+0j)
ESFGt (1.1677229225701312e-29-3.005417590261481e-29j)
ESFGw (3.693028521878361e-12-2.873274534964665e-13j)
intensity 1.3721016728939836e-23
data entry 48000 [2.03654359e-25 1.28852837e-25 7.53297148e-26 ... 5.54485862e-25
 4.16640557e-25 2.99619477e-25]
finishing 48000
disp entry 48800 (-0.2962386836451342-0.2051954367151953j)
starting: 48800
some stuff:
tdelaylist (1+0j)
ESFGt (-1.8716941020572453e-29+4.7187876119748356e-29j)
ESFGw (3.693047603836597e-12-2.8730837153823074e-13j)
intensity 1.3721146704559178e-23
data entry 48800 [2.03670224e-25 1.28859511e-25 7.53433353e-26 ... 5.54503019e-25
 4.16648609e-25 2.99652107e-25]
finishing 48800
disp entry 49600 (-0.08413766264420536-0.01825575304643144j)
starting: 49600
some stuff:
tdelaylist (1+0j)
ESFGt (-1.838941105477233e-29-3.2939721506651754e-30j)
ESFGw (3.693044134389645e-12-2.8731531043213465e-13j)
intensity 1.372112506615847e-23
data entry 49600 [2.03664936e-25 1.28853994e-25 7.53399558e-26 ... 5.54493975e-25
 4.16648587e-25 2.99628543e-25]
finishing 49600
disp entry 50400 (-0.25977673273862095+0.20329380234960573j)
starting: 50400
some stuff:
tdelaylist (1+0j)
ESFGt (-1.4217788114551584e-29-6.190003390006368e-29j)
ESFGw (3.693040664942693e-12-2.8731704515561063e-13j)
intensity 1.3721100437357318e-23
data entry 50400 [2.03669354e-25 1.28858036e-25 7.53479446e-26 ... 5.54515544e-25
 4.16667852e-25 2.99640658e-25]
finishing 50400
disp entry 51200 (-0.49017342693266497+0.03943211755333818j)
starting: 51200
some stuff:
tdelaylist (1+0j)
ESFGt (1.1089537721702623e-29+4.449143727602424e-29j)
ESFGw (3.693042399666169e-12-2.8731704515561063e-13j)
intensity 1.3721113250169002e-23
data entry 51200 [2.03664936e-25 1.28852996e-25 7.53415798e-26 ... 5.54488330e-25
 4.16651111e-25 2.99621744e-25]
finishing 51200
disp entry 52000 (-0.3385339294816315-0.19918630431012985j)
starting: 52000
some stuff:
tdelaylist (1+0j)
ESFGt (1.3962841633530555e-31+7.142243640748734e-29j)
ESFGw (3.693040664942693e-12-2.8732224932603856e-13j)
intensity 1.372110342787814e-23
data entry 52000 [2.03662260e-25 1.28863711e-25 7.53451940e-26 ... 5.54512853e-25
 4.16654819e-25 2.99636945e-25]
finishing 52000
disp entry 52800 (-0.09234150893217033-0.06018061916088426j)
starting: 52800
some stuff:
tdelaylist (1+0j)
ESFGt (2.002492731450643e-29+4.636355854332462e-30j)
ESFGw (3.693038930219217e-12-2.8730837153823074e-13j)
intensity 1.3721082640470647e-23
data entry 52800 [2.03664377e-25 1.28862713e-25 7.53337228e-26 ... 5.54516738e-25
 4.16653568e-25 2.99651287e-25]
finishing 52800
disp entry 53600 (-0.21833605126830066+0.19291751149464198j)
starting: 53600
some stuff:
tdelaylist (1+0j)
ESFGt (1.44695944269836e-29+6.048050917895984e-29j)
ESFGw (3.693030256601837e-12-2.873118409851827e-13j)
intensity 1.3721020570146924e-23
data entry 53600 [2.03665807e-25 1.28858354e-25 7.53415798e-26 ... 5.54510384e-25
 4.16655455e-25 2.99631630e-25]
finishing 53600
disp entry 54400 (-0.4776528579208011+0.08027612377519103j)
starting: 54400
some stuff:
tdelaylist (1+0j)
ESFGt (-1.847109907243696e-29-6.519220199603877e-30j)
ESFGw (3.693025052431409e-12-2.873049020912788e-13j)
intensity 1.3720978144651688e-23
data entry 54400 [2.03667053e-25 1.28855357e-25 7.53423122e-26 ... 5.54523131e-25
 4.16667283e-25 2.99655975e-25]
finishing 54400
disp entry 55200 (-0.378670389523831-0.18455544418802738j)
starting: 55200
some stuff:
tdelaylist (1+0j)
ESFGt (-4.037332208633654e-29+2.063619942326171e-29j)
ESFGw (3.693038930219217e-12-2.8731704515561063e-13j)
intensity 1.3721087624551646e-23
data entry 55200 [2.03663442e-25 1.28856832e-25 7.53348214e-26 ... 5.54522383e-25
 4.16649837e-25 2.99637687e-25]
finishing 55200
disp entry 56000 (-0.10904294473902171-0.09950058272420632j)
starting: 56000
some stuff:
tdelaylist (1+0j)
ESFGt (-5.44782085764295e-30+1.1793702848353668e-29j)
ESFGw (3.693042399666169e-12-2.873118409851827e-13j)
intensity 1.3721110259702352e-23
data entry 56000 [2.03658713e-25 1.28858354e-25 7.53400872e-26 ... 5.54506459e-25
 4.16637396e-25 2.99630067e-25]
finishing 56000
disp entry 56800 (-0.17993931810585606+0.17419083599995314j)
starting: 56800
some stuff:
tdelaylist (1+0j)
ESFGt (-6.035275081053959e-29+2.3329940460430913e-29j)
ESFGw (3.693033726048789e-12-2.8731531043213465e-13j)
intensity 1.3721048189342512e-23
data entry 56800 [2.03667612e-25 1.28864552e-25 7.53516903e-26 ... 5.54500328e-25
 4.16672811e-25 2.99655820e-25]
finishing 56800
disp entry 57600 (-0.45695177624218736+0.11764539872088291j)
starting: 57600
some stuff:
tdelaylist (1+0j)
ESFGt (3.018323577838029e-29-6.66044096879867e-29j)
ESFGw (3.693028521878361e-12-2.8731531043213465e-13j)
intensity 1.3721009751015788e-23
data entry 57600 [2.03658465e-25 1.28853836e-25 7.53382005e-26 ... 5.54494723e-25
 4.16649246e-25 2.99643783e-25]
finishing 57600
disp entry 58400 (-0.4149107674691098-0.16193614934900882j)
starting: 58400
some stuff:
tdelaylist (1+0j)
ESFGt (-1.3619991496875938e-29+4.220799906254628e-29j)
ESFGw (3.693033726048789e-12-2.873187798790866e-13j)
intensity 1.3721050183005008e-23
data entry 58400 [2.03668171e-25 1.28867072e-25 7.53503011e-26 ... 5.54529262e-25
 4.16640535e-25 2.99635421e-25]
finishing 58400
disp entry 59200 (-0.13351905273111578-0.1345136892729075j)
starting: 59200
some stuff:
tdelaylist (1+0j)
ESFGt (5.392882502273089e-29+4.83605041451456e-29j)
ESFGw (3.693026787154885e-12-2.8731704515561063e-13j)
intensity 1.372099793508048e-23
data entry 59200 [2.03666989e-25 1.28873429e-25 7.53422088e-26 ... 5.54516252e-25
 4.16660414e-25 2.99651325e-25]
finishing 59200
disp entry 60000 (-0.1462485259254141+0.14792435517579497j)
starting: 60000
some stuff:
tdelaylist (1+0j)
ESFGt (-1.6702959966540264e-29-6.214236403531621e-29j)
ESFGw (3.693037195495741e-12-2.8732224932603856e-13j)
intensity 1.3721077802272818e-23
data entry 60000 [2.03670847e-25 1.28863711e-25 7.53463205e-26 ... 5.54500591e-25
 4.16649223e-25 2.99645934e-25]
finishing 60000
disp entry 60800 (-0.4289662228686123+0.14992242297972885j)
starting: 60800
some stuff:
tdelaylist (1+0j)
ESFGt (-2.3276688497468606e-29+4.5303768947809704e-29j)
ESFGw (3.693030256601837e-12-2.873205146025626e-13j)
intensity 1.372102555428811e-23
data entry 60800 [2.03669913e-25 1.28852996e-25 7.53410823e-26 ... 5.54519915e-25
 4.16625023e-25 2.99644564e-25]
finishing 60800
disp entry 61600 (-0.44568640792176867-0.1323074901258889j)
starting: 61600
some stuff:
tdelaylist (1+0j)
ESFGt (1.4835825052236524e-29-3.3201574252082734e-29j)
ESFGw (3.693045869113121e-12-2.873205146025626e-13j)
intensity 1.3721140869484967e-23
data entry 61600 [2.03653425e-25 1.28858512e-25 7.53404533e-26 ... 5.54521149e-25
 4.16634303e-25 2.99638391e-25]
finishing 61600
disp entry 62400 (-0.1647103908980596-0.16370440553658375j)
starting: 62400
some stuff:
tdelaylist (1+0j)
ESFGt (3.866450613662528e-29+4.4742202382580074e-29j)
ESFGw (3.693042399666169e-12-2.8732398404951454e-13j)
intensity 1.372111723754214e-23
data entry 62400 [2.03672278e-25 1.28858354e-25 7.53439362e-26 ... 5.54528999e-25
 4.16641786e-25 2.99649059e-25]
finishing 62400
disp entry 63200 (-0.11872197196160783+0.1152550068580099j)
starting: 63200
some stuff:
tdelaylist (1+0j)
ESFGt (-2.010229553149111e-29-2.334436687942059e-29j)
ESFGw (3.693031991325313e-12-2.873118409851827e-13j)
intensity 1.3721033382922504e-23
data entry 63200 [2.03664065e-25 1.28854312e-25 7.53405848e-26 ... 5.54518458e-25
 4.16653568e-25 2.99646753e-25]
finishing 63200
disp entry 64000 (-0.3949075452470487+0.17571009389630268j)
starting: 64000
some stuff:
tdelaylist (1+0j)
ESFGt (4.3913999844346646e-29-2.119513137651273e-29j)
ESFGw (3.693044134389645e-12-2.873205146025626e-13j)
intensity 1.3721128056661242e-23
data entry 64000 [2.03665248e-25 1.28865074e-25 7.53419460e-26 ... 5.54510870e-25
 4.16684024e-25 2.99645307e-25]
finishing 64000
Top-level running in PID 100315 (name=__main__)
Running interfere() with b=754.5454545454545, sigma_s=11.0
MID-level running in PID 100315 (name=__main__)
E1_shared element:  0j
E1 element:  (2.3112954729001302e-10-3.02477669147611e-10j)
this thing psm_fc0d5cd5
ill try to just make an array with this now
testfreq element:  0.0
did it
disp entry 0 (-0.08332452033614668+0j)
starting: 0
some stuff:
tdelaylist (1+0j)
ESFGt (1.363385367857722e-33-8.188963845568384e-34j)
ESFGw (-1.3462165410205174e-12+2.4555704691842095e-13j)
intensity 1.8725972386085422e-24
data entry 0 [1.84063480e-24 1.81598859e-24 1.79014944e-24 ... 1.90702490e-24
 1.88618608e-24 1.86404477e-24]
finishing 0
disp entry 800 (-0.27796535717647075+0.2050566582042932j)
starting: 800
some stuff:
tdelaylist (1+0j)
ESFGt (2.117507311706849e-31+4.0585211996038364e-32j)
ESFGw (-5.68446331672412e-12-2.272577959150368e-12j)
intensity 3.7477733779598234e-23
data entry 800 [6.50333574e-23 6.37697479e-23 6.24767433e-23 ... 6.86328049e-23
 6.74668349e-23 6.62665295e-23]
finishing 800
disp entry 1600 (-0.4928812110671021+0.021359994690023542j)
starting: 1600
some stuff:
tdelaylist (1+0j)
ESFGt (-1.3853680526135794e-31-8.161278602617817e-32j)
ESFGw (-6.486170975317229e-12+1.0865613964128329e-12j)
intensity 4.325102958922226e-23
data entry 1600 [4.20705228e-23 4.15045899e-23 4.09113458e-23 ... 4.35951734e-23
 4.31165110e-23 4.26080246e-23]
finishing 1600
disp entry 2400 (-0.32062736491562593-0.20283166645248532j)
starting: 2400
some stuff:
tdelaylist (1+0j)
ESFGt (4.196345561249048e-32-1.753122870861553e-32j)
ESFGw (-6.4861518933589934e-12+1.0865700700302128e-12j)
intensity 4.325080090080992e-23
data entry 2400 [4.20703892e-23 4.15043862e-23 4.09109945e-23 ... 4.35951456e-23
 4.31166239e-23 4.26079986e-23]
finishing 2400
disp entry 3200 (-0.08776846410639105-0.04248822020746742j)
starting: 3200
some stuff:
tdelaylist (1+0j)
ESFGt (-1.0908429589190078e-30-1.5420815740414764e-30j)
ESFGw (-6.486158832252897e-12+1.0865622637745709e-12j)
intensity 4.325087395027119e-23
data entry 3200 [4.20705208e-23 4.15045252e-23 4.09111389e-23 ... 4.35950928e-23
 4.31166129e-23 4.26079459e-23]
finishing 3200
disp entry 4000 (-0.23576625864575806+0.19840582548751706j)
starting: 4000
some stuff:
tdelaylist (1+0j)
ESFGt (4.346545527419717e-31+8.133593359667251e-32j)
ESFGw (-6.486157097529421e-12+1.086558794327619e-12j)
intensity 4.325084390736197e-23
data entry 4000 [4.20705826e-23 4.15046375e-23 4.09111484e-23 ... 4.35950927e-23
 4.31166653e-23 4.26081824e-23]
finishing 4000
disp entry 4800 (-0.4840415430690601+0.06315542221883048j)
starting: 4800
some stuff:
tdelaylist (1+0j)
ESFGt (-5.57991557770361e-31-6.152142466101977e-32j)
ESFGw (-6.486176179487657e-12+1.0865744068389027e-12j)
intensity 4.325112537295041e-23
data entry 4800 [4.20705633e-23 4.15045491e-23 4.09112076e-23 ... 4.35951734e-23
 4.31164744e-23 4.26083001e-23]
finishing 4800
disp entry 5600 (-0.3619056678810876-0.1918271584251852j)
starting: 5600
some stuff:
tdelaylist (1+0j)
ESFGt (1.1602494116062473e-30-9.420505767037878e-32j)
ESFGw (-6.486157097529421e-12+1.0865613964128329e-12j)
intensity 4.325084956200591e-23
data entry 5600 [4.20704874e-23 4.15047527e-23 4.09112984e-23 ... 4.35951151e-23
 4.31167173e-23 4.26080268e-23]
finishing 5600
disp entry 6400 (-0.10090794045923898-0.08313734878120543j)
starting: 6400
some stuff:
tdelaylist (1+0j)
ESFGt (-1.7834487443218067e-30+1.26602509527064e-30j)
ESFGw (-6.486169240593753e-12+1.0865657332215228e-12j)
intensity 4.3251016510235765e-23
data entry 6400 [4.20704905e-23 4.15044649e-23 4.09112079e-23 ... 4.35949899e-23
 4.31166986e-23 4.26079474e-23]
finishing 6400
disp entry 7200 (-0.19585664640014067+0.18316704787788468j)
starting: 7200
some stuff:
tdelaylist (1+0j)
ESFGt (6.046178703341452e-31-1.9177071263043638e-31j)
ESFGw (-6.486158832252897e-12+1.086560529051095e-12j)
intensity 4.3250870180504047e-23
data entry 7200 [4.20703457e-23 4.15044161e-23 4.09111834e-23 ... 4.35949566e-23
 4.31164856e-23 4.26080501e-23]
finishing 7200
disp entry 8000 (-0.46674482981831067+0.10221718361476176j)
starting: 8000
some stuff:
tdelaylist (1+0j)
ESFGt (2.8800627222265154e-31-4.011335915966349e-31j)
ESFGw (-6.4861518933589934e-12+1.0865414470928592e-12j)
intensity 4.32507386999751e-23
data entry 8000 [4.20704004e-23 4.15045681e-23 4.09112239e-23 ... 4.35951678e-23
 4.31162975e-23 4.26079241e-23]
finishing 8000
disp entry 8800 (-0.4000135453943324-0.17251946140905j)
starting: 8800
some stuff:
tdelaylist (1+0j)
ESFGt (-7.769607646505754e-31-1.4024155418869445e-30j)
ESFGw (-6.4861484239120415e-12+1.086557059604143e-12j)
intensity 4.3250727620792267e-23
data entry 8800 [4.20704307e-23 4.15046547e-23 4.09111324e-23 ... 4.35950148e-23
 4.31165410e-23 4.26079609e-23]
finishing 8800
disp entry 9600 (-0.12217421055568767-0.12018789869367334j)
starting: 9600
some stuff:
tdelaylist (1+0j)
ESFGt (8.904612329512838e-31-7.776581619390312e-31j)
ESFGw (-6.486169240593753e-12+1.086550120710239e-12j)
intensity 4.325098258243999e-23
data entry 9600 [4.20705911e-23 4.15045618e-23 4.09113393e-23 ... 4.35951013e-23
 4.31166961e-23 4.26080811e-23]
finishing 9600
disp entry 10400 (-0.1599639976939711+0.15999993192688947j)
starting: 10400
some stuff:
tdelaylist (1+0j)
ESFGt (2.157248424719449e-30-1.720321876496208e-32j)
ESFGw (-6.486155362805945e-12+1.086559661689357e-12j)
intensity 4.3250823288866827e-23
data entry 10400 [4.20703843e-23 4.15043920e-23 4.09110707e-23 ... 4.35949429e-23
 4.31163091e-23 4.26080781e-23]
finishing 10400
disp entry 11200 (-0.44173975507885027+0.13685450062843046j)
starting: 11200
some stuff:
tdelaylist (1+0j)
ESFGt (-1.514628044537344e-30-2.3372288349715896e-31j)
ESFGw (-6.486160566976373e-12+1.0865666005832608e-12j)
intensity 4.325090587810234e-23
data entry 11200 [4.20704247e-23 4.15045186e-23 4.09111962e-23 ... 4.35949731e-23
 4.31164798e-23 4.26083126e-23]
finishing 11200
disp entry 12000 (-0.43330150782337373-0.14574430408077105j)
starting: 12000
some stuff:
tdelaylist (1+0j)
ESFGt (-1.5157670515435167e-32+9.779699224829943e-31j)
ESFGw (-6.4861501586355175e-12+1.086557926965881e-12j)
intensity 4.325075200901994e-23
data entry 12000 [4.20704742e-23 4.15044101e-23 4.09111376e-23 ... 4.35950817e-23
 4.31165051e-23 4.26082361e-23]
finishing 12000
disp entry 12800 (-0.15064676938931237-0.1520361464648941j)
starting: 12800
some stuff:
tdelaylist (1+0j)
ESFGt (-6.067491826515081e-31-8.699937133938622e-31j)
ESFGw (-6.486162301699849e-12+1.086560529051095e-12j)
intensity 4.325091518728408e-23
data entry 12800 [4.20706820e-23 4.15045930e-23 4.09113056e-23 ... 4.35949930e-23
 4.31165883e-23 4.26081963e-23]
finishing 12800
disp entry 13600 (-0.12964191655268456+0.12990726026263566j)
starting: 13600
some stuff:
tdelaylist (1+0j)
ESFGt (5.391783819425127e-31-4.935105204526149e-31j)
ESFGw (-6.486157097529421e-12+1.0865692026684748e-12j)
intensity 4.32508665260189e-23
data entry 13600 [4.20704325e-23 4.15046508e-23 4.09113351e-23 ... 4.35950871e-23
 4.31165657e-23 4.26079196e-23]
finishing 13600
disp entry 14400 (-0.41010865705005745+0.16556810594236218j)
starting: 14400
some stuff:
tdelaylist (1+0j)
ESFGt (2.3353187036712775e-30-1.426889898508353e-30j)
ESFGw (-6.486169240593753e-12+1.086559661689357e-12j)
intensity 4.325100331603503e-23
data entry 14400 [4.20706047e-23 4.15045387e-23 4.09111033e-23 ... 4.35951264e-23
 4.31166766e-23 4.26081131e-23]
finishing 14400
disp entry 15200 (-0.4603286943152921-0.11266064220723578j)
starting: 15200
some stuff:
tdelaylist (1+0j)
ESFGt (8.355037687452556e-31+4.059981445706202e-30j)
ESFGw (-6.486162301699849e-12+1.086558794327619e-12j)
intensity 4.3250911417522976e-23
data entry 15200 [4.20703556e-23 4.15044352e-23 4.09113190e-23 ... 4.35949565e-23
 4.31167152e-23 4.26080692e-23]
finishing 15200
disp entry 16000 (-0.18509318960763632-0.17730354891892558j)
starting: 16000
some stuff:
tdelaylist (1+0j)
ESFGt (4.289723070896448e-31+1.1930413781749781e-30j)
ESFGw (-6.4861449544650895e-12+1.0865639984980469e-12j)
intensity 4.325069769316501e-23
data entry 16000 [4.20704004e-23 4.15045372e-23 4.09111347e-23 ... 4.35950762e-23
 4.31165103e-23 4.26082771e-23]
finishing 16000
disp entry 16800 (-0.10620288642397324+0.09419158640287606j)
starting: 16800
some stuff:
tdelaylist (1+0j)
ESFGt (-9.683139416875997e-31+2.591308647517645e-31j)
ESFGw (-6.486165771146801e-12+1.086558794327619e-12j)
intensity 4.3250956424327074e-23
data entry 16800 [4.20704771e-23 4.15044408e-23 4.09112000e-23 ... 4.35952568e-23
 4.31165080e-23 4.26081974e-23]
finishing 16800
disp entry 17600 (-0.37322067963738087+0.18711513856946j)
starting: 17600
some stuff:
tdelaylist (1+0j)
ESFGt (1.8011334455728656e-30-1.0729935003797376e-30j)
ESFGw (-6.486160566976373e-12+1.086556192242405e-12j)
intensity 4.3250883259499595e-23
data entry 17600 [4.20704874e-23 4.15044556e-23 4.09111361e-23 ... 4.35951510e-23
 4.31165051e-23 4.26081189e-23]
finishing 17600
disp entry 18400 (-0.47992524008597015-0.074700493544606j)
starting: 18400
some stuff:
tdelaylist (1+0j)
ESFGt (2.4415224553584656e-31-5.475223229632935e-31j)
ESFGw (-6.486169240593753e-12+1.086554457518929e-12j)
intensity 4.3250992006778793e-23
data entry 18400 [4.20704247e-23 4.15044596e-23 4.09112559e-23 ... 4.35949232e-23
 4.31165109e-23 4.26079331e-23]
finishing 18400
disp entry 19200 (-0.22402246681164956-0.19489641306904357j)
starting: 19200
some stuff:
tdelaylist (1+0j)
ESFGt (5.989461571112017e-31-2.0749081487494338e-30j)
ESFGw (-6.486155362805945e-12+1.086548385986763e-12j)
intensity 4.3250798785546765e-23
data entry 19200 [4.20705206e-23 4.15045358e-23 4.09112988e-23 ... 4.35948509e-23
 4.31165882e-23 4.26081331e-23]
finishing 19200
disp entry 20000 (-0.09066145967086797+0.05439885406254672j)
starting: 20000
some stuff:
tdelaylist (1+0j)
ESFGt (-7.930738769743589e-31-2.6441836999713042e-30j)
ESFGw (-6.486162301699849e-12+1.086550120710239e-12j)
intensity 4.3250892568807716e-23
data entry 20000 [4.20703975e-23 4.15046304e-23 4.09112050e-23 ... 4.35950456e-23
 4.31163694e-23 4.26080530e-23]
finishing 20000
disp entry 20800 (-0.33267250941214777+0.2005629407697033j)
starting: 20800
some stuff:
tdelaylist (1+0j)
ESFGt (-5.5108228409487175e-31-1.1296241162249521e-30j)
ESFGw (-6.486164036423325e-12+1.0865666005832608e-12j)
intensity 4.325095088489438e-23
data entry 20800 [4.20706272e-23 4.15046118e-23 4.09112563e-23 ... 4.35950569e-23
 4.31165687e-23 4.26080106e-23]
finishing 20800
disp entry 21600 (-0.49124291371500883-0.03350695331973686j)
starting: 21600
some stuff:
tdelaylist (1+0j)
ESFGt (2.4276061068774988e-30+8.82822212382804e-31j)
ESFGw (-6.4861432197416136e-12+1.0865666005832608e-12j)
intensity 4.3250680844503163e-23
data entry 21600 [4.20704439e-23 4.15046203e-23 4.09111354e-23 ... 4.35949901e-23
 4.31164553e-23 4.26081428e-23]
finishing 21600
disp entry 22400 (-0.26574955729597927-0.20405323633608952j)
starting: 22400
some stuff:
tdelaylist (1+0j)
ESFGt (6.0440947869563145e-31-1.9965686913123294e-30j)
ESFGw (-6.486157097529421e-12+1.086552722795453e-12j)
intensity 4.3250830713245495e-23
data entry 22400 [4.20705775e-23 4.15045869e-23 4.09112527e-23 ... 4.35950595e-23
 4.31166375e-23 4.26083839e-23]
finishing 22400
disp entry 23200 (-0.08369034293483901+0.012251481379495556j)
starting: 23200
some stuff:
tdelaylist (1+0j)
ESFGt (-5.649444657961527e-31-8.785580831153092e-31j)
ESFGw (-6.4861518933589934e-12+1.0865622637745709e-12j)
intensity 4.325078393678338e-23
data entry 23200 [4.20705672e-23 4.15045581e-23 4.09112991e-23 ... 4.35949875e-23
 4.31164386e-23 4.26082016e-23]
finishing 23200
disp entry 24000 (-0.29021926344586946+0.20532942789944855j)
starting: 24000
some stuff:
tdelaylist (1+0j)
ESFGt (1.1053852346319004e-30-8.571057814105428e-30j)
ESFGw (-6.486160566976373e-12+1.0865657332215228e-12j)
intensity 4.3250903993210494e-23
data entry 24000 [4.20704932e-23 4.15045843e-23 4.09113004e-23 ... 4.35949177e-23
 4.31165711e-23 4.26079228e-23]
finishing 24000
disp entry 24800 (-0.4937918326235938+0.009136926722173132j)
starting: 24800
some stuff:
tdelaylist (1+0j)
ESFGt (-8.224248988635435e-30+9.481142467630695e-32j)
ESFGw (-6.4861484239120415e-12+1.0865683353067368e-12j)
intensity 4.325075212430792e-23
data entry 24800 [4.20705443e-23 4.15045107e-23 4.09111445e-23 ... 4.35949792e-23
 4.31165958e-23 4.26079526e-23]
finishing 24800
disp entry 25600 (-0.3084683147303033-0.2043776679908563j)
starting: 25600
some stuff:
tdelaylist (1+0j)
ESFGt (-1.9564627048532343e-30-4.909117939655458e-30j)
ESFGw (-6.486157097529421e-12+1.0865613964128329e-12j)
intensity 4.325084956200591e-23
data entry 25600 [4.20705723e-23 4.15045247e-23 4.09113402e-23 ... 4.35948927e-23
 4.31167372e-23 4.26081702e-23]
finishing 25600
disp entry 26400 (-0.08559127920263429-0.030426193509574158j)
starting: 26400
some stuff:
tdelaylist (1+0j)
ESFGt (5.7191542941517305e-31-2.851888473626007e-31j)
ESFGw (-6.4861518933589934e-12+1.086558794327619e-12j)
intensity 4.3250776397255144e-23
data entry 26400 [4.20704824e-23 4.15046714e-23 4.09111543e-23 ... 4.35951040e-23
 4.31167318e-23 4.26081864e-23]
finishing 26400
disp entry 27200 (-0.24769851952128205+0.20120828379483222j)
starting: 27200
some stuff:
tdelaylist (1+0j)
ESFGt (-2.51297746556077e-31+3.0411863223005054e-30j)
ESFGw (-6.486158832252897e-12+1.086556192242405e-12j)
intensity 4.325086075611258e-23
data entry 27200 [4.20704084e-23 4.15044270e-23 4.09110785e-23 ... 4.35950040e-23
 4.31163920e-23 4.26080643e-23]
finishing 27200
srun: Job step aborted: Waiting up to 62 seconds for job step to finish.
slurmstepd: error: *** STEP 29291709.16 ON gra97 CANCELLED AT 2025-07-08T00:29:14 DUE TO TIME LIMIT ***
slurmstepd: error: *** JOB 29291709 ON gra97 CANCELLED AT 2025-07-08T00:29:14 DUE TO TIME LIMIT ***
